{"Title":"Sing to Jehovah—Vocal Renditions, Disc 1","Tracks":[{"Title":"065-M ‘Njeeyi Nzila’","Url":"https://download-a.akamaihd.net/files/media_music/4f/iasnv1_CG_001.mp3"},{"Title":"063-M Katusyomeka Lyoonse","Url":"https://download-a.akamaihd.net/files/media_music/60/iasnv1_CG_002.mp3"},{"Title":"111-M Uya Kwiita","Url":"https://download-a.akamaihd.net/files/media_music/ae/iasnv1_CG_003.mp3"},{"Title":"110-M Milimo ya Leza Iigambya","Url":"https://download-a.akamaihd.net/files/media_music/1c/iasnv1_CG_004.mp3"},{"Title":"075-M Citupa Kukkomana","Url":"https://download-a.akamaihd.net/files/media_music/4f/iasnv1_CG_005.mp3"},{"Title":"087-M Lino Twaba Mubili Omwe","Url":"https://download-a.akamaihd.net/files/media_music/2b/iasnv1_CG_006.mp3"},{"Title":"036-M \"Aabo Leza Mbaakaswaanganya\"","Url":"https://download-a.akamaihd.net/files/media_music/66/iasnv1_CG_007.mp3"},{"Title":"045-M Amusumpuke!","Url":"https://download-a.akamaihd.net/files/media_music/a8/iasnv1_CG_008.mp3"},{"Title":"098-M Kusyanga Mbuto zya Bwami","Url":"https://download-a.akamaihd.net/files/media_music/ae/iasnv1_CG_009.mp3"},{"Title":"084-M “Ndayanda”","Url":"https://download-a.akamaihd.net/files/media_music/ad/iasnv1_CG_010.mp3"},{"Title":"092-M ‘Kokambauka Jwi’","Url":"https://download-a.akamaihd.net/files/media_music/19/iasnv1_CG_011.mp3"},{"Title":"109-M Amumutembaule Mwana  wa Jehova Mutaanzi Kuzyalwa!","Url":"https://download-a.akamaihd.net/files/media_music/e7/iasnv1_CG_012.mp3"},{"Title":"089-M Jehova Utulomba Kuti: “Songwaala, Mwanaangu”","Url":"https://download-a.akamaihd.net/files/media_music/92/iasnv1_CG_013.mp3"},{"Title":"101-M Kuzyibya Kasimpe ka Bwami","Url":"https://download-a.akamaihd.net/files/media_music/1e/iasnv1_CG_014.mp3"},{"Title":"091-M Ngu Taata, ngu  Leza Wangu, Mweenzuma","Url":"https://download-a.akamaihd.net/files/media_music/c6/iasnv1_CG_015.mp3"},{"Title":"090-M Kubota kwa Banakilisito Bacembeede","Url":"https://download-a.akamaihd.net/files/media_music/ee/iasnv1_CG_016.mp3"},{"Title":"134-M Amweezyeezye Kuti  Muli Munyika Mpya","Url":"https://download-a.akamaihd.net/files/media_music/a8/iasnv1_CG_017.mp3"}]}