{"Title":"Sing to Jehovah—Vocal Renditions, Disc 3","Tracks":[{"Title":"046-V Jehova on Kuninkaamme!","Url":"https://download-a.akamaihd.net/files/media_music/d3/iasnv3_FI_01.mp3"},{"Title":"103-V Huone huoneelta","Url":"https://download-a.akamaihd.net/files/media_music/af/iasnv3_FI_02.mp3"},{"Title":"077-V Ole anteeksiantavainen","Url":"https://download-a.akamaihd.net/files/media_music/48/iasnv3_FI_03.mp3"},{"Title":"062-V Oi, kelle kuulutkaan?","Url":"https://download-a.akamaihd.net/files/media_music/70/iasnv3_FI_04.mp3"},{"Title":"014-V Kaikki on tehty uudeksi","Url":"https://download-a.akamaihd.net/files/media_music/0a/iasnv3_FI_05.mp3"},{"Title":"114-V Jumalan oma kirja – aarre","Url":"https://download-a.akamaihd.net/files/media_music/00/iasnv3_FI_06.mp3"},{"Title":"120-V Kuule ja tottele niin saat siunauksen","Url":"https://download-a.akamaihd.net/files/media_music/22/iasnv3_FI_07.mp3"},{"Title":"096-V Etsikää arvollisia","Url":"https://download-a.akamaihd.net/files/media_music/77/iasnv3_FI_08.mp3"},{"Title":"054-V Tarvitsemme vahvan uskon","Url":"https://download-a.akamaihd.net/files/media_music/35/iasnv3_FI_09.mp3"},{"Title":"083-V Tarvitsemme itsehillintää","Url":"https://download-a.akamaihd.net/files/media_music/67/iasnv3_FI_10.mp3"},{"Title":"126-V Rakkauden työtä","Url":"https://download-a.akamaihd.net/files/media_music/77/iasnv3_FI_11.mp3"},{"Title":"125-V Alistu uskollisesti teokraattiseen järjestykseen","Url":"https://download-a.akamaihd.net/files/media_music/05/iasnv3_FI_12.mp3"},{"Title":"040-V Etsi ensin Valtakuntaa","Url":"https://download-a.akamaihd.net/files/media_music/b6/iasnv3_FI_13.mp3"},{"Title":"019-V Jumalan lupaus paratiisista","Url":"https://download-a.akamaihd.net/files/media_music/b6/iasnv3_FI_14.mp3"},{"Title":"056-V Kuule rukoukseni","Url":"https://download-a.akamaihd.net/files/media_music/6d/iasnv3_FI_15.mp3"},{"Title":"127-V Huone nimellesi","Url":"https://download-a.akamaihd.net/files/media_music/24/iasnv3_FI_16.mp3"},{"Title":"106-V Kuka saa olla Jehovan ystävä?","Url":"https://download-a.akamaihd.net/files/media_music/d0/iasnv3_FI_17.mp3"},{"Title":"133-V Etsi vapautuksen Jumalaa","Url":"https://download-a.akamaihd.net/files/media_music/be/iasnv3_FI_18.mp3"}]}