{"Title":"Sing to Jehovah—Vocal Renditions, Disc 2","Tracks":[{"Title":"074-V Ti Rag-o ni Jehova","Url":"https://download-a.akamaihd.net/files/media_music/5b/iasnv2_IL_01.mp3"},{"Title":"095-V “Nanamenyo ken Kitaenyo a ni Jehova Naimbag”","Url":"https://download-a.akamaihd.net/files/media_music/71/iasnv2_IL_02.mp3"},{"Title":"069-V Ipakaammom Kaniak Dagiti Dalanmo","Url":"https://download-a.akamaihd.net/files/media_music/f3/iasnv2_IL_03.mp3"},{"Title":"130-V Biag—Naisangsangayan a Sagut","Url":"https://download-a.akamaihd.net/files/media_music/40/iasnv2_IL_04.mp3"},{"Title":"060-V Papigsaennaka","Url":"https://download-a.akamaihd.net/files/media_music/d1/iasnv2_IL_05.mp3"},{"Title":"107-V Sumang-attayo iti Bantay ni Jehova","Url":"https://download-a.akamaihd.net/files/media_music/35/iasnv2_IL_06.mp3"},{"Title":"088-V Annak—Sagut ti Dios","Url":"https://download-a.akamaihd.net/files/media_music/d2/iasnv2_IL_07.mp3"},{"Title":"081-V “Ikkannakami iti Ad-adu Pay a Pammati”","Url":"https://download-a.akamaihd.net/files/media_music/78/iasnv2_IL_08.mp3"},{"Title":"058-V Kararag ti Panagdedikarko","Url":"https://download-a.akamaihd.net/files/media_music/63/iasnv2_IL_09.mp3"},{"Title":"108-V Dayawentayo ni Jehova Gapu iti Pagarianna","Url":"https://download-a.akamaihd.net/files/media_music/8b/iasnv2_IL_10.mp3"},{"Title":"116-V Rumanraniag ti Lawag","Url":"https://download-a.akamaihd.net/files/media_music/81/iasnv2_IL_11.mp3"},{"Title":"123-V Papastor—Sagut a Tattao","Url":"https://download-a.akamaihd.net/files/media_music/9f/iasnv2_IL_12.mp3"},{"Title":"124-V Managpadagustayo Koma","Url":"https://download-a.akamaihd.net/files/media_music/3f/iasnv2_IL_13.mp3"},{"Title":"061-V No Ania a Kita ti Tao ti Rumbeng a Pagbalinak","Url":"https://download-a.akamaihd.net/files/media_music/db/iasnv2_IL_14.mp3"},{"Title":"064-V Ipapusom ti Kinapudno","Url":"https://download-a.akamaihd.net/files/media_music/75/iasnv2_IL_15.mp3"},{"Title":"008-V Ti Pangrabii ti Apo","Url":"https://download-a.akamaihd.net/files/media_music/81/iasnv2_IL_16.mp3"},{"Title":"068-V Kararag ti Napakumbaba","Url":"https://download-a.akamaihd.net/files/media_music/7e/iasnv2_IL_17.mp3"},{"Title":"057-V Ti Panagmennamenna ti Pusok","Url":"https://download-a.akamaihd.net/files/media_music/de/iasnv2_IL_18.mp3"},{"Title":"085-V Naan-anay a Gunggona a Naggapu ken Jehova","Url":"https://download-a.akamaihd.net/files/media_music/14/iasnv2_IL_19.mp3"}]}