{"Title":"Sing to Jehovah—Vocal Renditions, Disc 3","Tracks":[{"Title":"046-V Yehova azali Mokonzi na biso!","Url":"https://download-a.akamaihd.net/files/media_music/a3/iasnv3_LI_01.mp3"},{"Title":"014-V Biloko nyonso ekómi biloko ya sika","Url":"https://download-a.akamaihd.net/files/media_music/00/iasnv3_LI_05.mp3"},{"Title":"054-V Tosengeli kozala na kondima","Url":"https://download-a.akamaihd.net/files/media_music/8a/iasnv3_LI_09.mp3"},{"Title":"040-V Tókoba koluka liboso Bokonzi","Url":"https://download-a.akamaihd.net/files/media_music/fa/iasnv3_LI_13.mp3"}]}