{"Title":"Sing to Jehovah—Vocal Renditions, Disc 3","Tracks":[{"Title":"046 - (В) Иегова — наш Царь!","Url":"https://download-a.akamaihd.net/files/media_music/a7/iasnv3_U_001.mp3"},{"Title":"103 - (В) «По домам»","Url":"https://download-a.akamaihd.net/files/media_music/73/iasnv3_U_002.mp3"},{"Title":"077 - (В) Прощайте друг друга","Url":"https://download-a.akamaihd.net/files/media_music/e5/iasnv3_U_003.mp3"},{"Title":"062 - (В) Кому принадлежишь?","Url":"https://download-a.akamaihd.net/files/media_music/a5/iasnv3_U_004.mp3"},{"Title":"014 - (В) Творю всё новое","Url":"https://download-a.akamaihd.net/files/media_music/44/iasnv3_U_005.mp3"},{"Title":"114 - (В) Божье Слово — сокровище","Url":"https://download-a.akamaihd.net/files/media_music/c7/iasnv3_U_006.mp3"},{"Title":"120 - (В) Послушание приносит благословения","Url":"https://download-a.akamaihd.net/files/media_music/3c/iasnv3_U_007.mp3"},{"Title":"096 - (В) Отыскивайте достойных","Url":"https://download-a.akamaihd.net/files/media_music/fa/iasnv3_U_008.mp3"},{"Title":"054 - (В) Мы должны иметь веру","Url":"https://download-a.akamaihd.net/files/media_music/ee/iasnv3_U_009.mp3"},{"Title":"083 - (В) Нам нужно самообладание","Url":"https://download-a.akamaihd.net/files/media_music/3d/iasnv3_U_010.mp3"},{"Title":"126 - (В) Наш труд любви","Url":"https://download-a.akamaihd.net/files/media_music/16/iasnv3_U_011.mp3"},{"Title":"125 - (В) Верно следуем теократическому порядку","Url":"https://download-a.akamaihd.net/files/media_music/38/iasnv3_U_012.mp3"},{"Title":"040 - (В) Продолжайте искать прежде Царство","Url":"https://download-a.akamaihd.net/files/media_music/28/iasnv3_U_013.mp3"},{"Title":"019 - (В) Богом обещанный Рай","Url":"https://download-a.akamaihd.net/files/media_music/ac/iasnv3_U_014.mp3"},{"Title":"056 - (В) Услышь мою молитву","Url":"https://download-a.akamaihd.net/files/media_music/03/iasnv3_U_015.mp3"},{"Title":"127 - (В) Да пребудет здесь твоё имя!","Url":"https://download-a.akamaihd.net/files/media_music/c4/iasnv3_U_016.mp3"},{"Title":"106 - (В) Стань другом Иеговы","Url":"https://download-a.akamaihd.net/files/media_music/22/iasnv3_U_017.mp3"},{"Title":"133 - (В) Ищи Иегову, чтобы спастись","Url":"https://download-a.akamaihd.net/files/media_music/49/iasnv3_U_018.mp3"}]}