{"Title":"Sing to Jehovah—Vocal Renditions, Disc 1","Tracks":[{"Title":"065-M \"Iyi E Nshila\"","Url":"https://download-a.akamaihd.net/files/media_music/b5/iasnv1_CW_01.mp3"},{"Title":"063-M Tuleba Aba Cishinka Lyonse","Url":"https://download-a.akamaihd.net/files/media_music/5b/iasnv1_CW_02.mp3"},{"Title":"111-M Aketa","Url":"https://download-a.akamaihd.net/files/media_music/b4/iasnv1_CW_03.mp3"},{"Title":"110-M Ifipesha Amano Ifyo Lesa Acita","Url":"https://download-a.akamaihd.net/files/media_music/d0/iasnv1_CW_04.mp3"},{"Title":"075-M Ifilenga Tulesekelela","Url":"https://download-a.akamaihd.net/files/media_music/5a/iasnv1_CW_05.mp3"},{"Title":"087-M Nomba Twaba Umubili Umo","Url":"https://download-a.akamaihd.net/files/media_music/46/iasnv1_CW_06.mp3"},{"Title":"036-M \"Ico Lesa Alundenye\"","Url":"https://download-a.akamaihd.net/files/media_music/2d/iasnv1_CW_07.mp3"},{"Title":"045-M Twalilileni!","Url":"https://download-a.akamaihd.net/files/media_music/9b/iasnv1_CW_08.mp3"},{"Title":"098-M Ukutanda Imbuto sha Bufumu","Url":"https://download-a.akamaihd.net/files/media_music/89/iasnv1_CW_09.mp3"},{"Title":"084-M \"Ndefwaya\"","Url":"https://download-a.akamaihd.net/files/media_music/ed/iasnv1_CW_10.mp3"},{"Title":"092-M 'Bileni Icebo'","Url":"https://download-a.akamaihd.net/files/media_music/c0/iasnv1_CW_11.mp3"},{"Title":"109-M Awileni Ibeli lya kwa Yehova!","Url":"https://download-a.akamaihd.net/files/media_music/08/iasnv1_CW_12.mp3"},{"Title":"091-M Lesa Wandi, Mufyashi Wandi Kabili Munandi","Url":"https://download-a.akamaihd.net/files/media_music/4f/iasnv1_CW_13.mp3"},{"Title":"101-M Ukushimikila Icine pa Bufumu","Url":"https://download-a.akamaihd.net/files/media_music/50/iasnv1_CW_14.mp3"},{"Title":"089-M Yehova Aleti: “We Mwana Wandi, Ube na Mano”","Url":"https://download-a.akamaihd.net/files/media_music/8c/iasnv1_CW_15.mp3"},{"Title":"090-M Umutwe wa Mfwi Waliyemba","Url":"https://download-a.akamaihd.net/files/media_music/32/iasnv1_CW_16.mp3"},{"Title":"134-M Elenganyeni Ukuti E ko Muli Ilyo Fyonse Fyalengwa Ifipya","Url":"https://download-a.akamaihd.net/files/media_music/52/iasnv1_CW_17.mp3"}]}