{"Title":"Sing to Jehovah—Vocal Renditions, Disc 1","Tracks":[{"Title":"065-Φ «Αυτή Είναι η Οδός»","Url":"https://download-a.akamaihd.net/files/media_music/9a/iasnv1_G_001.mp3"},{"Title":"063-Φ Πάντα Όσιοι","Url":"https://download-a.akamaihd.net/files/media_music/71/iasnv1_G_002.mp3"},{"Title":"111-Φ Θα Καλέσει","Url":"https://download-a.akamaihd.net/files/media_music/8d/iasnv1_G_003.mp3"},{"Title":"110-Φ Τα Θαυμαστά Έργα του Θεού","Url":"https://download-a.akamaihd.net/files/media_music/ef/iasnv1_G_004.mp3"},{"Title":"075-Φ Λόγοι για να Χαιρόμαστε","Url":"https://download-a.akamaihd.net/files/media_music/b9/iasnv1_G_005.mp3"},{"Title":"087-Φ Τώρα Είμαστε Ένα","Url":"https://download-a.akamaihd.net/files/media_music/24/iasnv1_G_006.mp3"},{"Title":"036-Φ «Αυτό που ο Θεός Συνέζευξε»","Url":"https://download-a.akamaihd.net/files/media_music/68/iasnv1_G_007.mp3"},{"Title":"045-Φ Προχωρείτε!","Url":"https://download-a.akamaihd.net/files/media_music/de/iasnv1_G_008.mp3"},{"Title":"098-Φ Ας Σπέρνουμε το Σπόρο της Βασιλείας","Url":"https://download-a.akamaihd.net/files/media_music/5b/iasnv1_G_009.mp3"},{"Title":"084-Φ «Θέλω»","Url":"https://download-a.akamaihd.net/files/media_music/0f/iasnv1_G_010.mp3"},{"Title":"092-Φ «Κήρυξε το Λόγο»","Url":"https://download-a.akamaihd.net/files/media_music/99/iasnv1_G_011.mp3"},{"Title":"109-Φ Χαιρετίστε τον Πρωτότοκο του Ιεχωβά!","Url":"https://download-a.akamaihd.net/files/media_music/b2/iasnv1_G_012.mp3"},{"Title":"089-Φ Η Θερμή Έκκληση του Ιεχωβά: «Γίνε Σοφός, Γιε Μου»","Url":"https://download-a.akamaihd.net/files/media_music/2e/iasnv1_G_013.mp3"},{"Title":"101-Φ Κάνουμε Γνωστή την Αλήθεια της Βασιλείας","Url":"https://download-a.akamaihd.net/files/media_music/a9/iasnv1_G_014.mp3"},{"Title":"091-Φ Πατέρας μου, Θεός μου και Φίλος Μου","Url":"https://download-a.akamaihd.net/files/media_music/27/iasnv1_G_015.mp3"},{"Title":"090-Φ Η Ομορφιά των Γκρίζων Μαλλιών","Url":"https://download-a.akamaihd.net/files/media_music/94/iasnv1_G_016.mp3"},{"Title":"134-Φ Η Ζωή μας στο Νέο Κόσμο","Url":"https://download-a.akamaihd.net/files/media_music/33/iasnv1_G_017.mp3"}]}