{"Title":"Sing to Jehovah—Vocal Renditions, Disc 1","Tracks":[{"Title":"065-V »Ta je tista pot«","Url":"https://download-a.akamaihd.net/files/media_music/38/iasnv1_SV_001.mp3"},{"Title":"063-V Vedno zvesti in vdani","Url":"https://download-a.akamaihd.net/files/media_music/96/iasnv1_SV_002.mp3"},{"Title":"111-V Poklical bo","Url":"https://download-a.akamaihd.net/files/media_music/4f/iasnv1_SV_003.mp3"},{"Title":"110-V Božja čudovita dela","Url":"https://download-a.akamaihd.net/files/media_music/61/iasnv1_SV_004.mp3"},{"Title":"075-V Naši razlogi za radost","Url":"https://download-a.akamaihd.net/files/media_music/d9/iasnv1_SV_005.mp3"},{"Title":"087-V Zdaj eno sva","Url":"https://download-a.akamaihd.net/files/media_music/03/iasnv1_SV_006.mp3"},{"Title":"036-V »Kar je torej Bog združil«","Url":"https://download-a.akamaihd.net/files/media_music/aa/iasnv1_SV_007.mp3"},{"Title":"045-V Napreduj!","Url":"https://download-a.akamaihd.net/files/media_music/1f/iasnv1_SV_008.mp3"},{"Title":"098-V Sejmo seme Kraljestva","Url":"https://download-a.akamaihd.net/files/media_music/72/iasnv1_SV_009.mp3"},{"Title":"084-V »Hočem«","Url":"https://download-a.akamaihd.net/files/media_music/12/iasnv1_SV_010.mp3"},{"Title":"092-V Oznanjuj","Url":"https://download-a.akamaihd.net/files/media_music/76/iasnv1_SV_011.mp3"},{"Title":"109-V Živi naj Jehovov prvenec!","Url":"https://download-a.akamaihd.net/files/media_music/f3/iasnv1_SV_012.mp3"},{"Title":"089-V Jehovovo prijazno vabilo: »Bodi moder, moj sin!«","Url":"https://download-a.akamaihd.net/files/media_music/27/iasnv1_SV_013.mp3"},{"Title":"101-V Oznanjajmo resnico o Kraljestvu","Url":"https://download-a.akamaihd.net/files/media_music/62/iasnv1_SV_014.mp3"},{"Title":"091-V Moj Oče, moj Bog in moj prijatelj","Url":"https://download-a.akamaihd.net/files/media_music/00/iasnv1_SV_015.mp3"},{"Title":"090-V Prelepa je siva glava","Url":"https://download-a.akamaihd.net/files/media_music/d3/iasnv1_SV_016.mp3"},{"Title":"134-V Glej novi svet in sebe v njem","Url":"https://download-a.akamaihd.net/files/media_music/e2/iasnv1_SV_017.mp3"}]}