{"Title":"Sing to Jehovah—Vocal Renditions, Disc 4","Tracks":[{"Title":"102-K Makiawit ng Awit Tungkol sa Kaharian!","Url":"https://download-a.akamaihd.net/files/media_music/74/iasnv4_TG_01.mp3"},{"Title":"007-K Kristiyanong Pag-aalay","Url":"https://download-a.akamaihd.net/files/media_music/02/iasnv4_TG_02.mp3"},{"Title":"066-K Buong-Kaluluwang Maglingkod kay Jehova","Url":"https://download-a.akamaihd.net/files/media_music/c5/iasnv4_TG_03.mp3"},{"Title":"003-K Ang Diyos ay Pag-ibig","Url":"https://download-a.akamaihd.net/files/media_music/d1/iasnv4_TG_04.mp3"},{"Title":"119-K Halika at Guminhawa!","Url":"https://download-a.akamaihd.net/files/media_music/26/iasnv4_TG_05.mp3"},{"Title":"027-K Pumanig kay Jehova!","Url":"https://download-a.akamaihd.net/files/media_music/91/iasnv4_TG_06.mp3"},{"Title":"132-K Isang Awit ng Tagumpay","Url":"https://download-a.akamaihd.net/files/media_music/f0/iasnv4_TG_07.mp3"},{"Title":"012-K Ang Buhay na Walang Hanggan ay Ipinangako","Url":"https://download-a.akamaihd.net/files/media_music/86/iasnv4_TG_08.mp3"},{"Title":"004-K Gumawa ng Mabuting Pangalan sa Diyos","Url":"https://download-a.akamaihd.net/files/media_music/4b/iasnv4_TG_09.mp3"},{"Title":"059-K Sa Diyos Tayo Nakaalay!","Url":"https://download-a.akamaihd.net/files/media_music/b0/iasnv4_TG_10.mp3"},{"Title":"022-K  Si Jehova ang Aking Pastol","Url":"https://download-a.akamaihd.net/files/media_music/05/iasnv4_TG_11.mp3"},{"Title":"073-K Umibig Nang Masidhi Mula sa Puso","Url":"https://download-a.akamaihd.net/files/media_music/c9/iasnv4_TG_12.mp3"},{"Title":"097-K Humayo, mga Ministro ng Kaharian!","Url":"https://download-a.akamaihd.net/files/media_music/0d/iasnv4_TG_13.mp3"},{"Title":"029-K Lumalakad sa Katapatan","Url":"https://download-a.akamaihd.net/files/media_music/f5/iasnv4_TG_14.mp3"},{"Title":"070-K ‘Tiyakin ang mga Bagay na Higit na Mahalaga’","Url":"https://download-a.akamaihd.net/files/media_music/67/iasnv4_TG_15.mp3"},{"Title":"006-K Ang Panalangin ng Lingkod ng Diyos","Url":"https://download-a.akamaihd.net/files/media_music/ab/iasnv4_TG_16.mp3"},{"Title":"086-K Tapat na mga Kapatid na Babae","Url":"https://download-a.akamaihd.net/files/media_music/01/iasnv4_TG_17.mp3"},{"Title":"131-K Si Jehova, Tagapaglaan ng Pagtakas","Url":"https://download-a.akamaihd.net/files/media_music/37/iasnv4_TG_18.mp3"}]}