{"Title":"Sing to Jehovah—Vocal Renditions, Disc 6","Tracks":[{"Title":"030-K Namamahala Na si Jehova","Url":"https://download-a.akamaihd.net/files/media_music/c1/iasnv6_TG_01.mp3"},{"Title":"121-K Patibayin ang Isa’t Isa","Url":"https://download-a.akamaihd.net/files/media_music/dc/iasnv6_TG_02.mp3"},{"Title":"033-K Huwag Matakot sa Kanila!","Url":"https://download-a.akamaihd.net/files/media_music/44/iasnv6_TG_03.mp3"},{"Title":"025-K Katunayan ng Pagkaalagad","Url":"https://download-a.akamaihd.net/files/media_music/95/iasnv6_TG_04.mp3"},{"Title":"042-K “Tulungan Yaong Mahihina”","Url":"https://download-a.akamaihd.net/files/media_music/96/iasnv6_TG_05.mp3"},{"Title":"032-K Maging Matatag, Di-natitinag!","Url":"https://download-a.akamaihd.net/files/media_music/69/iasnv6_TG_06.mp3"},{"Title":"071-K Banal na Espiritu—Kaloob ng Diyos","Url":"https://download-a.akamaihd.net/files/media_music/33/iasnv6_TG_07.mp3"},{"Title":"093-K “Pasikatin Ninyo ang Inyong Liwanag”","Url":"https://download-a.akamaihd.net/files/media_music/71/iasnv6_TG_08.mp3"},{"Title":"105-K Kalangitan—Lumuluwalhati sa Diyos","Url":"https://download-a.akamaihd.net/files/media_music/fd/iasnv6_TG_09.mp3"},{"Title":"072-K Linangin ang Katangian ng Pag-ibig","Url":"https://download-a.akamaihd.net/files/media_music/d7/iasnv6_TG_10.mp3"},{"Title":"026-K O Lumakad na Kasama ng Diyos!","Url":"https://download-a.akamaihd.net/files/media_music/38/iasnv6_TG_11.mp3"},{"Title":"129-K Manghawakang Mahigpit sa Ating Pag-asa","Url":"https://download-a.akamaihd.net/files/media_music/3a/iasnv6_TG_12.mp3"},{"Title":"038-K Ihagis ang Iyong Pasanin kay Jehova","Url":"https://download-a.akamaihd.net/files/media_music/e0/iasnv6_TG_13.mp3"},{"Title":"135-K Magbata Hanggang sa Wakas","Url":"https://download-a.akamaihd.net/files/media_music/3d/iasnv6_TG_14.mp3"},{"Title":"044-K May-Kagalakang Nakikibahagi sa Pag-aani","Url":"https://download-a.akamaihd.net/files/media_music/91/iasnv6_TG_15.mp3"},{"Title":"080-K Ang Katangian ng Kabutihan","Url":"https://download-a.akamaihd.net/files/media_music/7e/iasnv6_TG_16.mp3"},{"Title":"037-K Ang Kasulatan—Kinasihan ng Diyos","Url":"https://download-a.akamaihd.net/files/media_music/23/iasnv6_TG_17.mp3"},{"Title":"049-K Si Jehova ang Ating Kanlungan","Url":"https://download-a.akamaihd.net/files/media_music/b3/iasnv6_TG_18.mp3"},{"Title":"020-K Pagpalain ang Aming Pagtitipong Sama-sama","Url":"https://download-a.akamaihd.net/files/media_music/43/iasnv6_TG_19.mp3"},{"Title":"034-K Pagiging Marapat sa Aming Pangalan","Url":"https://download-a.akamaihd.net/files/media_music/10/iasnv6_TG_20.mp3"},{"Title":"001-K Ang mga Katangian ni Jehova","Url":"https://download-a.akamaihd.net/files/media_music/fe/iasnv6_TG_21.mp3"}]}