{"Title":"Sing to Jehovah—Vocal Renditions, Disc 6","Tracks":[{"Title":"030-V Nangrugin ti Turay ni Jehova","Url":"https://download-a.akamaihd.net/files/media_music/09/iasnv6_IL_01.mp3"},{"Title":"121-V Agpipinnaregtatayo","Url":"https://download-a.akamaihd.net/files/media_music/1d/iasnv6_IL_02.mp3"},{"Title":"033-V Diyo Pagbutngan Ida!","Url":"https://download-a.akamaihd.net/files/media_music/f6/iasnv6_IL_03.mp3"},{"Title":"025-V Pakailasinan Dagiti Pudno nga Adalan","Url":"https://download-a.akamaihd.net/files/media_music/95/iasnv6_IL_04.mp3"},{"Title":"042-V “Badanganyo Dagidiay Nakapuy”","Url":"https://download-a.akamaihd.net/files/media_music/44/iasnv6_IL_05.mp3"},{"Title":"032-V Agtalinaed a Natibker, Di Magaraw!","Url":"https://download-a.akamaihd.net/files/media_music/a0/iasnv6_IL_06.mp3"},{"Title":"071-V  Ti Sagut ti Dios a Nasantuan nga Espiritu","Url":"https://download-a.akamaihd.net/files/media_music/46/iasnv6_IL_07.mp3"},{"Title":"093-V “Agsilnag Koma ti Silawyo”","Url":"https://download-a.akamaihd.net/files/media_music/09/iasnv6_IL_08.mp3"},{"Title":"105-V Ti Langlangit Ipaduyakyakda ti Dayag ti Dios","Url":"https://download-a.akamaihd.net/files/media_music/25/iasnv6_IL_09.mp3"},{"Title":"072-V Panangipakita iti Ayat","Url":"https://download-a.akamaihd.net/files/media_music/f8/iasnv6_IL_10.mp3"},{"Title":"026-V Makipagnaka iti Dios!","Url":"https://download-a.akamaihd.net/files/media_music/53/iasnv6_IL_11.mp3"},{"Title":"129-V Salimetmetantayo ti Namnamatayo","Url":"https://download-a.akamaihd.net/files/media_music/fb/iasnv6_IL_12.mp3"},{"Title":"038-V Iyallatiwmo ti Dadagsenmo ken Jehova","Url":"https://download-a.akamaihd.net/files/media_music/75/iasnv6_IL_13.mp3"},{"Title":"135-V Panagibtur Agingga iti Panungpalan","Url":"https://download-a.akamaihd.net/files/media_music/64/iasnv6_IL_14.mp3"},{"Title":"044-V Siraragsak a Makipagani","Url":"https://download-a.akamaihd.net/files/media_music/6a/iasnv6_IL_15.mp3"},{"Title":"080-V Ti Galad a Kinaimbag","Url":"https://download-a.akamaihd.net/files/media_music/96/iasnv6_IL_16.mp3"},{"Title":"037-V Ti Kasuratan—Impaltiing ti Dios","Url":"https://download-a.akamaihd.net/files/media_music/41/iasnv6_IL_17.mp3"},{"Title":"049-V Ni Jehova ti Kamangtayo","Url":"https://download-a.akamaihd.net/files/media_music/95/iasnv6_IL_18.mp3"},{"Title":"020-V Bendisionam ti Panaggigimongmi","Url":"https://download-a.akamaihd.net/files/media_music/15/iasnv6_IL_19.mp3"},{"Title":"034-V Takderanmi ti Naganmi","Url":"https://download-a.akamaihd.net/files/media_music/d2/iasnv6_IL_20.mp3"},{"Title":"001-V Dagiti Galad ni Jehova","Url":"https://download-a.akamaihd.net/files/media_music/52/iasnv6_IL_21.mp3"}]}