{"Title":"Sing to Jehovah—Vocal Renditions, Disc 1","Tracks":[{"Title":"065-V “Tsela ke Eona Ena”","Url":"https://download-a.akamaihd.net/files/media_music/21/iasnv1_SU_001.mp3"},{"Title":"063-V Tšepahalang Kamehla","Url":"https://download-a.akamaihd.net/files/media_music/f7/iasnv1_SU_002.mp3"},{"Title":"111-V O Tla Hooa","Url":"https://download-a.akamaihd.net/files/media_music/dd/iasnv1_SU_003.mp3"},{"Title":"110-V Mesebetsi e Hlollang ea Molimo","Url":"https://download-a.akamaihd.net/files/media_music/d7/iasnv1_SU_004.mp3"},{"Title":"075-V Mabaka a Rōna a ho Thaba","Url":"https://download-a.akamaihd.net/files/media_music/d5/iasnv1_SU_005.mp3"},{"Title":"087-V Joale re Nama e le ’Ngoe","Url":"https://download-a.akamaihd.net/files/media_music/f8/iasnv1_SU_006.mp3"},{"Title":"036-V “Seo Molimo a se Kopantseng Hammoho”","Url":"https://download-a.akamaihd.net/files/media_music/d8/iasnv1_SU_007.mp3"},{"Title":"045-V Hatelang Pele!","Url":"https://download-a.akamaihd.net/files/media_music/1a/iasnv1_SU_008.mp3"},{"Title":"098-V Ho Jala Peō ea ’Muso","Url":"https://download-a.akamaihd.net/files/media_music/f9/iasnv1_SU_009.mp3"},{"Title":"084-V “Kea Batla”","Url":"https://download-a.akamaihd.net/files/media_music/88/iasnv1_SU_010.mp3"},{"Title":"092-V ‘Bolelang Lentsoe’","Url":"https://download-a.akamaihd.net/files/media_music/c5/iasnv1_SU_011.mp3"},{"Title":"109-V Rokang Letsibolo la Jehova!","Url":"https://download-a.akamaihd.net/files/media_music/53/iasnv1_SU_012.mp3"},{"Title":"089-V Jehova o Ipiletsa ka Mofuthu: “Mora oa ka, Hlalefa”","Url":"https://download-a.akamaihd.net/files/media_music/56/iasnv1_SU_013.mp3"},{"Title":"101-V Ho Tsebahatsa ’Nete ea ’Muso","Url":"https://download-a.akamaihd.net/files/media_music/96/iasnv1_SU_014.mp3"},{"Title":"091-V Ntate, Molimo oa ka, Motsoalle","Url":"https://download-a.akamaihd.net/files/media_music/60/iasnv1_SU_015.mp3"},{"Title":"090-V Botle ba ho ba Hlooho-putsoa","Url":"https://download-a.akamaihd.net/files/media_music/35/iasnv1_SU_016.mp3"},{"Title":"134-V Ipone U le Teng ha Tsohle li se li le Ncha","Url":"https://download-a.akamaihd.net/files/media_music/03/iasnv1_SU_017.mp3"}]}