{"Title":"Sing to Jehovah—Vocal Renditions, Disc 2","Tracks":[{"Title":"074-V Veselje, ki daje ga Jehova","Url":"https://download-a.akamaihd.net/files/media_music/7c/iasnv2_SV_01.mp3"},{"Title":"095-V »Okusite in spoznajte, da je Jehova dober«","Url":"https://download-a.akamaihd.net/files/media_music/c5/iasnv2_SV_02.mp3"},{"Title":"069-V Daj mi spoznati svoje poti","Url":"https://download-a.akamaihd.net/files/media_music/b4/iasnv2_SV_03.mp3"},{"Title":"130-V Čudež življenja","Url":"https://download-a.akamaihd.net/files/media_music/94/iasnv2_SV_04.mp3"},{"Title":"060-V Bog te bo okrepil","Url":"https://download-a.akamaihd.net/files/media_music/82/iasnv2_SV_05.mp3"},{"Title":"107-V Pridimo na Jehovovo goro","Url":"https://download-a.akamaihd.net/files/media_music/a1/iasnv2_SV_06.mp3"},{"Title":"088-V Otroke nam je zaupal Bog","Url":"https://download-a.akamaihd.net/files/media_music/95/iasnv2_SV_07.mp3"},{"Title":"081-V »Daj nam več vere«","Url":"https://download-a.akamaihd.net/files/media_music/81/iasnv2_SV_08.mp3"},{"Title":"058-V Moja posvetitvena molitev","Url":"https://download-a.akamaihd.net/files/media_music/09/iasnv2_SV_09.mp3"},{"Title":"108-V Vsa čast Jehovu za Kraljestvo","Url":"https://download-a.akamaihd.net/files/media_music/97/iasnv2_SV_10.mp3"},{"Title":"116-V Luč, ki sveti vse močneje","Url":"https://download-a.akamaihd.net/files/media_music/b2/iasnv2_SV_11.mp3"},{"Title":"123-V Pastirji – ljudje darovi","Url":"https://download-a.akamaihd.net/files/media_music/3d/iasnv2_SV_12.mp3"},{"Title":"124-V Gostoljubno jih sprejemajte","Url":"https://download-a.akamaihd.net/files/media_music/0c/iasnv2_SV_13.mp3"},{"Title":"061-V Kakšen bi moral biti","Url":"https://download-a.akamaihd.net/files/media_music/19/iasnv2_SV_14.mp3"},{"Title":"064-V Postani eno z resnico","Url":"https://download-a.akamaihd.net/files/media_music/4e/iasnv2_SV_15.mp3"},{"Title":"008-V Gospodova večerja","Url":"https://download-a.akamaihd.net/files/media_music/38/iasnv2_SV_16.mp3"},{"Title":"068-V Molitev ponižnega","Url":"https://download-a.akamaihd.net/files/media_music/9c/iasnv2_SV_17.mp3"},{"Title":"057-V Premišljevanje mojega srca","Url":"https://download-a.akamaihd.net/files/media_music/2a/iasnv2_SV_18.mp3"},{"Title":"085-V Popolno plačilo od Jehova","Url":"https://download-a.akamaihd.net/files/media_music/29/iasnv2_SV_19.mp3"}]}