{"Title":"Sing to Jehovah—Vocal Renditions, Disc 3","Tracks":[{"Title":"046-V 耶和華是我們的王！","Url":"https://download-a.akamaihd.net/files/media_music/dd/iasnv3_CH_01.mp3"},{"Title":"103-V “挨家逐户”","Url":"https://download-a.akamaihd.net/files/media_music/83/iasnv3_CH_02.mp3"},{"Title":"077-V 樂意寬恕","Url":"https://download-a.akamaihd.net/files/media_music/8e/iasnv3_CH_03.mp3"},{"Title":"062-V 我們屬於哪個神？","Url":"https://download-a.akamaihd.net/files/media_music/84/iasnv3_CH_04.mp3"},{"Title":"014-V 上帝更新一切","Url":"https://download-a.akamaihd.net/files/media_music/18/iasnv3_CH_05.mp3"},{"Title":"114-V 上帝賜給人寶貴的話語","Url":"https://download-a.akamaihd.net/files/media_music/df/iasnv3_CH_06.mp3"},{"Title":"120-V 聽從而蒙福","Url":"https://download-a.akamaihd.net/files/media_music/f6/iasnv3_CH_07.mp3"},{"Title":"096-V 找出配得的人","Url":"https://download-a.akamaihd.net/files/media_music/3f/iasnv3_CH_08.mp3"},{"Title":"054-V 我們必須有信心","Url":"https://download-a.akamaihd.net/files/media_music/3e/iasnv3_CH_09.mp3"},{"Title":"083-V 我們必須自制","Url":"https://download-a.akamaihd.net/files/media_music/18/iasnv3_CH_10.mp3"},{"Title":"126-V 出於愛心的辛勞","Url":"https://download-a.akamaihd.net/files/media_music/fe/iasnv3_CH_11.mp3"},{"Title":"125-V 忠心地順從上帝的安排","Url":"https://download-a.akamaihd.net/files/media_music/56/iasnv3_CH_12.mp3"},{"Title":"040-V 不斷先追求王國","Url":"https://download-a.akamaihd.net/files/media_music/b1/iasnv3_CH_13.mp3"},{"Title":"019-V 上帝應許的樂園","Url":"https://download-a.akamaihd.net/files/media_music/a1/iasnv3_CH_14.mp3"},{"Title":"056-V 願你傾聽我的禱告","Url":"https://download-a.akamaihd.net/files/media_music/2f/iasnv3_CH_15.mp3"},{"Title":"127-V 歸於你名下的地方","Url":"https://download-a.akamaihd.net/files/media_music/73/iasnv3_CH_16.mp3"},{"Title":"106-V 與耶和華締結友誼","Url":"https://download-a.akamaihd.net/files/media_music/5a/iasnv3_CH_17.mp3"},{"Title":"133-V 尋求上帝，必得拯救","Url":"https://download-a.akamaihd.net/files/media_music/95/iasnv3_CH_18.mp3"}]}