{"Title":"Sing to Jehovah—Vocal Renditions, Disc 2","Tracks":[{"Title":"074-V 耶和華所賜的喜樂","Url":"https://download-a.akamaihd.net/files/media_music/6d/iasnv2_CHC_01.mp3"},{"Title":"095-V 嘗嘗主恩就知道上帝良善","Url":"https://download-a.akamaihd.net/files/media_music/4e/iasnv2_CHC_02.mp3"},{"Title":"069-V 求你使我認識你的道","Url":"https://download-a.akamaihd.net/files/media_music/7c/iasnv2_CHC_03.mp3"},{"Title":"130-V 生命多麽奇妙","Url":"https://download-a.akamaihd.net/files/media_music/55/iasnv2_CHC_04.mp3"},{"Title":"060-V 他必使你堅定剛强","Url":"https://download-a.akamaihd.net/files/media_music/b4/iasnv2_CHC_05.mp3"},{"Title":"107-V 來登耶和華的聖山","Url":"https://download-a.akamaihd.net/files/media_music/a1/iasnv2_CHC_06.mp3"},{"Title":"088-V 兒女是上帝所託付的","Url":"https://download-a.akamaihd.net/files/media_music/0f/iasnv2_CHC_07.mp3"},{"Title":"081-V “求你加强我們的信心”","Url":"https://download-a.akamaihd.net/files/media_music/fc/iasnv2_CHC_08.mp3"},{"Title":"058-V 獻身的禱告","Url":"https://download-a.akamaihd.net/files/media_music/3d/iasnv2_CHC_09.mp3"},{"Title":"108-V 讚美耶和華，歌頌他的王國","Url":"https://download-a.akamaihd.net/files/media_music/21/iasnv2_CHC_10.mp3"},{"Title":"116-V 真理之光越照越亮","Url":"https://download-a.akamaihd.net/files/media_music/07/iasnv2_CHC_11.mp3"},{"Title":"123-V 上帝賜下仁愛的牧人","Url":"https://download-a.akamaihd.net/files/media_music/47/iasnv2_CHC_12.mp3"},{"Title":"124-V 好客之道","Url":"https://download-a.akamaihd.net/files/media_music/85/iasnv2_CHC_13.mp3"},{"Title":"061-V 我該做怎麽樣的人","Url":"https://download-a.akamaihd.net/files/media_music/6c/iasnv2_CHC_14.mp3"},{"Title":"064-V 讓真理常在你心裏","Url":"https://download-a.akamaihd.net/files/media_music/40/iasnv2_CHC_15.mp3"},{"Title":"008-V 主的晚餐","Url":"https://download-a.akamaihd.net/files/media_music/c6/iasnv2_CHC_16.mp3"},{"Title":"068-V 淒苦人的禱告","Url":"https://download-a.akamaihd.net/files/media_music/47/iasnv2_CHC_17.mp3"},{"Title":"057-V 我心裏沉思的事","Url":"https://download-a.akamaihd.net/files/media_music/17/iasnv2_CHC_18.mp3"},{"Title":"085-V 耶和華必予你十足賞賜","Url":"https://download-a.akamaihd.net/files/media_music/66/iasnv2_CHC_19.mp3"}]}