{"Title":"Sing to Jehovah—Vocal Renditions, Disc 1","Tracks":[{"Title":"065-S „Dette er vejen“","Url":"https://download-a.akamaihd.net/files/media_music/f7/iasnv1_D_01.mp3"},{"Title":"063-S Loyale i ét og alt","Url":"https://download-a.akamaihd.net/files/media_music/0c/iasnv1_D_02.mp3"},{"Title":"111-S Han vil kalde","Url":"https://download-a.akamaihd.net/files/media_music/3a/iasnv1_D_03.mp3"},{"Title":"110-S Guds underfulde værk","Url":"https://download-a.akamaihd.net/files/media_music/e7/iasnv1_D_04.mp3"},{"Title":"075-S Vore mange grunde til glæde","Url":"https://download-a.akamaihd.net/files/media_music/8d/iasnv1_D_05.mp3"},{"Title":"087-S Nu er vi ét","Url":"https://download-a.akamaihd.net/files/media_music/23/iasnv1_D_06.mp3"},{"Title":"036-S ’Hvad Gud har føjet sammen’","Url":"https://download-a.akamaihd.net/files/media_music/04/iasnv1_D_07.mp3"},{"Title":"045-S Gør fremskridt!","Url":"https://download-a.akamaihd.net/files/media_music/c5/iasnv1_D_08.mp3"},{"Title":"098-S Så Rigets sæd","Url":"https://download-a.akamaihd.net/files/media_music/67/iasnv1_D_09.mp3"},{"Title":"084-S ’Det vil jeg’","Url":"https://download-a.akamaihd.net/files/media_music/76/iasnv1_D_10.mp3"},{"Title":"092-S Tal Guds ord!","Url":"https://download-a.akamaihd.net/files/media_music/25/iasnv1_D_11.mp3"},{"Title":"109-S Hyld Jehovas førstefødte!","Url":"https://download-a.akamaihd.net/files/media_music/3a/iasnv1_D_12.mp3"},{"Title":"089-S Jehovas kærlige opfordring: „Vær vís, min søn“!","Url":"https://download-a.akamaihd.net/files/media_music/f0/iasnv1_D_13.mp3"},{"Title":"101-S Gør sandheden om Riget kendt","Url":"https://download-a.akamaihd.net/files/media_music/ca/iasnv1_D_14.mp3"},{"Title":"091-S Min Fader, min Gud, min Ven","Url":"https://download-a.akamaihd.net/files/media_music/e3/iasnv1_D_15.mp3"},{"Title":"090-S Skønheden i de grå hår","Url":"https://download-a.akamaihd.net/files/media_music/b0/iasnv1_D_16.mp3"},{"Title":"134-S Se det for dig — alt er nyt","Url":"https://download-a.akamaihd.net/files/media_music/d5/iasnv1_D_17.mp3"}]}