{"Title":"Sing to Jehovah—Vocal Renditions, Disc 3","Tracks":[{"Title":"046-V Si Jehova so Ari Tayo!","Url":"https://download-a.akamaihd.net/files/media_music/2e/iasnv3_PN_01.mp3"},{"Title":"103-V “Diad Kabkaabungan”","Url":"https://download-a.akamaihd.net/files/media_music/90/iasnv3_PN_02.mp3"},{"Title":"077-V Mamerdona","Url":"https://download-a.akamaihd.net/files/media_music/6e/iasnv3_PN_03.mp3"},{"Title":"062-V Siopay Akankien ed Sikatayo?","Url":"https://download-a.akamaihd.net/files/media_music/d7/iasnv3_PN_04.mp3"},{"Title":"014-V Amin a Bengatla so Nagawan Balo","Url":"https://download-a.akamaihd.net/files/media_music/f2/iasnv3_PN_05.mp3"},{"Title":"114-V Say Libro na Dios—Sakey a Kayamanan","Url":"https://download-a.akamaihd.net/files/media_music/ce/iasnv3_PN_06.mp3"},{"Title":"120-V Maliket Iray Mangiyaaplika ed Nadngel Da","Url":"https://download-a.akamaihd.net/files/media_music/80/iasnv3_PN_07.mp3"},{"Title":"096-V Anapen Iray Makanepegan","Url":"https://download-a.akamaihd.net/files/media_music/fc/iasnv3_PN_08.mp3"},{"Title":"054-V Nepeg a Malet so Pananisia Tayo","Url":"https://download-a.akamaihd.net/files/media_music/4a/iasnv3_PN_09.mp3"},{"Title":"083-V Kaukolan Tayoy Panangontrol ed Dili","Url":"https://download-a.akamaihd.net/files/media_music/91/iasnv3_PN_10.mp3"},{"Title":"126-V Say Maaron Sagpot Mi","Url":"https://download-a.akamaihd.net/files/media_music/aa/iasnv3_PN_11.mp3"},{"Title":"125-V Matoor a Manpasakop ed Uksoyan na Dios","Url":"https://download-a.akamaihd.net/files/media_music/1d/iasnv3_PN_12.mp3"},{"Title":"040-V Itultuloy ya Anapen Nin Unona so Panarian","Url":"https://download-a.akamaihd.net/files/media_music/4b/iasnv3_PN_13.mp3"},{"Title":"019-V Sipan na Dios a Paraiso","Url":"https://download-a.akamaihd.net/files/media_music/51/iasnv3_PN_14.mp3"},{"Title":"056-V Denglen Pay Pikakasik","Url":"https://download-a.akamaihd.net/files/media_music/77/iasnv3_PN_15.mp3"},{"Title":"127-V Sakey a Pasen a Mantasi ed Ngaran Mo","Url":"https://download-a.akamaihd.net/files/media_music/d6/iasnv3_PN_16.mp3"},{"Title":"106-V Pikakaaro ed si Jehova","Url":"https://download-a.akamaihd.net/files/media_music/16/iasnv3_PN_17.mp3"},{"Title":"133-V Anapey Dios Pian Nilaban Ka","Url":"https://download-a.akamaihd.net/files/media_music/42/iasnv3_PN_18.mp3"}]}