{"Title":"Sing to Jehovah—Vocal Renditions, Disc 3","Tracks":[{"Title":"046-V 耶和华是我们的王！","Url":"https://download-a.akamaihd.net/files/media_music/2c/iasnv3_CNS_001.mp3"},{"Title":"103-V “挨家逐户”","Url":"https://download-a.akamaihd.net/files/media_music/59/iasnv3_CNS_002.mp3"},{"Title":"077-V 乐意宽恕","Url":"https://download-a.akamaihd.net/files/media_music/9d/iasnv3_CNS_003.mp3"},{"Title":"062-V 我们属于哪个神？","Url":"https://download-a.akamaihd.net/files/media_music/d1/iasnv3_CNS_004.mp3"},{"Title":"014-V 上帝更新一切","Url":"https://download-a.akamaihd.net/files/media_music/bd/iasnv3_CNS_005.mp3"},{"Title":"114-V 上帝赐给人宝贵的话语","Url":"https://download-a.akamaihd.net/files/media_music/c7/iasnv3_CNS_006.mp3"},{"Title":"120-V 听从而蒙福","Url":"https://download-a.akamaihd.net/files/media_music/47/iasnv3_CNS_007.mp3"},{"Title":"096-V 找出配得的人","Url":"https://download-a.akamaihd.net/files/media_music/88/iasnv3_CNS_008.mp3"},{"Title":"054-V 我们必须有信心","Url":"https://download-a.akamaihd.net/files/media_music/6f/iasnv3_CNS_009.mp3"},{"Title":"083-V 我们必须自制","Url":"https://download-a.akamaihd.net/files/media_music/2a/iasnv3_CNS_010.mp3"},{"Title":"126-V 出于爱心的辛劳","Url":"https://download-a.akamaihd.net/files/media_music/c0/iasnv3_CNS_011.mp3"},{"Title":"125-V 忠心地顺从上帝的安排","Url":"https://download-a.akamaihd.net/files/media_music/28/iasnv3_CNS_012.mp3"},{"Title":"040-V 不断先追求王国","Url":"https://download-a.akamaihd.net/files/media_music/08/iasnv3_CNS_013.mp3"},{"Title":"019-V 上帝应许的乐园","Url":"https://download-a.akamaihd.net/files/media_music/cc/iasnv3_CNS_014.mp3"},{"Title":"056-V 愿你倾听我的祷告","Url":"https://download-a.akamaihd.net/files/media_music/c9/iasnv3_CNS_015.mp3"},{"Title":"127-V 归于你名下的地方","Url":"https://download-a.akamaihd.net/files/media_music/14/iasnv3_CNS_016.mp3"},{"Title":"106-V 与耶和华缔结友谊","Url":"https://download-a.akamaihd.net/files/media_music/cf/iasnv3_CNS_017.mp3"},{"Title":"133-V 寻求上帝，必得拯救","Url":"https://download-a.akamaihd.net/files/media_music/18/iasnv3_CNS_018.mp3"}]}