{"Title":"Sing to Jehovah—Vocal Renditions, Disc 4","Tracks":[{"Title":"102-G Duyog sa Awit sa Gingharian!","Url":"https://download-a.akamaihd.net/files/media_music/0b/iasnv4_CV_01.mp3"},{"Title":"007-G Kristohanong Pagpahinungod","Url":"https://download-a.akamaihd.net/files/media_music/33/iasnv4_CV_02.mp3"},{"Title":"066-G Tibuok-Kalag nga Pag-alagad Kang Jehova","Url":"https://download-a.akamaihd.net/files/media_music/ed/iasnv4_CV_03.mp3"},{"Title":"003-G Ang Diyos Gugma","Url":"https://download-a.akamaihd.net/files/media_music/16/iasnv4_CV_04.mp3"},{"Title":"119-G Umari Kamo! Aron Madasig Mo","Url":"https://download-a.akamaihd.net/files/media_music/26/iasnv4_CV_05.mp3"},{"Title":"027-G Dapig Kang Jehova!","Url":"https://download-a.akamaihd.net/files/media_music/d3/iasnv4_CV_06.mp3"},{"Title":"132-G Awit sa Kadaogan","Url":"https://download-a.akamaihd.net/files/media_music/0b/iasnv4_CV_07.mp3"},{"Title":"012-G Kinabuhing Dayon Gisaad","Url":"https://download-a.akamaihd.net/files/media_music/52/iasnv4_CV_08.mp3"},{"Title":"004-G Pagbaton ug Maayong Ngalan sa Diyos","Url":"https://download-a.akamaihd.net/files/media_music/97/iasnv4_CV_09.mp3"},{"Title":"059-G Sa Diyos Nagpahinungod Kita!","Url":"https://download-a.akamaihd.net/files/media_music/7f/iasnv4_CV_10.mp3"},{"Title":"022-G Magbalantay Ko si Jehova","Url":"https://download-a.akamaihd.net/files/media_music/07/iasnv4_CV_11.mp3"},{"Title":"073-G Kinasingkasing nga Maghigugmaay","Url":"https://download-a.akamaihd.net/files/media_music/a1/iasnv4_CV_12.mp3"},{"Title":"097-G Sulong, mga Ministro sa Gingharian!","Url":"https://download-a.akamaihd.net/files/media_music/cb/iasnv4_CV_13.mp3"},{"Title":"029-G Nagalakaw sa Pagkamatinumanon","Url":"https://download-a.akamaihd.net/files/media_music/94/iasnv4_CV_14.mp3"},{"Title":"070-G ‘Tinoa ang Mas Hinungdanong mga Butang’","Url":"https://download-a.akamaihd.net/files/media_music/d5/iasnv4_CV_15.mp3"},{"Title":"006-G Pag-ampo sa Alagad sa Diyos","Url":"https://download-a.akamaihd.net/files/media_music/aa/iasnv4_CV_16.mp3"},{"Title":"086-G Matinumanong Kababayen-an, Kristohanong mga Sister","Url":"https://download-a.akamaihd.net/files/media_music/60/iasnv4_CV_17.mp3"},{"Title":"131-G Si Jehova Motaganag Kaikyasan","Url":"https://download-a.akamaihd.net/files/media_music/58/iasnv4_CV_18.mp3"}]}