{"Title":"Sing to Jehovah—Vocal Renditions, Disc 2","Tracks":[{"Title":"074–В Јеховина радост","Url":"https://download-a.akamaihd.net/files/media_music/dd/iasnv2_SB_001.mp3"},{"Title":"095–В „Испитајте и видите да је Јехова добар“","Url":"https://download-a.akamaihd.net/files/media_music/40/iasnv2_SB_002.mp3"},{"Title":"069–В Дај да упознам путеве твоје","Url":"https://download-a.akamaihd.net/files/media_music/b6/iasnv2_SB_003.mp3"},{"Title":"130–В Чудесни дар живота","Url":"https://download-a.akamaihd.net/files/media_music/6d/iasnv2_SB_004.mp3"},{"Title":"060–В Бог ће те ојачати","Url":"https://download-a.akamaihd.net/files/media_music/a8/iasnv2_SB_005.mp3"},{"Title":"107–В Пођимо на Јеховину гору","Url":"https://download-a.akamaihd.net/files/media_music/25/iasnv2_SB_006.mp3"},{"Title":"088–В Деца су дар од Бога","Url":"https://download-a.akamaihd.net/files/media_music/a9/iasnv2_SB_007.mp3"},{"Title":"081–В „Дај нам више вере“","Url":"https://download-a.akamaihd.net/files/media_music/e0/iasnv2_SB_008.mp3"},{"Title":"058–В Моје предање Богу","Url":"https://download-a.akamaihd.net/files/media_music/c1/iasnv2_SB_009.mp3"},{"Title":"108–В Хвалимо Јехову због његовог Краљевства","Url":"https://download-a.akamaihd.net/files/media_music/5a/iasnv2_SB_010.mp3"},{"Title":"116–В Светлост све јаче сја","Url":"https://download-a.akamaihd.net/files/media_music/96/iasnv2_SB_011.mp3"},{"Title":"123–В Пастири су дар од Бога","Url":"https://download-a.akamaihd.net/files/media_music/f6/iasnv2_SB_012.mp3"},{"Title":"124–В Будимо гостољубиви","Url":"https://download-a.akamaihd.net/files/media_music/f1/iasnv2_SB_013.mp3"},{"Title":"061–В Каква особа треба да будем?","Url":"https://download-a.akamaihd.net/files/media_music/c0/iasnv2_SB_014.mp3"},{"Title":"064–В Живи с истином","Url":"https://download-a.akamaihd.net/files/media_music/0a/iasnv2_SB_015.mp3"},{"Title":"008–В Господова вечера","Url":"https://download-a.akamaihd.net/files/media_music/bd/iasnv2_SB_016.mp3"},{"Title":"068–В Молитва у тескоби","Url":"https://download-a.akamaihd.net/files/media_music/2a/iasnv2_SB_017.mp3"},{"Title":"057–В Размишљања мог срца","Url":"https://download-a.akamaihd.net/files/media_music/09/iasnv2_SB_018.mp3"},{"Title":"085–В Нек’ те Јехова награди","Url":"https://download-a.akamaihd.net/files/media_music/0c/iasnv2_SB_019.mp3"}]}