{"Title":"Sing to Jehovah—Vocal Renditions, Disc 5","Tracks":[{"Title":"118-V 互いを迎え入れなさい","Url":"https://download-a.akamaihd.net/files/media_music/38/iasnv5_J_01.mp3"},{"Title":"052-V あなたの心を守りなさい","Url":"https://download-a.akamaihd.net/files/media_music/99/iasnv5_J_02.mp3"},{"Title":"013-V 感謝の祈り","Url":"https://download-a.akamaihd.net/files/media_music/9a/iasnv5_J_03.mp3"},{"Title":"043-V 目ざめて，しっかり立ち，力強い者となりなさい","Url":"https://download-a.akamaihd.net/files/media_music/ed/iasnv5_J_04.mp3"},{"Title":"041-V 若い時にエホバを崇拝しなさい","Url":"https://download-a.akamaihd.net/files/media_music/1a/iasnv5_J_05.mp3"},{"Title":"018-V 神の忠節な愛","Url":"https://download-a.akamaihd.net/files/media_music/17/iasnv5_J_06.mp3"},{"Title":"010-V 「ここにわたしがおります！ わたしを遣わしてください」","Url":"https://download-a.akamaihd.net/files/media_music/50/iasnv5_J_07.mp3"},{"Title":"031-V わたしたちはエホバの証人","Url":"https://download-a.akamaihd.net/files/media_music/4e/iasnv5_J_08.mp3"},{"Title":"005-V キリスト―わたしたちの手本","Url":"https://download-a.akamaihd.net/files/media_music/fb/iasnv5_J_09.mp3"},{"Title":"016-V 神の王国へ逃れなさい！","Url":"https://download-a.akamaihd.net/files/media_music/d5/iasnv5_J_10.mp3"},{"Title":"053-V 一致して共に働く","Url":"https://download-a.akamaihd.net/files/media_music/7d/iasnv5_J_11.mp3"},{"Title":"021-V 憐れみ深い人は幸福","Url":"https://download-a.akamaihd.net/files/media_music/4e/iasnv5_J_12.mp3"},{"Title":"015-V 創造物はエホバの栄光を表わす","Url":"https://download-a.akamaihd.net/files/media_music/bf/iasnv5_J_13.mp3"},{"Title":"035-V 神の辛抱に対する感謝","Url":"https://download-a.akamaihd.net/files/media_music/87/iasnv5_J_14.mp3"},{"Title":"009-V わたしたちの神エホバを賛美しなさい！","Url":"https://download-a.akamaihd.net/files/media_music/49/iasnv5_J_15.mp3"},{"Title":"011-V エホバの心を喜ばせる","Url":"https://download-a.akamaihd.net/files/media_music/fe/iasnv5_J_16.mp3"},{"Title":"023-V エホバはわたしたちの力","Url":"https://download-a.akamaihd.net/files/media_music/75/iasnv5_J_17.mp3"},{"Title":"047-V 良いたよりを宣明しなさい","Url":"https://download-a.akamaihd.net/files/media_music/e3/iasnv5_J_18.mp3"},{"Title":"067-V 日ごとにエホバに祈りなさい","Url":"https://download-a.akamaihd.net/files/media_music/c0/iasnv5_J_19.mp3"},{"Title":"051-V エホバに固く付く","Url":"https://download-a.akamaihd.net/files/media_music/6c/iasnv5_J_20.mp3"},{"Title":"002-V エホバよ，わたしたちは感謝します","Url":"https://download-a.akamaihd.net/files/media_music/38/iasnv5_J_21.mp3"}]}