{"Title":"Sing to Jehovah—Vocal Renditions, Disc 3","Tracks":[{"Title":"046-V 耶和華是我們的王！","Url":"https://download-a.akamaihd.net/files/media_music/0c/iasnv3_CHC_001.mp3"},{"Title":"103-V “挨家逐户”","Url":"https://download-a.akamaihd.net/files/media_music/fc/iasnv3_CHC_002.mp3"},{"Title":"077-V 樂意寬恕","Url":"https://download-a.akamaihd.net/files/media_music/6c/iasnv3_CHC_003.mp3"},{"Title":"062-V 我們屬於哪個神？","Url":"https://download-a.akamaihd.net/files/media_music/45/iasnv3_CHC_004.mp3"},{"Title":"014-V 上帝更新一切","Url":"https://download-a.akamaihd.net/files/media_music/8c/iasnv3_CHC_005.mp3"},{"Title":"114-V 上帝賜給人寶貴的話語","Url":"https://download-a.akamaihd.net/files/media_music/2a/iasnv3_CHC_006.mp3"},{"Title":"120-V 聽從而蒙福","Url":"https://download-a.akamaihd.net/files/media_music/65/iasnv3_CHC_007.mp3"},{"Title":"096-V 找出配得的人","Url":"https://download-a.akamaihd.net/files/media_music/13/iasnv3_CHC_008.mp3"},{"Title":"054-V 我們必須有信心","Url":"https://download-a.akamaihd.net/files/media_music/f0/iasnv3_CHC_009.mp3"},{"Title":"083-V 我們必須自制","Url":"https://download-a.akamaihd.net/files/media_music/1a/iasnv3_CHC_010.mp3"},{"Title":"126-V 出於愛心的辛勞","Url":"https://download-a.akamaihd.net/files/media_music/d1/iasnv3_CHC_011.mp3"},{"Title":"125-V 忠心地順從上帝的安排","Url":"https://download-a.akamaihd.net/files/media_music/fa/iasnv3_CHC_012.mp3"},{"Title":"040-V 不斷先追求王國","Url":"https://download-a.akamaihd.net/files/media_music/90/iasnv3_CHC_013.mp3"},{"Title":"019-V 上帝應許的樂園","Url":"https://download-a.akamaihd.net/files/media_music/df/iasnv3_CHC_014.mp3"},{"Title":"056-V 願你傾聽我的禱告","Url":"https://download-a.akamaihd.net/files/media_music/d0/iasnv3_CHC_015.mp3"},{"Title":"127-V 歸於你名下的地方","Url":"https://download-a.akamaihd.net/files/media_music/0a/iasnv3_CHC_016.mp3"},{"Title":"106-V 與耶和華締結友誼","Url":"https://download-a.akamaihd.net/files/media_music/b6/iasnv3_CHC_017.mp3"},{"Title":"133-V 尋求上帝，必得拯救","Url":"https://download-a.akamaihd.net/files/media_music/56/iasnv3_CHC_018.mp3"}]}