{"Title":"Sing to Jehovah—Vocal Renditions, Disc 1","Tracks":[{"Title":"065-V ‘Usụn̄ Edi Emi’","Url":"https://download-a.akamaihd.net/files/media_music/3e/iasnv1_EF_001.mp3"},{"Title":"063-V Ẹka Iso Ẹsọn̄ọ Ẹda","Url":"https://download-a.akamaihd.net/files/media_music/5e/iasnv1_EF_002.mp3"},{"Title":"111-V “Enye Oyokot”","Url":"https://download-a.akamaihd.net/files/media_music/55/iasnv1_EF_003.mp3"},{"Title":"110-V Mme Utịbe Utom Abasi","Url":"https://download-a.akamaihd.net/files/media_music/f4/iasnv1_EF_004.mp3"},{"Title":"075-V Ntak Idatesịt Nnyịn","Url":"https://download-a.akamaihd.net/files/media_music/aa/iasnv1_EF_005.mp3"},{"Title":"087-V Idahaemi Nnyịn Idi Kiet","Url":"https://download-a.akamaihd.net/files/media_music/71/iasnv1_EF_006.mp3"},{"Title":"036-V “Se Abasi Ama Akadian”","Url":"https://download-a.akamaihd.net/files/media_music/bc/iasnv1_EF_007.mp3"},{"Title":"045-V Ka Iso Iso!","Url":"https://download-a.akamaihd.net/files/media_music/a7/iasnv1_EF_008.mp3"},{"Title":"098-V Ndisuan N̄kpasịp Obio Ubọn̄","Url":"https://download-a.akamaihd.net/files/media_music/b3/iasnv1_EF_009.mp3"},{"Title":"084-V “Mmama”","Url":"https://download-a.akamaihd.net/files/media_music/5b/iasnv1_EF_010.mp3"},{"Title":"092-V “Kwọrọ Ikọ”","Url":"https://download-a.akamaihd.net/files/media_music/a1/iasnv1_EF_011.mp3"},{"Title":"109-V Toro Akpan Jehovah!","Url":"https://download-a.akamaihd.net/files/media_music/b5/iasnv1_EF_012.mp3"},{"Title":"089-V Ima Ima N̄kpeubọk Jehovah: “Eyen Mi, Nyene Ibuot”","Url":"https://download-a.akamaihd.net/files/media_music/9b/iasnv1_EF_013.mp3"},{"Title":"101-V Ndinam Ẹfiọk Akpanikọ Obio Ubọn̄","Url":"https://download-a.akamaihd.net/files/media_music/4d/iasnv1_EF_014.mp3"},{"Title":"091-V Ete Mi, Abasi Mi ye Ufan Mi","Url":"https://download-a.akamaihd.net/files/media_music/3c/iasnv1_EF_015.mp3"},{"Title":"090-V Uyai Ibuot Iwat","Url":"https://download-a.akamaihd.net/files/media_music/ec/iasnv1_EF_016.mp3"},{"Title":"134-V “Kụt Idemfo ke Obufa Ererimbot”","Url":"https://download-a.akamaihd.net/files/media_music/06/iasnv1_EF_017.mp3"}]}