{"Title":"Sing to Jehovah—Vocal Renditions, Disc 2","Tracks":[{"Title":"074-V 耶和华所赐的喜乐","Url":"https://download-a.akamaihd.net/files/media_music/5c/iasnv2_CHS_01.mp3"},{"Title":"095-V 尝尝主恩就知道上帝良善","Url":"https://download-a.akamaihd.net/files/media_music/01/iasnv2_CHS_02.mp3"},{"Title":"069-V 求你使我认识你的道","Url":"https://download-a.akamaihd.net/files/media_music/8d/iasnv2_CHS_03.mp3"},{"Title":"130-V 生命多么奇妙","Url":"https://download-a.akamaihd.net/files/media_music/d1/iasnv2_CHS_04.mp3"},{"Title":"060-V 他必使你坚定刚强","Url":"https://download-a.akamaihd.net/files/media_music/e7/iasnv2_CHS_05.mp3"},{"Title":"107-V 来登耶和华的圣山","Url":"https://download-a.akamaihd.net/files/media_music/a0/iasnv2_CHS_06.mp3"},{"Title":"088-V 儿女是上帝所托付的","Url":"https://download-a.akamaihd.net/files/media_music/07/iasnv2_CHS_07.mp3"},{"Title":"081-V “求你加强我们的信心”","Url":"https://download-a.akamaihd.net/files/media_music/4c/iasnv2_CHS_08.mp3"},{"Title":"058-V 献身的祷告","Url":"https://download-a.akamaihd.net/files/media_music/f9/iasnv2_CHS_09.mp3"},{"Title":"108-V 赞美耶和华，歌颂他的王国","Url":"https://download-a.akamaihd.net/files/media_music/d7/iasnv2_CHS_10.mp3"},{"Title":"116-V 真理之光越照越亮","Url":"https://download-a.akamaihd.net/files/media_music/89/iasnv2_CHS_11.mp3"},{"Title":"123-V 上帝赐下仁爱的牧人","Url":"https://download-a.akamaihd.net/files/media_music/6a/iasnv2_CHS_12.mp3"},{"Title":"124-V 好客之道","Url":"https://download-a.akamaihd.net/files/media_music/67/iasnv2_CHS_13.mp3"},{"Title":"061-V 我该做怎么样的人","Url":"https://download-a.akamaihd.net/files/media_music/88/iasnv2_CHS_14.mp3"},{"Title":"064-V 让真理常在你心里","Url":"https://download-a.akamaihd.net/files/media_music/c9/iasnv2_CHS_15.mp3"},{"Title":"008-V 主的晚餐","Url":"https://download-a.akamaihd.net/files/media_music/98/iasnv2_CHS_16.mp3"},{"Title":"068-V 凄苦人的祷告","Url":"https://download-a.akamaihd.net/files/media_music/cc/iasnv2_CHS_17.mp3"},{"Title":"057-V 我心里沉思的事","Url":"https://download-a.akamaihd.net/files/media_music/8f/iasnv2_CHS_18.mp3"},{"Title":"085-V 耶和华必予你十足赏赐","Url":"https://download-a.akamaihd.net/files/media_music/e1/iasnv2_CHS_19.mp3"}]}