{"Title":"Sing to Jehovah—Vocal Renditions, Disc 2","Tracks":[{"Title":"074-V Bucuria lui Iehova","Url":"https://download-a.akamaihd.net/files/media_music/de/iasnv2_M_01.mp3"},{"Title":"095-V „Gustaţi şi vedeţi ce bun este Iehova!“","Url":"https://download-a.akamaihd.net/files/media_music/1e/iasnv2_M_02.mp3"},{"Title":"069-V Fă-mă să-ţi cunosc căile!","Url":"https://download-a.akamaihd.net/files/media_music/b8/iasnv2_M_03.mp3"},{"Title":"130-V Viaţa — miracol şi dar!","Url":"https://download-a.akamaihd.net/files/media_music/ee/iasnv2_M_04.mp3"},{"Title":"060-V Iehova te va întări","Url":"https://download-a.akamaihd.net/files/media_music/01/iasnv2_M_05.mp3"},{"Title":"107-V Veniţi la Muntele lui Iehova!","Url":"https://download-a.akamaihd.net/files/media_music/f8/iasnv2_M_06.mp3"},{"Title":"088-V Copiii — un dar încredinţat de Dumnezeu","Url":"https://download-a.akamaihd.net/files/media_music/8a/iasnv2_M_07.mp3"},{"Title":"081-V „Dă-ne mai multă credinţă“","Url":"https://download-a.akamaihd.net/files/media_music/1a/iasnv2_M_08.mp3"},{"Title":"058-V Rugăciunea mea de dedicare","Url":"https://download-a.akamaihd.net/files/media_music/23/iasnv2_M_09.mp3"},{"Title":"108-V Să-l lăudăm pe Iehova pentru Regatul său!","Url":"https://download-a.akamaihd.net/files/media_music/f5/iasnv2_M_10.mp3"},{"Title":"116-V Lumina străluceşte tot mai tare","Url":"https://download-a.akamaihd.net/files/media_music/ed/iasnv2_M_11.mp3"},{"Title":"123-V Păstorii — „oameni ca daruri“","Url":"https://download-a.akamaihd.net/files/media_music/34/iasnv2_M_12.mp3"},{"Title":"124-V Să fim ospitalieri","Url":"https://download-a.akamaihd.net/files/media_music/d5/iasnv2_M_13.mp3"},{"Title":"061-V ‘Ce fel de persoană trebuie să fiu’","Url":"https://download-a.akamaihd.net/files/media_music/0f/iasnv2_M_14.mp3"},{"Title":"064-V Trăiţi adevărul!","Url":"https://download-a.akamaihd.net/files/media_music/da/iasnv2_M_15.mp3"},{"Title":"008-V Cina Domnului","Url":"https://download-a.akamaihd.net/files/media_music/97/iasnv2_M_16.mp3"},{"Title":"068-V Rugăciunea celui mâhnit","Url":"https://download-a.akamaihd.net/files/media_music/e8/iasnv2_M_17.mp3"},{"Title":"057-V Cugetarea inimii mele","Url":"https://download-a.akamaihd.net/files/media_music/f9/iasnv2_M_18.mp3"},{"Title":"085-V Răsplăţi depline de la Iehova","Url":"https://download-a.akamaihd.net/files/media_music/a0/iasnv2_M_19.mp3"}]}