{"Title":"Sing to Jehovah—Vocal Renditions, Disc 3","Tracks":[{"Title":"046-V エホバはわたしたちの王！","Url":"https://download-a.akamaihd.net/files/media_music/e4/iasnv3_J_01.mp3"},{"Title":"103-V 「家から家に」","Url":"https://download-a.akamaihd.net/files/media_music/9f/iasnv3_J_02.mp3"},{"Title":"077-V 快く許しなさい","Url":"https://download-a.akamaihd.net/files/media_music/c7/iasnv3_J_03.mp3"},{"Title":"062-V わたしたちはだれのものですか","Url":"https://download-a.akamaihd.net/files/media_music/00/iasnv3_J_04.mp3"},{"Title":"014-V すべては新しくされる","Url":"https://download-a.akamaihd.net/files/media_music/ef/iasnv3_J_05.mp3"},{"Title":"114-V 神の書物—貴重なもの","Url":"https://download-a.akamaihd.net/files/media_music/84/iasnv3_J_06.mp3"},{"Title":"120-V 聴いて，従い，祝福を受けなさい","Url":"https://download-a.akamaihd.net/files/media_music/fe/iasnv3_J_07.mp3"},{"Title":"096-V ふさわしい人たちを捜し出しなさい","Url":"https://download-a.akamaihd.net/files/media_music/e0/iasnv3_J_08.mp3"},{"Title":"054-V 信仰を持ちなさい","Url":"https://download-a.akamaihd.net/files/media_music/3d/iasnv3_J_09.mp3"},{"Title":"083-V わたしたちには自制が必要","Url":"https://download-a.akamaihd.net/files/media_music/a4/iasnv3_J_10.mp3"},{"Title":"126-V 愛のうちに建てる","Url":"https://download-a.akamaihd.net/files/media_music/1a/iasnv3_J_11.mp3"},{"Title":"125-V 神権的な秩序に忠節に服する","Url":"https://download-a.akamaihd.net/files/media_music/e6/iasnv3_J_12.mp3"},{"Title":"040-V 神の王国をいつも第一に求めなさい","Url":"https://download-a.akamaihd.net/files/media_music/41/iasnv3_J_13.mp3"},{"Title":"019-V 楽園に関する神の約束","Url":"https://download-a.akamaihd.net/files/media_music/8a/iasnv3_J_14.mp3"},{"Title":"056-V どうかわたしの祈りを聞いてください","Url":"https://download-a.akamaihd.net/files/media_music/14/iasnv3_J_15.mp3"},{"Title":"127-V あなたのお名前が付された場所","Url":"https://download-a.akamaihd.net/files/media_music/01/iasnv3_J_16.mp3"},{"Title":"106-V エホバの友となる","Url":"https://download-a.akamaihd.net/files/media_music/49/iasnv3_J_17.mp3"},{"Title":"133-V 救出を神に求めなさい","Url":"https://download-a.akamaihd.net/files/media_music/b7/iasnv3_J_18.mp3"}]}