{"Title":"Sing to Jehovah—Vocal Renditions, Disc 2","Tracks":[{"Title":"074 - (გ) იეჰოვას სიხარული","Url":"https://download-a.akamaihd.net/files/media_music/e4/iasnv2_GE_01.mp3"},{"Title":"095 - (გ) „იგემეთ და ნახავთ, რომ კარგია იეჰოვა!“","Url":"https://download-a.akamaihd.net/files/media_music/98/iasnv2_GE_02.mp3"},{"Title":"069 - (გ) მაუწყე შენი გზები","Url":"https://download-a.akamaihd.net/files/media_music/60/iasnv2_GE_03.mp3"},{"Title":"130 - (გ) სიცოცხლის სასწაული","Url":"https://download-a.akamaihd.net/files/media_music/a7/iasnv2_GE_04.mp3"},{"Title":"060 - (გ) ის გაგაძლიერებთ","Url":"https://download-a.akamaihd.net/files/media_music/cd/iasnv2_GE_05.mp3"},{"Title":"107 - (გ) ავიდეთ იეჰოვას მთაზე","Url":"https://download-a.akamaihd.net/files/media_music/3f/iasnv2_GE_06.mp3"},{"Title":"088 - (გ) შვილები ღმერთმა მოგვანდო","Url":"https://download-a.akamaihd.net/files/media_music/a1/iasnv2_GE_07.mp3"},{"Title":"081 - (გ) „რწმენა განგვიმტკიცე“","Url":"https://download-a.akamaihd.net/files/media_music/40/iasnv2_GE_08.mp3"},{"Title":"058 - (გ) ჩემი მიძღვნის ლოცვა","Url":"https://download-a.akamaihd.net/files/media_music/aa/iasnv2_GE_09.mp3"},{"Title":"108 - (გ) ადიდეთ იეჰოვა მისი სამეფოს გამო","Url":"https://download-a.akamaihd.net/files/media_music/bd/iasnv2_GE_10.mp3"},{"Title":"116 - (გ) სინათლე უფრო და უფრო კაშკაშა ხდება","Url":"https://download-a.akamaihd.net/files/media_music/25/iasnv2_GE_11.mp3"},{"Title":"123 - (გ) მწყემსები — ძღვენი ადამიანთა სახით","Url":"https://download-a.akamaihd.net/files/media_music/74/iasnv2_GE_12.mp3"},{"Title":"124 - (გ) გამოიჩინეთ სტუმართმოყვარეობა","Url":"https://download-a.akamaihd.net/files/media_music/4b/iasnv2_GE_13.mp3"},{"Title":"061 - (გ) როგორი ადამიანი უნდა ვიყო","Url":"https://download-a.akamaihd.net/files/media_music/3c/iasnv2_GE_14.mp3"},{"Title":"064 - (გ) გაითავისეთ ჭეშმარიტება","Url":"https://download-a.akamaihd.net/files/media_music/ea/iasnv2_GE_15.mp3"},{"Title":"008 - (გ) უფლის საღამო","Url":"https://download-a.akamaihd.net/files/media_music/83/iasnv2_GE_16.mp3"},{"Title":"068 - (გ) თავმდაბლის ლოცვა","Url":"https://download-a.akamaihd.net/files/media_music/92/iasnv2_GE_17.mp3"},{"Title":"057 - (გ) ჩემი გულის ზრახვები","Url":"https://download-a.akamaihd.net/files/media_music/e5/iasnv2_GE_18.mp3"},{"Title":"085 - (გ) იეჰოვა სრულად გადაგიხდით","Url":"https://download-a.akamaihd.net/files/media_music/b8/iasnv2_GE_19.mp3"}]}