{"Title":"Sing to Jehovah—Vocal Renditions, Disc 2","Tracks":[{"Title":"074-W Radość z Jehowy","Url":"https://download-a.akamaihd.net/files/media_music/ee/iasnv2_P_01.mp3"},{"Title":"095-W &quot;Skosztujcie i zobaczcie, że Jehowa jest dobry&quot;","Url":"https://download-a.akamaihd.net/files/media_music/15/iasnv2_P_02.mp3"},{"Title":"069-W Daj mi poznać Twe drogi","Url":"https://download-a.akamaihd.net/files/media_music/75/iasnv2_P_03.mp3"},{"Title":"130-W Cud życia","Url":"https://download-a.akamaihd.net/files/media_music/95/iasnv2_P_04.mp3"},{"Title":"060-W Bóg cię utwierdzi i umocni","Url":"https://download-a.akamaihd.net/files/media_music/9b/iasnv2_P_05.mp3"},{"Title":"107-W Przyjdźcie na górę Jehowy!","Url":"https://download-a.akamaihd.net/files/media_music/c1/iasnv2_P_06.mp3"},{"Title":"088-W Dzieci cennym dziedzictwem od Jehowy","Url":"https://download-a.akamaihd.net/files/media_music/0a/iasnv2_P_07.mp3"},{"Title":"081-W „Dodaj nam wiary”","Url":"https://download-a.akamaihd.net/files/media_music/06/iasnv2_P_08.mp3"},{"Title":"058-W Oddanie się Bogu w modlitwie","Url":"https://download-a.akamaihd.net/files/media_music/4f/iasnv2_P_09.mp3"},{"Title":"108-W Sławmy Jehowę za Jego Królestwo","Url":"https://download-a.akamaihd.net/files/media_music/77/iasnv2_P_10.mp3"},{"Title":"116-W Coraz jaśniejsze światło","Url":"https://download-a.akamaihd.net/files/media_music/7c/iasnv2_P_11.mp3"},{"Title":"123-W Pasterze — dary w ludziach","Url":"https://download-a.akamaihd.net/files/media_music/ce/iasnv2_P_12.mp3"},{"Title":"124-W Okazujmy gościnność","Url":"https://download-a.akamaihd.net/files/media_music/89/iasnv2_P_13.mp3"},{"Title":"061-W Jakim człowiekiem powinienem być","Url":"https://download-a.akamaihd.net/files/media_music/75/iasnv2_P_14.mp3"},{"Title":"064-W Żyj prawdą","Url":"https://download-a.akamaihd.net/files/media_music/bf/iasnv2_P_15.mp3"},{"Title":"008-W Wieczerza Pańska","Url":"https://download-a.akamaihd.net/files/media_music/7e/iasnv2_P_16.mp3"},{"Title":"068-W Modlitwa udręczonego","Url":"https://download-a.akamaihd.net/files/media_music/59/iasnv2_P_17.mp3"},{"Title":"057-W Rozmyślanie mego serca","Url":"https://download-a.akamaihd.net/files/media_music/9f/iasnv2_P_18.mp3"},{"Title":"085-W Nagroda od Jehowy","Url":"https://download-a.akamaihd.net/files/media_music/26/iasnv2_P_19.mp3"}]}