[{"BookNumber":15,"Name":"Ezra","TotalChapters":10,"Chapters":[{"Chapter":"Chapter 1","Url":"https://download-a.akamaihd.net/files/media_bible/fe/nwt_15_Ezr_E_01.mp3"},{"Chapter":"Chapter 2","Url":"https://download-a.akamaihd.net/files/media_bible/04/nwt_15_Ezr_E_02.mp3"},{"Chapter":"Chapter 3","Url":"https://download-a.akamaihd.net/files/media_bible/f6/nwt_15_Ezr_E_03.mp3"},{"Chapter":"Chapter 4","Url":"https://download-a.akamaihd.net/files/media_bible/79/nwt_15_Ezr_E_04.mp3"},{"Chapter":"Chapter 5","Url":"https://download-a.akamaihd.net/files/media_bible/52/nwt_15_Ezr_E_05.mp3"},{"Chapter":"Chapter 6","Url":"https://download-a.akamaihd.net/files/media_bible/b7/nwt_15_Ezr_E_06.mp3"},{"Chapter":"Chapter 7","Url":"https://download-a.akamaihd.net/files/media_bible/ac/nwt_15_Ezr_E_07.mp3"},{"Chapter":"Chapter 8","Url":"https://download-a.akamaihd.net/files/media_bible/1a/nwt_15_Ezr_E_08.mp3"},{"Chapter":"Chapter 9","Url":"https://download-a.akamaihd.net/files/media_bible/6b/nwt_15_Ezr_E_09.mp3"},{"Chapter":"Chapter 10","Url":"https://download-a.akamaihd.net/files/media_bible/a8/nwt_15_Ezr_E_10.mp3"}]},{"BookNumber":16,"Name":"Nehemiah","TotalChapters":13,"Chapters":[{"Chapter":"Chapter 1","Url":"https://download-a.akamaihd.net/files/media_bible/cf/nwt_16_Ne_E_01.mp3"},{"Chapter":"Chapter 2","Url":"https://download-a.akamaihd.net/files/media_bible/8b/nwt_16_Ne_E_02.mp3"},{"Chapter":"Chapter 3","Url":"https://download-a.akamaihd.net/files/media_bible/db/nwt_16_Ne_E_03.mp3"},{"Chapter":"Chapter 4","Url":"https://download-a.akamaihd.net/files/media_bible/06/nwt_16_Ne_E_04.mp3"},{"Chapter":"Chapter 5","Url":"https://download-a.akamaihd.net/files/media_bible/42/nwt_16_Ne_E_05.mp3"},{"Chapter":"Chapter 6","Url":"https://download-a.akamaihd.net/files/media_bible/00/nwt_16_Ne_E_06.mp3"},{"Chapter":"Chapter 7","Url":"https://download-a.akamaihd.net/files/media_bible/bb/nwt_16_Ne_E_07.mp3"},{"Chapter":"Chapter 8","Url":"https://download-a.akamaihd.net/files/media_bible/eb/nwt_16_Ne_E_08.mp3"},{"Chapter":"Chapter 9","Url":"https://download-a.akamaihd.net/files/media_bible/4b/nwt_16_Ne_E_09.mp3"},{"Chapter":"Chapter 10","Url":"https://download-a.akamaihd.net/files/media_bible/86/nwt_16_Ne_E_10.mp3"},{"Chapter":"Chapter 11","Url":"https://download-a.akamaihd.net/files/media_bible/a3/nwt_16_Ne_E_11.mp3"},{"Chapter":"Chapter 12","Url":"https://download-a.akamaihd.net/files/media_bible/af/nwt_16_Ne_E_12.mp3"},{"Chapter":"Chapter 13","Url":"https://download-a.akamaihd.net/files/media_bible/e1/nwt_16_Ne_E_13.mp3"}]},{"BookNumber":17,"Name":"Esther","TotalChapters":10,"Chapters":[{"Chapter":"Chapter 1","Url":"https://download-a.akamaihd.net/files/media_bible/e5/nwt_17_Es_E_01.mp3"},{"Chapter":"Chapter 2","Url":"https://download-a.akamaihd.net/files/media_bible/72/nwt_17_Es_E_02.mp3"},{"Chapter":"Chapter 3","Url":"https://download-a.akamaihd.net/files/media_bible/d5/nwt_17_Es_E_03.mp3"},{"Chapter":"Chapter 4","Url":"https://download-a.akamaihd.net/files/media_bible/d3/nwt_17_Es_E_04.mp3"},{"Chapter":"Chapter 5","Url":"https://download-a.akamaihd.net/files/media_bible/83/nwt_17_Es_E_05.mp3"},{"Chapter":"Chapter 6","Url":"https://download-a.akamaihd.net/files/media_bible/19/nwt_17_Es_E_06.mp3"},{"Chapter":"Chapter 7","Url":"https://download-a.akamaihd.net/files/media_bible/05/nwt_17_Es_E_07.mp3"},{"Chapter":"Chapter 8","Url":"https://download-a.akamaihd.net/files/media_bible/84/nwt_17_Es_E_08.mp3"},{"Chapter":"Chapter 9","Url":"https://download-a.akamaihd.net/files/media_bible/14/nwt_17_Es_E_09.mp3"},{"Chapter":"Chapter 10","Url":"https://download-a.akamaihd.net/files/media_bible/c0/nwt_17_Es_E_10.mp3"}]},{"BookNumber":18,"Name":"Job","TotalChapters":42,"Chapters":[{"Chapter":"Chapter 1","Url":"https://download-a.akamaihd.net/files/media_bible/e4/nwt_18_Job_E_01.mp3"},{"Chapter":"Chapter 2","Url":"https://download-a.akamaihd.net/files/media_bible/d2/nwt_18_Job_E_02.mp3"},{"Chapter":"Chapter 3","Url":"https://download-a.akamaihd.net/files/media_bible/22/nwt_18_Job_E_03.mp3"},{"Chapter":"Chapter 4","Url":"https://download-a.akamaihd.net/files/media_bible/77/nwt_18_Job_E_04.mp3"},{"Chapter":"Chapter 5","Url":"https://download-a.akamaihd.net/files/media_bible/2e/nwt_18_Job_E_05.mp3"},{"Chapter":"Chapter 6","Url":"https://download-a.akamaihd.net/files/media_bible/31/nwt_18_Job_E_06.mp3"},{"Chapter":"Chapter 7","Url":"https://download-a.akamaihd.net/files/media_bible/83/nwt_18_Job_E_07.mp3"},{"Chapter":"Chapter 8","Url":"https://download-a.akamaihd.net/files/media_bible/c3/nwt_18_Job_E_08.mp3"},{"Chapter":"Chapter 9","Url":"https://download-a.akamaihd.net/files/media_bible/28/nwt_18_Job_E_09.mp3"},{"Chapter":"Chapter 10","Url":"https://download-a.akamaihd.net/files/media_bible/6c/nwt_18_Job_E_10.mp3"},{"Chapter":"Chapter 11","Url":"https://download-a.akamaihd.net/files/media_bible/b9/nwt_18_Job_E_11.mp3"},{"Chapter":"Chapter 12","Url":"https://download-a.akamaihd.net/files/media_bible/50/nwt_18_Job_E_12.mp3"},{"Chapter":"Chapter 13","Url":"https://download-a.akamaihd.net/files/media_bible/9e/nwt_18_Job_E_13.mp3"},{"Chapter":"Chapter 14","Url":"https://download-a.akamaihd.net/files/media_bible/51/nwt_18_Job_E_14.mp3"},{"Chapter":"Chapter 15","Url":"https://download-a.akamaihd.net/files/media_bible/a4/nwt_18_Job_E_15.mp3"},{"Chapter":"Chapter 16","Url":"https://download-a.akamaihd.net/files/media_bible/70/nwt_18_Job_E_16.mp3"},{"Chapter":"Chapter 17","Url":"https://download-a.akamaihd.net/files/media_bible/84/nwt_18_Job_E_17.mp3"},{"Chapter":"Chapter 18","Url":"https://download-a.akamaihd.net/files/media_bible/d7/nwt_18_Job_E_18.mp3"},{"Chapter":"Chapter 19","Url":"https://download-a.akamaihd.net/files/media_bible/07/nwt_18_Job_E_19.mp3"},{"Chapter":"Chapter 20","Url":"https://download-a.akamaihd.net/files/media_bible/08/nwt_18_Job_E_20.mp3"},{"Chapter":"Chapter 21","Url":"https://download-a.akamaihd.net/files/media_bible/cd/nwt_18_Job_E_21.mp3"},{"Chapter":"Chapter 22","Url":"https://download-a.akamaihd.net/files/media_bible/c1/nwt_18_Job_E_22.mp3"},{"Chapter":"Chapter 23","Url":"https://download-a.akamaihd.net/files/media_bible/3b/nwt_18_Job_E_23.mp3"},{"Chapter":"Chapter 24","Url":"https://download-a.akamaihd.net/files/media_bible/88/nwt_18_Job_E_24.mp3"},{"Chapter":"Chapter 25","Url":"https://download-a.akamaihd.net/files/media_bible/5c/nwt_18_Job_E_25.mp3"},{"Chapter":"Chapter 26","Url":"https://download-a.akamaihd.net/files/media_bible/93/nwt_18_Job_E_26.mp3"},{"Chapter":"Chapter 27","Url":"https://download-a.akamaihd.net/files/media_bible/e5/nwt_18_Job_E_27.mp3"},{"Chapter":"Chapter 28","Url":"https://download-a.akamaihd.net/files/media_bible/ff/nwt_18_Job_E_28.mp3"},{"Chapter":"Chapter 29","Url":"https://download-a.akamaihd.net/files/media_bible/67/nwt_18_Job_E_29.mp3"},{"Chapter":"Chapter 30","Url":"https://download-a.akamaihd.net/files/media_bible/9d/nwt_18_Job_E_30.mp3"},{"Chapter":"Chapter 31","Url":"https://download-a.akamaihd.net/files/media_bible/3e/nwt_18_Job_E_31.mp3"},{"Chapter":"Chapter 32","Url":"https://download-a.akamaihd.net/files/media_bible/a2/nwt_18_Job_E_32.mp3"},{"Chapter":"Chapter 33","Url":"https://download-a.akamaihd.net/files/media_bible/39/nwt_18_Job_E_33.mp3"},{"Chapter":"Chapter 34","Url":"https://download-a.akamaihd.net/files/media_bible/ab/nwt_18_Job_E_34.mp3"},{"Chapter":"Chapter 35","Url":"https://download-a.akamaihd.net/files/media_bible/e4/nwt_18_Job_E_35.mp3"},{"Chapter":"Chapter 36","Url":"https://download-a.akamaihd.net/files/media_bible/16/nwt_18_Job_E_36.mp3"},{"Chapter":"Chapter 37","Url":"https://download-a.akamaihd.net/files/media_bible/95/nwt_18_Job_E_37.mp3"},{"Chapter":"Chapter 38","Url":"https://download-a.akamaihd.net/files/media_bible/d9/nwt_18_Job_E_38.mp3"},{"Chapter":"Chapter 39","Url":"https://download-a.akamaihd.net/files/media_bible/a6/nwt_18_Job_E_39.mp3"},{"Chapter":"Chapter 40","Url":"https://download-a.akamaihd.net/files/media_bible/c9/nwt_18_Job_E_40.mp3"},{"Chapter":"Chapter 41","Url":"https://download-a.akamaihd.net/files/media_bible/7d/nwt_18_Job_E_41.mp3"},{"Chapter":"Chapter 42","Url":"https://download-a.akamaihd.net/files/media_bible/44/nwt_18_Job_E_42.mp3"}]},{"BookNumber":19,"Name":"Psalm 1","TotalChapters":150,"Chapters":[{"Chapter":"Chapter 1","Url":"https://download-a.akamaihd.net/files/media_bible/76/nwt_19_Ps_E_001.mp3"},{"Chapter":"Chapter 2","Url":"https://download-a.akamaihd.net/files/media_bible/8e/nwt_19_Ps_E_002.mp3"},{"Chapter":"Chapter 3","Url":"https://download-a.akamaihd.net/files/media_bible/48/nwt_19_Ps_E_003.mp3"},{"Chapter":"Chapter 4","Url":"https://download-a.akamaihd.net/files/media_bible/e3/nwt_19_Ps_E_004.mp3"},{"Chapter":"Chapter 5","Url":"https://download-a.akamaihd.net/files/media_bible/27/nwt_19_Ps_E_005.mp3"},{"Chapter":"Chapter 6","Url":"https://download-a.akamaihd.net/files/media_bible/2d/nwt_19_Ps_E_006.mp3"},{"Chapter":"Chapter 7","Url":"https://download-a.akamaihd.net/files/media_bible/bd/nwt_19_Ps_E_007.mp3"},{"Chapter":"Chapter 8","Url":"https://download-a.akamaihd.net/files/media_bible/06/nwt_19_Ps_E_008.mp3"},{"Chapter":"Chapter 9","Url":"https://download-a.akamaihd.net/files/media_bible/72/nwt_19_Ps_E_009.mp3"},{"Chapter":"Chapter 10","Url":"https://download-a.akamaihd.net/files/media_bible/25/nwt_19_Ps_E_010.mp3"},{"Chapter":"Chapter 11","Url":"https://download-a.akamaihd.net/files/media_bible/7d/nwt_19_Ps_E_011.mp3"},{"Chapter":"Chapter 12","Url":"https://download-a.akamaihd.net/files/media_bible/69/nwt_19_Ps_E_012.mp3"},{"Chapter":"Chapter 13","Url":"https://download-a.akamaihd.net/files/media_bible/ab/nwt_19_Ps_E_013.mp3"},{"Chapter":"Chapter 14","Url":"https://download-a.akamaihd.net/files/media_bible/d4/nwt_19_Ps_E_014.mp3"},{"Chapter":"Chapter 15","Url":"https://download-a.akamaihd.net/files/media_bible/3e/nwt_19_Ps_E_015.mp3"},{"Chapter":"Chapter 16","Url":"https://download-a.akamaihd.net/files/media_bible/40/nwt_19_Ps_E_016.mp3"},{"Chapter":"Chapter 17","Url":"https://download-a.akamaihd.net/files/media_bible/22/nwt_19_Ps_E_017.mp3"},{"Chapter":"Chapter 18","Url":"https://download-a.akamaihd.net/files/media_bible/51/nwt_19_Ps_E_018.mp3"},{"Chapter":"Chapter 19","Url":"https://download-a.akamaihd.net/files/media_bible/b4/nwt_19_Ps_E_019.mp3"},{"Chapter":"Chapter 20","Url":"https://download-a.akamaihd.net/files/media_bible/e0/nwt_19_Ps_E_020.mp3"},{"Chapter":"Chapter 21","Url":"https://download-a.akamaihd.net/files/media_bible/93/nwt_19_Ps_E_021.mp3"},{"Chapter":"Chapter 22","Url":"https://download-a.akamaihd.net/files/media_bible/44/nwt_19_Ps_E_022.mp3"},{"Chapter":"Chapter 23","Url":"https://download-a.akamaihd.net/files/media_bible/51/nwt_19_Ps_E_023.mp3"},{"Chapter":"Chapter 24","Url":"https://download-a.akamaihd.net/files/media_bible/75/nwt_19_Ps_E_024.mp3"},{"Chapter":"Chapter 25","Url":"https://download-a.akamaihd.net/files/media_bible/fd/nwt_19_Ps_E_025.mp3"},{"Chapter":"Chapter 26","Url":"https://download-a.akamaihd.net/files/media_bible/eb/nwt_19_Ps_E_026.mp3"},{"Chapter":"Chapter 27","Url":"https://download-a.akamaihd.net/files/media_bible/be/nwt_19_Ps_E_027.mp3"},{"Chapter":"Chapter 28","Url":"https://download-a.akamaihd.net/files/media_bible/be/nwt_19_Ps_E_028.mp3"},{"Chapter":"Chapter 29","Url":"https://download-a.akamaihd.net/files/media_bible/97/nwt_19_Ps_E_029.mp3"},{"Chapter":"Chapter 30","Url":"https://download-a.akamaihd.net/files/media_bible/ac/nwt_19_Ps_E_030.mp3"},{"Chapter":"Chapter 31","Url":"https://download-a.akamaihd.net/files/media_bible/c7/nwt_19_Ps_E_031.mp3"},{"Chapter":"Chapter 32","Url":"https://download-a.akamaihd.net/files/media_bible/c0/nwt_19_Ps_E_032.mp3"},{"Chapter":"Chapter 33","Url":"https://download-a.akamaihd.net/files/media_bible/55/nwt_19_Ps_E_033.mp3"},{"Chapter":"Chapter 34","Url":"https://download-a.akamaihd.net/files/media_bible/ad/nwt_19_Ps_E_034.mp3"},{"Chapter":"Chapter 35","Url":"https://download-a.akamaihd.net/files/media_bible/6f/nwt_19_Ps_E_035.mp3"},{"Chapter":"Chapter 36","Url":"https://download-a.akamaihd.net/files/media_bible/23/nwt_19_Ps_E_036.mp3"},{"Chapter":"Chapter 37","Url":"https://download-a.akamaihd.net/files/media_bible/94/nwt_19_Ps_E_037.mp3"},{"Chapter":"Chapter 38","Url":"https://download-a.akamaihd.net/files/media_bible/cc/nwt_19_Ps_E_038.mp3"},{"Chapter":"Chapter 39","Url":"https://download-a.akamaihd.net/files/media_bible/8d/nwt_19_Ps_E_039.mp3"},{"Chapter":"Chapter 40","Url":"https://download-a.akamaihd.net/files/media_bible/8b/nwt_19_Ps_E_040.mp3"},{"Chapter":"Chapter 41","Url":"https://download-a.akamaihd.net/files/media_bible/13/nwt_19_Ps_E_041.mp3"},{"Chapter":"Chapter 42","Url":"https://download-a.akamaihd.net/files/media_bible/1d/nwt_19_Ps_E_042.mp3"},{"Chapter":"Chapter 43","Url":"https://download-a.akamaihd.net/files/media_bible/fe/nwt_19_Ps_E_043.mp3"},{"Chapter":"Chapter 44","Url":"https://download-a.akamaihd.net/files/media_bible/d2/nwt_19_Ps_E_044.mp3"},{"Chapter":"Chapter 45","Url":"https://download-a.akamaihd.net/files/media_bible/13/nwt_19_Ps_E_045.mp3"},{"Chapter":"Chapter 46","Url":"https://download-a.akamaihd.net/files/media_bible/79/nwt_19_Ps_E_046.mp3"},{"Chapter":"Chapter 47","Url":"https://download-a.akamaihd.net/files/media_bible/09/nwt_19_Ps_E_047.mp3"},{"Chapter":"Chapter 48","Url":"https://download-a.akamaihd.net/files/media_bible/1c/nwt_19_Ps_E_048.mp3"},{"Chapter":"Chapter 49","Url":"https://download-a.akamaihd.net/files/media_bible/8c/nwt_19_Ps_E_049.mp3"},{"Chapter":"Chapter 50","Url":"https://download-a.akamaihd.net/files/media_bible/7b/nwt_19_Ps_E_050.mp3"},{"Chapter":"Chapter 51","Url":"https://download-a.akamaihd.net/files/media_bible/ed/nwt_19_Ps_E_051.mp3"},{"Chapter":"Chapter 52","Url":"https://download-a.akamaihd.net/files/media_bible/59/nwt_19_Ps_E_052.mp3"},{"Chapter":"Chapter 53","Url":"https://download-a.akamaihd.net/files/media_bible/44/nwt_19_Ps_E_053.mp3"},{"Chapter":"Chapter 54","Url":"https://download-a.akamaihd.net/files/media_bible/12/nwt_19_Ps_E_054.mp3"},{"Chapter":"Chapter 55","Url":"https://download-a.akamaihd.net/files/media_bible/4a/nwt_19_Ps_E_055.mp3"},{"Chapter":"Chapter 56","Url":"https://download-a.akamaihd.net/files/media_bible/4f/nwt_19_Ps_E_056.mp3"},{"Chapter":"Chapter 57","Url":"https://download-a.akamaihd.net/files/media_bible/80/nwt_19_Ps_E_057.mp3"},{"Chapter":"Chapter 58","Url":"https://download-a.akamaihd.net/files/media_bible/a2/nwt_19_Ps_E_058.mp3"},{"Chapter":"Chapter 59","Url":"https://download-a.akamaihd.net/files/media_bible/b6/nwt_19_Ps_E_059.mp3"},{"Chapter":"Chapter 60","Url":"https://download-a.akamaihd.net/files/media_bible/9c/nwt_19_Ps_E_060.mp3"},{"Chapter":"Chapter 61","Url":"https://download-a.akamaihd.net/files/media_bible/64/nwt_19_Ps_E_061.mp3"},{"Chapter":"Chapter 62","Url":"https://download-a.akamaihd.net/files/media_bible/db/nwt_19_Ps_E_062.mp3"},{"Chapter":"Chapter 63","Url":"https://download-a.akamaihd.net/files/media_bible/fd/nwt_19_Ps_E_063.mp3"},{"Chapter":"Chapter 64","Url":"https://download-a.akamaihd.net/files/media_bible/b5/nwt_19_Ps_E_064.mp3"},{"Chapter":"Chapter 65","Url":"https://download-a.akamaihd.net/files/media_bible/62/nwt_19_Ps_E_065.mp3"},{"Chapter":"Chapter 66","Url":"https://download-a.akamaihd.net/files/media_bible/62/nwt_19_Ps_E_066.mp3"},{"Chapter":"Chapter 67","Url":"https://download-a.akamaihd.net/files/media_bible/55/nwt_19_Ps_E_067.mp3"},{"Chapter":"Chapter 68","Url":"https://download-a.akamaihd.net/files/media_bible/27/nwt_19_Ps_E_068.mp3"},{"Chapter":"Chapter 69","Url":"https://download-a.akamaihd.net/files/media_bible/27/nwt_19_Ps_E_069.mp3"},{"Chapter":"Chapter 70","Url":"https://download-a.akamaihd.net/files/media_bible/01/nwt_19_Ps_E_070.mp3"},{"Chapter":"Chapter 71","Url":"https://download-a.akamaihd.net/files/media_bible/69/nwt_19_Ps_E_071.mp3"},{"Chapter":"Chapter 72","Url":"https://download-a.akamaihd.net/files/media_bible/fc/nwt_19_Ps_E_072.mp3"},{"Chapter":"Chapter 73","Url":"https://download-a.akamaihd.net/files/media_bible/9f/nwt_19_Ps_E_073.mp3"},{"Chapter":"Chapter 74","Url":"https://download-a.akamaihd.net/files/media_bible/32/nwt_19_Ps_E_074.mp3"},{"Chapter":"Chapter 75","Url":"https://download-a.akamaihd.net/files/media_bible/80/nwt_19_Ps_E_075.mp3"},{"Chapter":"Chapter 76","Url":"https://download-a.akamaihd.net/files/media_bible/1b/nwt_19_Ps_E_076.mp3"},{"Chapter":"Chapter 77","Url":"https://download-a.akamaihd.net/files/media_bible/07/nwt_19_Ps_E_077.mp3"},{"Chapter":"Chapter 78","Url":"https://download-a.akamaihd.net/files/media_bible/60/nwt_19_Ps_E_078.mp3"},{"Chapter":"Chapter 79","Url":"https://download-a.akamaihd.net/files/media_bible/a0/nwt_19_Ps_E_079.mp3"},{"Chapter":"Chapter 80","Url":"https://download-a.akamaihd.net/files/media_bible/04/nwt_19_Ps_E_080.mp3"},{"Chapter":"Chapter 81","Url":"https://download-a.akamaihd.net/files/media_bible/56/nwt_19_Ps_E_081.mp3"},{"Chapter":"Chapter 82","Url":"https://download-a.akamaihd.net/files/media_bible/13/nwt_19_Ps_E_082.mp3"},{"Chapter":"Chapter 83","Url":"https://download-a.akamaihd.net/files/media_bible/25/nwt_19_Ps_E_083.mp3"},{"Chapter":"Chapter 84","Url":"https://download-a.akamaihd.net/files/media_bible/f8/nwt_19_Ps_E_084.mp3"},{"Chapter":"Chapter 85","Url":"https://download-a.akamaihd.net/files/media_bible/3e/nwt_19_Ps_E_085.mp3"},{"Chapter":"Chapter 86","Url":"https://download-a.akamaihd.net/files/media_bible/55/nwt_19_Ps_E_086.mp3"},{"Chapter":"Chapter 87","Url":"https://download-a.akamaihd.net/files/media_bible/e9/nwt_19_Ps_E_087.mp3"},{"Chapter":"Chapter 88","Url":"https://download-a.akamaihd.net/files/media_bible/8d/nwt_19_Ps_E_088.mp3"},{"Chapter":"Chapter 89","Url":"https://download-a.akamaihd.net/files/media_bible/1e/nwt_19_Ps_E_089.mp3"},{"Chapter":"Chapter 90","Url":"https://download-a.akamaihd.net/files/media_bible/1d/nwt_19_Ps_E_090.mp3"},{"Chapter":"Chapter 91","Url":"https://download-a.akamaihd.net/files/media_bible/cc/nwt_19_Ps_E_091.mp3"},{"Chapter":"Chapter 92","Url":"https://download-a.akamaihd.net/files/media_bible/b1/nwt_19_Ps_E_092.mp3"},{"Chapter":"Chapter 93","Url":"https://download-a.akamaihd.net/files/media_bible/39/nwt_19_Ps_E_093.mp3"},{"Chapter":"Chapter 94","Url":"https://download-a.akamaihd.net/files/media_bible/d3/nwt_19_Ps_E_094.mp3"},{"Chapter":"Chapter 95","Url":"https://download-a.akamaihd.net/files/media_bible/a6/nwt_19_Ps_E_095.mp3"},{"Chapter":"Chapter 96","Url":"https://download-a.akamaihd.net/files/media_bible/ba/nwt_19_Ps_E_096.mp3"},{"Chapter":"Chapter 97","Url":"https://download-a.akamaihd.net/files/media_bible/34/nwt_19_Ps_E_097.mp3"},{"Chapter":"Chapter 98","Url":"https://download-a.akamaihd.net/files/media_bible/16/nwt_19_Ps_E_098.mp3"},{"Chapter":"Chapter 99","Url":"https://download-a.akamaihd.net/files/media_bible/8a/nwt_19_Ps_E_099.mp3"},{"Chapter":"Chapter 100","Url":"https://download-a.akamaihd.net/files/media_bible/00/nwt_19_Ps_E_100.mp3"},{"Chapter":"Chapter 101","Url":"https://download-a.akamaihd.net/files/media_bible/a9/nwt_19_Ps_E_101.mp3"},{"Chapter":"Chapter 102","Url":"https://download-a.akamaihd.net/files/media_bible/a9/nwt_19_Ps_E_102.mp3"},{"Chapter":"Chapter 103","Url":"https://download-a.akamaihd.net/files/media_bible/50/nwt_19_Ps_E_103.mp3"},{"Chapter":"Chapter 104","Url":"https://download-a.akamaihd.net/files/media_bible/fa/nwt_19_Ps_E_104.mp3"},{"Chapter":"Chapter 105","Url":"https://download-a.akamaihd.net/files/media_bible/de/nwt_19_Ps_E_105.mp3"},{"Chapter":"Chapter 106","Url":"https://download-a.akamaihd.net/files/media_bible/4f/nwt_19_Ps_E_106.mp3"},{"Chapter":"Chapter 107","Url":"https://download-a.akamaihd.net/files/media_bible/74/nwt_19_Ps_E_107.mp3"},{"Chapter":"Chapter 108","Url":"https://download-a.akamaihd.net/files/media_bible/0a/nwt_19_Ps_E_108.mp3"},{"Chapter":"Chapter 109","Url":"https://download-a.akamaihd.net/files/media_bible/7d/nwt_19_Ps_E_109.mp3"},{"Chapter":"Chapter 110","Url":"https://download-a.akamaihd.net/files/media_bible/3e/nwt_19_Ps_E_110.mp3"},{"Chapter":"Chapter 111","Url":"https://download-a.akamaihd.net/files/media_bible/8d/nwt_19_Ps_E_111.mp3"},{"Chapter":"Chapter 112","Url":"https://download-a.akamaihd.net/files/media_bible/1e/nwt_19_Ps_E_112.mp3"},{"Chapter":"Chapter 113","Url":"https://download-a.akamaihd.net/files/media_bible/8e/nwt_19_Ps_E_113.mp3"},{"Chapter":"Chapter 114","Url":"https://download-a.akamaihd.net/files/media_bible/f0/nwt_19_Ps_E_114.mp3"},{"Chapter":"Chapter 115","Url":"https://download-a.akamaihd.net/files/media_bible/dd/nwt_19_Ps_E_115.mp3"},{"Chapter":"Chapter 116","Url":"https://download-a.akamaihd.net/files/media_bible/d7/nwt_19_Ps_E_116.mp3"},{"Chapter":"Chapter 117","Url":"https://download-a.akamaihd.net/files/media_bible/eb/nwt_19_Ps_E_117.mp3"},{"Chapter":"Chapter 118","Url":"https://download-a.akamaihd.net/files/media_bible/ae/nwt_19_Ps_E_118.mp3"},{"Chapter":"Chapter 119","Url":"https://download-a.akamaihd.net/files/media_bible/c6/nwt_19_Ps_E_119.mp3"},{"Chapter":"Chapter 120","Url":"https://download-a.akamaihd.net/files/media_bible/7a/nwt_19_Ps_E_120.mp3"},{"Chapter":"Chapter 121","Url":"https://download-a.akamaihd.net/files/media_bible/a0/nwt_19_Ps_E_121.mp3"},{"Chapter":"Chapter 122","Url":"https://download-a.akamaihd.net/files/media_bible/54/nwt_19_Ps_E_122.mp3"},{"Chapter":"Chapter 123","Url":"https://download-a.akamaihd.net/files/media_bible/c3/nwt_19_Ps_E_123.mp3"},{"Chapter":"Chapter 124","Url":"https://download-a.akamaihd.net/files/media_bible/1b/nwt_19_Ps_E_124.mp3"},{"Chapter":"Chapter 125","Url":"https://download-a.akamaihd.net/files/media_bible/c6/nwt_19_Ps_E_125.mp3"},{"Chapter":"Chapter 126","Url":"https://download-a.akamaihd.net/files/media_bible/56/nwt_19_Ps_E_126.mp3"},{"Chapter":"Chapter 127","Url":"https://download-a.akamaihd.net/files/media_bible/4d/nwt_19_Ps_E_127.mp3"},{"Chapter":"Chapter 128","Url":"https://download-a.akamaihd.net/files/media_bible/a2/nwt_19_Ps_E_128.mp3"},{"Chapter":"Chapter 129","Url":"https://download-a.akamaihd.net/files/media_bible/97/nwt_19_Ps_E_129.mp3"},{"Chapter":"Chapter 130","Url":"https://download-a.akamaihd.net/files/media_bible/bb/nwt_19_Ps_E_130.mp3"},{"Chapter":"Chapter 131","Url":"https://download-a.akamaihd.net/files/media_bible/78/nwt_19_Ps_E_131.mp3"},{"Chapter":"Chapter 132","Url":"https://download-a.akamaihd.net/files/media_bible/0a/nwt_19_Ps_E_132.mp3"},{"Chapter":"Chapter 133","Url":"https://download-a.akamaihd.net/files/media_bible/e3/nwt_19_Ps_E_133.mp3"},{"Chapter":"Chapter 134","Url":"https://download-a.akamaihd.net/files/media_bible/00/nwt_19_Ps_E_134.mp3"},{"Chapter":"Chapter 135","Url":"https://download-a.akamaihd.net/files/media_bible/c2/nwt_19_Ps_E_135.mp3"},{"Chapter":"Chapter 136","Url":"https://download-a.akamaihd.net/files/media_bible/c3/nwt_19_Ps_E_136.mp3"},{"Chapter":"Chapter 137","Url":"https://download-a.akamaihd.net/files/media_bible/8c/nwt_19_Ps_E_137.mp3"},{"Chapter":"Chapter 138","Url":"https://download-a.akamaihd.net/files/media_bible/22/nwt_19_Ps_E_138.mp3"},{"Chapter":"Chapter 139","Url":"https://download-a.akamaihd.net/files/media_bible/be/nwt_19_Ps_E_139.mp3"},{"Chapter":"Chapter 140","Url":"https://download-a.akamaihd.net/files/media_bible/c1/nwt_19_Ps_E_140.mp3"},{"Chapter":"Chapter 141","Url":"https://download-a.akamaihd.net/files/media_bible/90/nwt_19_Ps_E_141.mp3"},{"Chapter":"Chapter 142","Url":"https://download-a.akamaihd.net/files/media_bible/03/nwt_19_Ps_E_142.mp3"},{"Chapter":"Chapter 143","Url":"https://download-a.akamaihd.net/files/media_bible/e0/nwt_19_Ps_E_143.mp3"},{"Chapter":"Chapter 144","Url":"https://download-a.akamaihd.net/files/media_bible/68/nwt_19_Ps_E_144.mp3"},{"Chapter":"Chapter 145","Url":"https://download-a.akamaihd.net/files/media_bible/3f/nwt_19_Ps_E_145.mp3"},{"Chapter":"Chapter 146","Url":"https://download-a.akamaihd.net/files/media_bible/c5/nwt_19_Ps_E_146.mp3"},{"Chapter":"Chapter 147","Url":"https://download-a.akamaihd.net/files/media_bible/ae/nwt_19_Ps_E_147.mp3"},{"Chapter":"Chapter 148","Url":"https://download-a.akamaihd.net/files/media_bible/2e/nwt_19_Ps_E_148.mp3"},{"Chapter":"Chapter 149","Url":"https://download-a.akamaihd.net/files/media_bible/39/nwt_19_Ps_E_149.mp3"},{"Chapter":"Chapter 150","Url":"https://download-a.akamaihd.net/files/media_bible/ac/nwt_19_Ps_E_150.mp3"}]},{"BookNumber":20,"Name":"Proverbs","TotalChapters":31,"Chapters":[{"Chapter":"Chapter 1","Url":"https://download-a.akamaihd.net/files/media_bible/b7/nwt_20_Pr_E_01.mp3"},{"Chapter":"Chapter 2","Url":"https://download-a.akamaihd.net/files/media_bible/89/nwt_20_Pr_E_02.mp3"},{"Chapter":"Chapter 3","Url":"https://download-a.akamaihd.net/files/media_bible/14/nwt_20_Pr_E_03.mp3"},{"Chapter":"Chapter 4","Url":"https://download-a.akamaihd.net/files/media_bible/f5/nwt_20_Pr_E_04.mp3"},{"Chapter":"Chapter 5","Url":"https://download-a.akamaihd.net/files/media_bible/e6/nwt_20_Pr_E_05.mp3"},{"Chapter":"Chapter 6","Url":"https://download-a.akamaihd.net/files/media_bible/6c/nwt_20_Pr_E_06.mp3"},{"Chapter":"Chapter 7","Url":"https://download-a.akamaihd.net/files/media_bible/ae/nwt_20_Pr_E_07.mp3"},{"Chapter":"Chapter 8","Url":"https://download-a.akamaihd.net/files/media_bible/62/nwt_20_Pr_E_08.mp3"},{"Chapter":"Chapter 9","Url":"https://download-a.akamaihd.net/files/media_bible/c6/nwt_20_Pr_E_09.mp3"},{"Chapter":"Chapter 10","Url":"https://download-a.akamaihd.net/files/media_bible/c0/nwt_20_Pr_E_10.mp3"},{"Chapter":"Chapter 11","Url":"https://download-a.akamaihd.net/files/media_bible/6e/nwt_20_Pr_E_11.mp3"},{"Chapter":"Chapter 12","Url":"https://download-a.akamaihd.net/files/media_bible/81/nwt_20_Pr_E_12.mp3"},{"Chapter":"Chapter 13","Url":"https://download-a.akamaihd.net/files/media_bible/96/nwt_20_Pr_E_13.mp3"},{"Chapter":"Chapter 14","Url":"https://download-a.akamaihd.net/files/media_bible/78/nwt_20_Pr_E_14.mp3"},{"Chapter":"Chapter 15","Url":"https://download-a.akamaihd.net/files/media_bible/b8/nwt_20_Pr_E_15.mp3"},{"Chapter":"Chapter 16","Url":"https://download-a.akamaihd.net/files/media_bible/a6/nwt_20_Pr_E_16.mp3"},{"Chapter":"Chapter 17","Url":"https://download-a.akamaihd.net/files/media_bible/4f/nwt_20_Pr_E_17.mp3"},{"Chapter":"Chapter 18","Url":"https://download-a.akamaihd.net/files/media_bible/23/nwt_20_Pr_E_18.mp3"},{"Chapter":"Chapter 19","Url":"https://download-a.akamaihd.net/files/media_bible/68/nwt_20_Pr_E_19.mp3"},{"Chapter":"Chapter 20","Url":"https://download-a.akamaihd.net/files/media_bible/2a/nwt_20_Pr_E_20.mp3"},{"Chapter":"Chapter 21","Url":"https://download-a.akamaihd.net/files/media_bible/f2/nwt_20_Pr_E_21.mp3"},{"Chapter":"Chapter 22","Url":"https://download-a.akamaihd.net/files/media_bible/ae/nwt_20_Pr_E_22.mp3"},{"Chapter":"Chapter 23","Url":"https://download-a.akamaihd.net/files/media_bible/92/nwt_20_Pr_E_23.mp3"},{"Chapter":"Chapter 24","Url":"https://download-a.akamaihd.net/files/media_bible/b9/nwt_20_Pr_E_24.mp3"},{"Chapter":"Chapter 25","Url":"https://download-a.akamaihd.net/files/media_bible/7e/nwt_20_Pr_E_25.mp3"},{"Chapter":"Chapter 26","Url":"https://download-a.akamaihd.net/files/media_bible/cb/nwt_20_Pr_E_26.mp3"},{"Chapter":"Chapter 27","Url":"https://download-a.akamaihd.net/files/media_bible/c2/nwt_20_Pr_E_27.mp3"},{"Chapter":"Chapter 28","Url":"https://download-a.akamaihd.net/files/media_bible/4c/nwt_20_Pr_E_28.mp3"},{"Chapter":"Chapter 29","Url":"https://download-a.akamaihd.net/files/media_bible/1f/nwt_20_Pr_E_29.mp3"},{"Chapter":"Chapter 30","Url":"https://download-a.akamaihd.net/files/media_bible/b0/nwt_20_Pr_E_30.mp3"},{"Chapter":"Chapter 31","Url":"https://download-a.akamaihd.net/files/media_bible/1b/nwt_20_Pr_E_31.mp3"}]},{"BookNumber":21,"Name":"Ecclesiastes","TotalChapters":12,"Chapters":[{"Chapter":"Chapter 1","Url":"https://download-a.akamaihd.net/files/media_bible/64/nwt_21_Ec_E_01.mp3"},{"Chapter":"Chapter 2","Url":"https://download-a.akamaihd.net/files/media_bible/de/nwt_21_Ec_E_02.mp3"},{"Chapter":"Chapter 3","Url":"https://download-a.akamaihd.net/files/media_bible/2e/nwt_21_Ec_E_03.mp3"},{"Chapter":"Chapter 4","Url":"https://download-a.akamaihd.net/files/media_bible/50/nwt_21_Ec_E_04.mp3"},{"Chapter":"Chapter 5","Url":"https://download-a.akamaihd.net/files/media_bible/22/nwt_21_Ec_E_05.mp3"},{"Chapter":"Chapter 6","Url":"https://download-a.akamaihd.net/files/media_bible/71/nwt_21_Ec_E_06.mp3"},{"Chapter":"Chapter 7","Url":"https://download-a.akamaihd.net/files/media_bible/9d/nwt_21_Ec_E_07.mp3"},{"Chapter":"Chapter 8","Url":"https://download-a.akamaihd.net/files/media_bible/56/nwt_21_Ec_E_08.mp3"},{"Chapter":"Chapter 9","Url":"https://download-a.akamaihd.net/files/media_bible/bf/nwt_21_Ec_E_09.mp3"},{"Chapter":"Chapter 10","Url":"https://download-a.akamaihd.net/files/media_bible/a2/nwt_21_Ec_E_10.mp3"},{"Chapter":"Chapter 11","Url":"https://download-a.akamaihd.net/files/media_bible/e2/nwt_21_Ec_E_11.mp3"},{"Chapter":"Chapter 12","Url":"https://download-a.akamaihd.net/files/media_bible/06/nwt_21_Ec_E_12.mp3"}]},{"BookNumber":22,"Name":"Song of Solomon (Canticles)","TotalChapters":8,"Chapters":[{"Chapter":"Chapter 1","Url":"https://download-a.akamaihd.net/files/media_bible/6c/nwt_22_Ca_E_01.mp3"},{"Chapter":"Chapter 2","Url":"https://download-a.akamaihd.net/files/media_bible/6d/nwt_22_Ca_E_02.mp3"},{"Chapter":"Chapter 3","Url":"https://download-a.akamaihd.net/files/media_bible/7c/nwt_22_Ca_E_03.mp3"},{"Chapter":"Chapter 4","Url":"https://download-a.akamaihd.net/files/media_bible/d0/nwt_22_Ca_E_04.mp3"},{"Chapter":"Chapter 5","Url":"https://download-a.akamaihd.net/files/media_bible/8e/nwt_22_Ca_E_05.mp3"},{"Chapter":"Chapter 6","Url":"https://download-a.akamaihd.net/files/media_bible/a3/nwt_22_Ca_E_06.mp3"},{"Chapter":"Chapter 7","Url":"https://download-a.akamaihd.net/files/media_bible/e7/nwt_22_Ca_E_07.mp3"},{"Chapter":"Chapter 8","Url":"https://download-a.akamaihd.net/files/media_bible/2c/nwt_22_Ca_E_08.mp3"}]},{"BookNumber":23,"Name":"Isaiah","TotalChapters":66,"Chapters":[{"Chapter":"Chapter 1","Url":"https://download-a.akamaihd.net/files/media_bible/e9/nwt_23_Isa_E_01.mp3"},{"Chapter":"Chapter 2","Url":"https://download-a.akamaihd.net/files/media_bible/d7/nwt_23_Isa_E_02.mp3"},{"Chapter":"Chapter 3","Url":"https://download-a.akamaihd.net/files/media_bible/5f/nwt_23_Isa_E_03.mp3"},{"Chapter":"Chapter 4","Url":"https://download-a.akamaihd.net/files/media_bible/bc/nwt_23_Isa_E_04.mp3"},{"Chapter":"Chapter 5","Url":"https://download-a.akamaihd.net/files/media_bible/f1/nwt_23_Isa_E_05.mp3"},{"Chapter":"Chapter 6","Url":"https://download-a.akamaihd.net/files/media_bible/15/nwt_23_Isa_E_06.mp3"},{"Chapter":"Chapter 7","Url":"https://download-a.akamaihd.net/files/media_bible/4d/nwt_23_Isa_E_07.mp3"},{"Chapter":"Chapter 8","Url":"https://download-a.akamaihd.net/files/media_bible/92/nwt_23_Isa_E_08.mp3"},{"Chapter":"Chapter 9","Url":"https://download-a.akamaihd.net/files/media_bible/4e/nwt_23_Isa_E_09.mp3"},{"Chapter":"Chapter 10","Url":"https://download-a.akamaihd.net/files/media_bible/e5/nwt_23_Isa_E_10.mp3"},{"Chapter":"Chapter 11","Url":"https://download-a.akamaihd.net/files/media_bible/b5/nwt_23_Isa_E_11.mp3"},{"Chapter":"Chapter 12","Url":"https://download-a.akamaihd.net/files/media_bible/dc/nwt_23_Isa_E_12.mp3"},{"Chapter":"Chapter 13","Url":"https://download-a.akamaihd.net/files/media_bible/a8/nwt_23_Isa_E_13.mp3"},{"Chapter":"Chapter 14","Url":"https://download-a.akamaihd.net/files/media_bible/d0/nwt_23_Isa_E_14.mp3"},{"Chapter":"Chapter 15","Url":"https://download-a.akamaihd.net/files/media_bible/a4/nwt_23_Isa_E_15.mp3"},{"Chapter":"Chapter 16","Url":"https://download-a.akamaihd.net/files/media_bible/c7/nwt_23_Isa_E_16.mp3"},{"Chapter":"Chapter 17","Url":"https://download-a.akamaihd.net/files/media_bible/72/nwt_23_Isa_E_17.mp3"},{"Chapter":"Chapter 18","Url":"https://download-a.akamaihd.net/files/media_bible/e5/nwt_23_Isa_E_18.mp3"},{"Chapter":"Chapter 19","Url":"https://download-a.akamaihd.net/files/media_bible/20/nwt_23_Isa_E_19.mp3"},{"Chapter":"Chapter 20","Url":"https://download-a.akamaihd.net/files/media_bible/95/nwt_23_Isa_E_20.mp3"},{"Chapter":"Chapter 21","Url":"https://download-a.akamaihd.net/files/media_bible/f9/nwt_23_Isa_E_21.mp3"},{"Chapter":"Chapter 22","Url":"https://download-a.akamaihd.net/files/media_bible/60/nwt_23_Isa_E_22.mp3"},{"Chapter":"Chapter 23","Url":"https://download-a.akamaihd.net/files/media_bible/28/nwt_23_Isa_E_23.mp3"},{"Chapter":"Chapter 24","Url":"https://download-a.akamaihd.net/files/media_bible/23/nwt_23_Isa_E_24.mp3"},{"Chapter":"Chapter 25","Url":"https://download-a.akamaihd.net/files/media_bible/16/nwt_23_Isa_E_25.mp3"},{"Chapter":"Chapter 26","Url":"https://download-a.akamaihd.net/files/media_bible/ab/nwt_23_Isa_E_26.mp3"},{"Chapter":"Chapter 27","Url":"https://download-a.akamaihd.net/files/media_bible/3c/nwt_23_Isa_E_27.mp3"},{"Chapter":"Chapter 28","Url":"https://download-a.akamaihd.net/files/media_bible/3f/nwt_23_Isa_E_28.mp3"},{"Chapter":"Chapter 29","Url":"https://download-a.akamaihd.net/files/media_bible/0b/nwt_23_Isa_E_29.mp3"},{"Chapter":"Chapter 30","Url":"https://download-a.akamaihd.net/files/media_bible/d0/nwt_23_Isa_E_30.mp3"},{"Chapter":"Chapter 31","Url":"https://download-a.akamaihd.net/files/media_bible/9f/nwt_23_Isa_E_31.mp3"},{"Chapter":"Chapter 32","Url":"https://download-a.akamaihd.net/files/media_bible/2d/nwt_23_Isa_E_32.mp3"},{"Chapter":"Chapter 33","Url":"https://download-a.akamaihd.net/files/media_bible/db/nwt_23_Isa_E_33.mp3"},{"Chapter":"Chapter 34","Url":"https://download-a.akamaihd.net/files/media_bible/a5/nwt_23_Isa_E_34.mp3"},{"Chapter":"Chapter 35","Url":"https://download-a.akamaihd.net/files/media_bible/75/nwt_23_Isa_E_35.mp3"},{"Chapter":"Chapter 36","Url":"https://download-a.akamaihd.net/files/media_bible/6a/nwt_23_Isa_E_36.mp3"},{"Chapter":"Chapter 37","Url":"https://download-a.akamaihd.net/files/media_bible/14/nwt_23_Isa_E_37.mp3"},{"Chapter":"Chapter 38","Url":"https://download-a.akamaihd.net/files/media_bible/6a/nwt_23_Isa_E_38.mp3"},{"Chapter":"Chapter 39","Url":"https://download-a.akamaihd.net/files/media_bible/e1/nwt_23_Isa_E_39.mp3"},{"Chapter":"Chapter 40","Url":"https://download-a.akamaihd.net/files/media_bible/6b/nwt_23_Isa_E_40.mp3"},{"Chapter":"Chapter 41","Url":"https://download-a.akamaihd.net/files/media_bible/98/nwt_23_Isa_E_41.mp3"},{"Chapter":"Chapter 42","Url":"https://download-a.akamaihd.net/files/media_bible/4a/nwt_23_Isa_E_42.mp3"},{"Chapter":"Chapter 43","Url":"https://download-a.akamaihd.net/files/media_bible/30/nwt_23_Isa_E_43.mp3"},{"Chapter":"Chapter 44","Url":"https://download-a.akamaihd.net/files/media_bible/a9/nwt_23_Isa_E_44.mp3"},{"Chapter":"Chapter 45","Url":"https://download-a.akamaihd.net/files/media_bible/35/nwt_23_Isa_E_45.mp3"},{"Chapter":"Chapter 46","Url":"https://download-a.akamaihd.net/files/media_bible/28/nwt_23_Isa_E_46.mp3"},{"Chapter":"Chapter 47","Url":"https://download-a.akamaihd.net/files/media_bible/5b/nwt_23_Isa_E_47.mp3"},{"Chapter":"Chapter 48","Url":"https://download-a.akamaihd.net/files/media_bible/bd/nwt_23_Isa_E_48.mp3"},{"Chapter":"Chapter 49","Url":"https://download-a.akamaihd.net/files/media_bible/23/nwt_23_Isa_E_49.mp3"},{"Chapter":"Chapter 50","Url":"https://download-a.akamaihd.net/files/media_bible/2e/nwt_23_Isa_E_50.mp3"},{"Chapter":"Chapter 51","Url":"https://download-a.akamaihd.net/files/media_bible/bd/nwt_23_Isa_E_51.mp3"},{"Chapter":"Chapter 52","Url":"https://download-a.akamaihd.net/files/media_bible/2c/nwt_23_Isa_E_52.mp3"},{"Chapter":"Chapter 53","Url":"https://download-a.akamaihd.net/files/media_bible/1f/nwt_23_Isa_E_53.mp3"},{"Chapter":"Chapter 54","Url":"https://download-a.akamaihd.net/files/media_bible/19/nwt_23_Isa_E_54.mp3"},{"Chapter":"Chapter 55","Url":"https://download-a.akamaihd.net/files/media_bible/6f/nwt_23_Isa_E_55.mp3"},{"Chapter":"Chapter 56","Url":"https://download-a.akamaihd.net/files/media_bible/25/nwt_23_Isa_E_56.mp3"},{"Chapter":"Chapter 57","Url":"https://download-a.akamaihd.net/files/media_bible/45/nwt_23_Isa_E_57.mp3"},{"Chapter":"Chapter 58","Url":"https://download-a.akamaihd.net/files/media_bible/47/nwt_23_Isa_E_58.mp3"},{"Chapter":"Chapter 59","Url":"https://download-a.akamaihd.net/files/media_bible/98/nwt_23_Isa_E_59.mp3"},{"Chapter":"Chapter 60","Url":"https://download-a.akamaihd.net/files/media_bible/e7/nwt_23_Isa_E_60.mp3"},{"Chapter":"Chapter 61","Url":"https://download-a.akamaihd.net/files/media_bible/7d/nwt_23_Isa_E_61.mp3"},{"Chapter":"Chapter 62","Url":"https://download-a.akamaihd.net/files/media_bible/39/nwt_23_Isa_E_62.mp3"},{"Chapter":"Chapter 63","Url":"https://download-a.akamaihd.net/files/media_bible/91/nwt_23_Isa_E_63.mp3"},{"Chapter":"Chapter 64","Url":"https://download-a.akamaihd.net/files/media_bible/48/nwt_23_Isa_E_64.mp3"},{"Chapter":"Chapter 65","Url":"https://download-a.akamaihd.net/files/media_bible/dd/nwt_23_Isa_E_65.mp3"},{"Chapter":"Chapter 66","Url":"https://download-a.akamaihd.net/files/media_bible/14/nwt_23_Isa_E_66.mp3"}]},{"BookNumber":24,"Name":"Jeremiah","TotalChapters":52,"Chapters":[{"Chapter":"Chapter 1","Url":"https://download-a.akamaihd.net/files/media_bible/8a/nwt_24_Jer_E_01.mp3"},{"Chapter":"Chapter 2","Url":"https://download-a.akamaihd.net/files/media_bible/5d/nwt_24_Jer_E_02.mp3"},{"Chapter":"Chapter 3","Url":"https://download-a.akamaihd.net/files/media_bible/1e/nwt_24_Jer_E_03.mp3"},{"Chapter":"Chapter 4","Url":"https://download-a.akamaihd.net/files/media_bible/24/nwt_24_Jer_E_04.mp3"},{"Chapter":"Chapter 5","Url":"https://download-a.akamaihd.net/files/media_bible/9e/nwt_24_Jer_E_05.mp3"},{"Chapter":"Chapter 6","Url":"https://download-a.akamaihd.net/files/media_bible/b5/nwt_24_Jer_E_06.mp3"},{"Chapter":"Chapter 7","Url":"https://download-a.akamaihd.net/files/media_bible/5f/nwt_24_Jer_E_07.mp3"},{"Chapter":"Chapter 8","Url":"https://download-a.akamaihd.net/files/media_bible/1c/nwt_24_Jer_E_08.mp3"},{"Chapter":"Chapter 9","Url":"https://download-a.akamaihd.net/files/media_bible/61/nwt_24_Jer_E_09.mp3"},{"Chapter":"Chapter 10","Url":"https://download-a.akamaihd.net/files/media_bible/6f/nwt_24_Jer_E_10.mp3"},{"Chapter":"Chapter 11","Url":"https://download-a.akamaihd.net/files/media_bible/ef/nwt_24_Jer_E_11.mp3"},{"Chapter":"Chapter 12","Url":"https://download-a.akamaihd.net/files/media_bible/5f/nwt_24_Jer_E_12.mp3"},{"Chapter":"Chapter 13","Url":"https://download-a.akamaihd.net/files/media_bible/97/nwt_24_Jer_E_13.mp3"},{"Chapter":"Chapter 14","Url":"https://download-a.akamaihd.net/files/media_bible/58/nwt_24_Jer_E_14.mp3"},{"Chapter":"Chapter 15","Url":"https://download-a.akamaihd.net/files/media_bible/58/nwt_24_Jer_E_15.mp3"},{"Chapter":"Chapter 16","Url":"https://download-a.akamaihd.net/files/media_bible/f2/nwt_24_Jer_E_16.mp3"},{"Chapter":"Chapter 17","Url":"https://download-a.akamaihd.net/files/media_bible/45/nwt_24_Jer_E_17.mp3"},{"Chapter":"Chapter 18","Url":"https://download-a.akamaihd.net/files/media_bible/f6/nwt_24_Jer_E_18.mp3"},{"Chapter":"Chapter 19","Url":"https://download-a.akamaihd.net/files/media_bible/a7/nwt_24_Jer_E_19.mp3"},{"Chapter":"Chapter 20","Url":"https://download-a.akamaihd.net/files/media_bible/6a/nwt_24_Jer_E_20.mp3"},{"Chapter":"Chapter 21","Url":"https://download-a.akamaihd.net/files/media_bible/6e/nwt_24_Jer_E_21.mp3"},{"Chapter":"Chapter 22","Url":"https://download-a.akamaihd.net/files/media_bible/91/nwt_24_Jer_E_22.mp3"},{"Chapter":"Chapter 23","Url":"https://download-a.akamaihd.net/files/media_bible/aa/nwt_24_Jer_E_23.mp3"},{"Chapter":"Chapter 24","Url":"https://download-a.akamaihd.net/files/media_bible/23/nwt_24_Jer_E_24.mp3"},{"Chapter":"Chapter 25","Url":"https://download-a.akamaihd.net/files/media_bible/e1/nwt_24_Jer_E_25.mp3"},{"Chapter":"Chapter 26","Url":"https://download-a.akamaihd.net/files/media_bible/8f/nwt_24_Jer_E_26.mp3"},{"Chapter":"Chapter 27","Url":"https://download-a.akamaihd.net/files/media_bible/07/nwt_24_Jer_E_27.mp3"},{"Chapter":"Chapter 28","Url":"https://download-a.akamaihd.net/files/media_bible/c2/nwt_24_Jer_E_28.mp3"},{"Chapter":"Chapter 29","Url":"https://download-a.akamaihd.net/files/media_bible/00/nwt_24_Jer_E_29.mp3"},{"Chapter":"Chapter 30","Url":"https://download-a.akamaihd.net/files/media_bible/94/nwt_24_Jer_E_30.mp3"},{"Chapter":"Chapter 31","Url":"https://download-a.akamaihd.net/files/media_bible/3c/nwt_24_Jer_E_31.mp3"},{"Chapter":"Chapter 32","Url":"https://download-a.akamaihd.net/files/media_bible/b9/nwt_24_Jer_E_32.mp3"},{"Chapter":"Chapter 33","Url":"https://download-a.akamaihd.net/files/media_bible/41/nwt_24_Jer_E_33.mp3"},{"Chapter":"Chapter 34","Url":"https://download-a.akamaihd.net/files/media_bible/11/nwt_24_Jer_E_34.mp3"},{"Chapter":"Chapter 35","Url":"https://download-a.akamaihd.net/files/media_bible/47/nwt_24_Jer_E_35.mp3"},{"Chapter":"Chapter 36","Url":"https://download-a.akamaihd.net/files/media_bible/c3/nwt_24_Jer_E_36.mp3"},{"Chapter":"Chapter 37","Url":"https://download-a.akamaihd.net/files/media_bible/a0/nwt_24_Jer_E_37.mp3"},{"Chapter":"Chapter 38","Url":"https://download-a.akamaihd.net/files/media_bible/1c/nwt_24_Jer_E_38.mp3"},{"Chapter":"Chapter 39","Url":"https://download-a.akamaihd.net/files/media_bible/0d/nwt_24_Jer_E_39.mp3"},{"Chapter":"Chapter 40","Url":"https://download-a.akamaihd.net/files/media_bible/35/nwt_24_Jer_E_40.mp3"},{"Chapter":"Chapter 41","Url":"https://download-a.akamaihd.net/files/media_bible/ef/nwt_24_Jer_E_41.mp3"},{"Chapter":"Chapter 42","Url":"https://download-a.akamaihd.net/files/media_bible/04/nwt_24_Jer_E_42.mp3"},{"Chapter":"Chapter 43","Url":"https://download-a.akamaihd.net/files/media_bible/28/nwt_24_Jer_E_43.mp3"},{"Chapter":"Chapter 44","Url":"https://download-a.akamaihd.net/files/media_bible/0f/nwt_24_Jer_E_44.mp3"},{"Chapter":"Chapter 45","Url":"https://download-a.akamaihd.net/files/media_bible/e1/nwt_24_Jer_E_45.mp3"},{"Chapter":"Chapter 46","Url":"https://download-a.akamaihd.net/files/media_bible/41/nwt_24_Jer_E_46.mp3"},{"Chapter":"Chapter 47","Url":"https://download-a.akamaihd.net/files/media_bible/e9/nwt_24_Jer_E_47.mp3"},{"Chapter":"Chapter 48","Url":"https://download-a.akamaihd.net/files/media_bible/80/nwt_24_Jer_E_48.mp3"},{"Chapter":"Chapter 49","Url":"https://download-a.akamaihd.net/files/media_bible/c1/nwt_24_Jer_E_49.mp3"},{"Chapter":"Chapter 50","Url":"https://download-a.akamaihd.net/files/media_bible/63/nwt_24_Jer_E_50.mp3"},{"Chapter":"Chapter 51","Url":"https://download-a.akamaihd.net/files/media_bible/df/nwt_24_Jer_E_51.mp3"},{"Chapter":"Chapter 52","Url":"https://download-a.akamaihd.net/files/media_bible/94/nwt_24_Jer_E_52.mp3"}]},{"BookNumber":25,"Name":"Lamentations","TotalChapters":5,"Chapters":[{"Chapter":"Chapter 1","Url":"https://download-a.akamaihd.net/files/media_bible/e1/nwt_25_La_E_01.mp3"},{"Chapter":"Chapter 2","Url":"https://download-a.akamaihd.net/files/media_bible/23/nwt_25_La_E_02.mp3"},{"Chapter":"Chapter 3","Url":"https://download-a.akamaihd.net/files/media_bible/42/nwt_25_La_E_03.mp3"},{"Chapter":"Chapter 4","Url":"https://download-a.akamaihd.net/files/media_bible/16/nwt_25_La_E_04.mp3"},{"Chapter":"Chapter 5","Url":"https://download-a.akamaihd.net/files/media_bible/e0/nwt_25_La_E_05.mp3"}]},{"BookNumber":26,"Name":"Ezekiel","TotalChapters":48,"Chapters":[{"Chapter":"Chapter 1","Url":"https://download-a.akamaihd.net/files/media_bible/e9/nwt_26_Eze_E_01.mp3"},{"Chapter":"Chapter 2","Url":"https://download-a.akamaihd.net/files/media_bible/8a/nwt_26_Eze_E_02.mp3"},{"Chapter":"Chapter 3","Url":"https://download-a.akamaihd.net/files/media_bible/db/nwt_26_Eze_E_03.mp3"},{"Chapter":"Chapter 4","Url":"https://download-a.akamaihd.net/files/media_bible/8e/nwt_26_Eze_E_04.mp3"},{"Chapter":"Chapter 5","Url":"https://download-a.akamaihd.net/files/media_bible/31/nwt_26_Eze_E_05.mp3"},{"Chapter":"Chapter 6","Url":"https://download-a.akamaihd.net/files/media_bible/02/nwt_26_Eze_E_06.mp3"},{"Chapter":"Chapter 7","Url":"https://download-a.akamaihd.net/files/media_bible/c3/nwt_26_Eze_E_07.mp3"},{"Chapter":"Chapter 8","Url":"https://download-a.akamaihd.net/files/media_bible/2e/nwt_26_Eze_E_08.mp3"},{"Chapter":"Chapter 9","Url":"https://download-a.akamaihd.net/files/media_bible/36/nwt_26_Eze_E_09.mp3"},{"Chapter":"Chapter 10","Url":"https://download-a.akamaihd.net/files/media_bible/1a/nwt_26_Eze_E_10.mp3"},{"Chapter":"Chapter 11","Url":"https://download-a.akamaihd.net/files/media_bible/c5/nwt_26_Eze_E_11.mp3"},{"Chapter":"Chapter 12","Url":"https://download-a.akamaihd.net/files/media_bible/3a/nwt_26_Eze_E_12.mp3"},{"Chapter":"Chapter 13","Url":"https://download-a.akamaihd.net/files/media_bible/2d/nwt_26_Eze_E_13.mp3"},{"Chapter":"Chapter 14","Url":"https://download-a.akamaihd.net/files/media_bible/73/nwt_26_Eze_E_14.mp3"},{"Chapter":"Chapter 15","Url":"https://download-a.akamaihd.net/files/media_bible/48/nwt_26_Eze_E_15.mp3"},{"Chapter":"Chapter 16","Url":"https://download-a.akamaihd.net/files/media_bible/aa/nwt_26_Eze_E_16.mp3"},{"Chapter":"Chapter 17","Url":"https://download-a.akamaihd.net/files/media_bible/9f/nwt_26_Eze_E_17.mp3"},{"Chapter":"Chapter 18","Url":"https://download-a.akamaihd.net/files/media_bible/3c/nwt_26_Eze_E_18.mp3"},{"Chapter":"Chapter 19","Url":"https://download-a.akamaihd.net/files/media_bible/6d/nwt_26_Eze_E_19.mp3"},{"Chapter":"Chapter 20","Url":"https://download-a.akamaihd.net/files/media_bible/11/nwt_26_Eze_E_20.mp3"},{"Chapter":"Chapter 21","Url":"https://download-a.akamaihd.net/files/media_bible/9a/nwt_26_Eze_E_21.mp3"},{"Chapter":"Chapter 22","Url":"https://download-a.akamaihd.net/files/media_bible/d1/nwt_26_Eze_E_22.mp3"},{"Chapter":"Chapter 23","Url":"https://download-a.akamaihd.net/files/media_bible/be/nwt_26_Eze_E_23.mp3"},{"Chapter":"Chapter 24","Url":"https://download-a.akamaihd.net/files/media_bible/b3/nwt_26_Eze_E_24.mp3"},{"Chapter":"Chapter 25","Url":"https://download-a.akamaihd.net/files/media_bible/7e/nwt_26_Eze_E_25.mp3"},{"Chapter":"Chapter 26","Url":"https://download-a.akamaihd.net/files/media_bible/22/nwt_26_Eze_E_26.mp3"},{"Chapter":"Chapter 27","Url":"https://download-a.akamaihd.net/files/media_bible/66/nwt_26_Eze_E_27.mp3"},{"Chapter":"Chapter 28","Url":"https://download-a.akamaihd.net/files/media_bible/aa/nwt_26_Eze_E_28.mp3"},{"Chapter":"Chapter 29","Url":"https://download-a.akamaihd.net/files/media_bible/c9/nwt_26_Eze_E_29.mp3"},{"Chapter":"Chapter 30","Url":"https://download-a.akamaihd.net/files/media_bible/90/nwt_26_Eze_E_30.mp3"},{"Chapter":"Chapter 31","Url":"https://download-a.akamaihd.net/files/media_bible/ce/nwt_26_Eze_E_31.mp3"},{"Chapter":"Chapter 32","Url":"https://download-a.akamaihd.net/files/media_bible/35/nwt_26_Eze_E_32.mp3"},{"Chapter":"Chapter 33","Url":"https://download-a.akamaihd.net/files/media_bible/c3/nwt_26_Eze_E_33.mp3"},{"Chapter":"Chapter 34","Url":"https://download-a.akamaihd.net/files/media_bible/b5/nwt_26_Eze_E_34.mp3"},{"Chapter":"Chapter 35","Url":"https://download-a.akamaihd.net/files/media_bible/3a/nwt_26_Eze_E_35.mp3"},{"Chapter":"Chapter 36","Url":"https://download-a.akamaihd.net/files/media_bible/76/nwt_26_Eze_E_36.mp3"},{"Chapter":"Chapter 37","Url":"https://download-a.akamaihd.net/files/media_bible/71/nwt_26_Eze_E_37.mp3"},{"Chapter":"Chapter 38","Url":"https://download-a.akamaihd.net/files/media_bible/4a/nwt_26_Eze_E_38.mp3"},{"Chapter":"Chapter 39","Url":"https://download-a.akamaihd.net/files/media_bible/84/nwt_26_Eze_E_39.mp3"},{"Chapter":"Chapter 40","Url":"https://download-a.akamaihd.net/files/media_bible/67/nwt_26_Eze_E_40.mp3"},{"Chapter":"Chapter 41","Url":"https://download-a.akamaihd.net/files/media_bible/c4/nwt_26_Eze_E_41.mp3"},{"Chapter":"Chapter 42","Url":"https://download-a.akamaihd.net/files/media_bible/8b/nwt_26_Eze_E_42.mp3"},{"Chapter":"Chapter 43","Url":"https://download-a.akamaihd.net/files/media_bible/9b/nwt_26_Eze_E_43.mp3"},{"Chapter":"Chapter 44","Url":"https://download-a.akamaihd.net/files/media_bible/37/nwt_26_Eze_E_44.mp3"},{"Chapter":"Chapter 45","Url":"https://download-a.akamaihd.net/files/media_bible/b6/nwt_26_Eze_E_45.mp3"},{"Chapter":"Chapter 46","Url":"https://download-a.akamaihd.net/files/media_bible/c1/nwt_26_Eze_E_46.mp3"},{"Chapter":"Chapter 47","Url":"https://download-a.akamaihd.net/files/media_bible/ae/nwt_26_Eze_E_47.mp3"},{"Chapter":"Chapter 48","Url":"https://download-a.akamaihd.net/files/media_bible/a5/nwt_26_Eze_E_48.mp3"}]},{"BookNumber":27,"Name":"Daniel","TotalChapters":12,"Chapters":[{"Chapter":"Chapter 1","Url":"https://download-a.akamaihd.net/files/media_bible/ea/nwt_27_Da_E_01.mp3"},{"Chapter":"Chapter 2","Url":"https://download-a.akamaihd.net/files/media_bible/ed/nwt_27_Da_E_02.mp3"},{"Chapter":"Chapter 3","Url":"https://download-a.akamaihd.net/files/media_bible/18/nwt_27_Da_E_03.mp3"},{"Chapter":"Chapter 4","Url":"https://download-a.akamaihd.net/files/media_bible/0a/nwt_27_Da_E_04.mp3"},{"Chapter":"Chapter 5","Url":"https://download-a.akamaihd.net/files/media_bible/fc/nwt_27_Da_E_05.mp3"},{"Chapter":"Chapter 6","Url":"https://download-a.akamaihd.net/files/media_bible/72/nwt_27_Da_E_06.mp3"},{"Chapter":"Chapter 7","Url":"https://download-a.akamaihd.net/files/media_bible/6f/nwt_27_Da_E_07.mp3"},{"Chapter":"Chapter 8","Url":"https://download-a.akamaihd.net/files/media_bible/c9/nwt_27_Da_E_08.mp3"},{"Chapter":"Chapter 9","Url":"https://download-a.akamaihd.net/files/media_bible/02/nwt_27_Da_E_09.mp3"},{"Chapter":"Chapter 10","Url":"https://download-a.akamaihd.net/files/media_bible/f6/nwt_27_Da_E_10.mp3"},{"Chapter":"Chapter 11","Url":"https://download-a.akamaihd.net/files/media_bible/0d/nwt_27_Da_E_11.mp3"},{"Chapter":"Chapter 12","Url":"https://download-a.akamaihd.net/files/media_bible/07/nwt_27_Da_E_12.mp3"}]},{"BookNumber":28,"Name":"Hosea","TotalChapters":14,"Chapters":[{"Chapter":"Chapter 1","Url":"https://download-a.akamaihd.net/files/media_bible/4d/nwt_28_Ho_E_01.mp3"},{"Chapter":"Chapter 2","Url":"https://download-a.akamaihd.net/files/media_bible/98/nwt_28_Ho_E_02.mp3"},{"Chapter":"Chapter 3","Url":"https://download-a.akamaihd.net/files/media_bible/a0/nwt_28_Ho_E_03.mp3"},{"Chapter":"Chapter 4","Url":"https://download-a.akamaihd.net/files/media_bible/2c/nwt_28_Ho_E_04.mp3"},{"Chapter":"Chapter 5","Url":"https://download-a.akamaihd.net/files/media_bible/be/nwt_28_Ho_E_05.mp3"},{"Chapter":"Chapter 6","Url":"https://download-a.akamaihd.net/files/media_bible/a6/nwt_28_Ho_E_06.mp3"},{"Chapter":"Chapter 7","Url":"https://download-a.akamaihd.net/files/media_bible/15/nwt_28_Ho_E_07.mp3"},{"Chapter":"Chapter 8","Url":"https://download-a.akamaihd.net/files/media_bible/bd/nwt_28_Ho_E_08.mp3"},{"Chapter":"Chapter 9","Url":"https://download-a.akamaihd.net/files/media_bible/87/nwt_28_Ho_E_09.mp3"},{"Chapter":"Chapter 10","Url":"https://download-a.akamaihd.net/files/media_bible/cf/nwt_28_Ho_E_10.mp3"},{"Chapter":"Chapter 11","Url":"https://download-a.akamaihd.net/files/media_bible/61/nwt_28_Ho_E_11.mp3"},{"Chapter":"Chapter 12","Url":"https://download-a.akamaihd.net/files/media_bible/bc/nwt_28_Ho_E_12.mp3"},{"Chapter":"Chapter 13","Url":"https://download-a.akamaihd.net/files/media_bible/73/nwt_28_Ho_E_13.mp3"},{"Chapter":"Chapter 14","Url":"https://download-a.akamaihd.net/files/media_bible/52/nwt_28_Ho_E_14.mp3"}]},{"BookNumber":29,"Name":"Joel","TotalChapters":3,"Chapters":[{"Chapter":"Chapter 1","Url":"https://download-a.akamaihd.net/files/media_bible/d3/nwt_29_Joe_E_01.mp3"},{"Chapter":"Chapter 2","Url":"https://download-a.akamaihd.net/files/media_bible/09/nwt_29_Joe_E_02.mp3"},{"Chapter":"Chapter 3","Url":"https://download-a.akamaihd.net/files/media_bible/9c/nwt_29_Joe_E_03.mp3"}]},{"BookNumber":30,"Name":"Amos","TotalChapters":9,"Chapters":[{"Chapter":"Chapter 1","Url":"https://download-a.akamaihd.net/files/media_bible/f1/nwt_30_Am_E_01.mp3"},{"Chapter":"Chapter 2","Url":"https://download-a.akamaihd.net/files/media_bible/ae/nwt_30_Am_E_02.mp3"},{"Chapter":"Chapter 3","Url":"https://download-a.akamaihd.net/files/media_bible/52/nwt_30_Am_E_03.mp3"},{"Chapter":"Chapter 4","Url":"https://download-a.akamaihd.net/files/media_bible/66/nwt_30_Am_E_04.mp3"},{"Chapter":"Chapter 5","Url":"https://download-a.akamaihd.net/files/media_bible/d0/nwt_30_Am_E_05.mp3"},{"Chapter":"Chapter 6","Url":"https://download-a.akamaihd.net/files/media_bible/75/nwt_30_Am_E_06.mp3"},{"Chapter":"Chapter 7","Url":"https://download-a.akamaihd.net/files/media_bible/81/nwt_30_Am_E_07.mp3"},{"Chapter":"Chapter 8","Url":"https://download-a.akamaihd.net/files/media_bible/43/nwt_30_Am_E_08.mp3"},{"Chapter":"Chapter 9","Url":"https://download-a.akamaihd.net/files/media_bible/d0/nwt_30_Am_E_09.mp3"}]},{"BookNumber":31,"Name":"Obadiah","TotalChapters":1,"Chapters":[{"Chapter":"Chapter 1","Url":"https://download-a.akamaihd.net/files/media_bible/85/nwt_31_Ob_E_01.mp3"}]},{"BookNumber":32,"Name":"Jonah","TotalChapters":4,"Chapters":[{"Chapter":"Chapter 1","Url":"https://download-a.akamaihd.net/files/media_bible/31/nwt_32_Jon_E_01.mp3"},{"Chapter":"Chapter 2","Url":"https://download-a.akamaihd.net/files/media_bible/0a/nwt_32_Jon_E_02.mp3"},{"Chapter":"Chapter 3","Url":"https://download-a.akamaihd.net/files/media_bible/f0/nwt_32_Jon_E_03.mp3"},{"Chapter":"Chapter 4","Url":"https://download-a.akamaihd.net/files/media_bible/89/nwt_32_Jon_E_04.mp3"}]},{"BookNumber":33,"Name":"Micah","TotalChapters":7,"Chapters":[{"Chapter":"Chapter 1","Url":"https://download-a.akamaihd.net/files/media_bible/f8/nwt_33_Mic_E_01.mp3"},{"Chapter":"Chapter 2","Url":"https://download-a.akamaihd.net/files/media_bible/da/nwt_33_Mic_E_02.mp3"},{"Chapter":"Chapter 3","Url":"https://download-a.akamaihd.net/files/media_bible/4f/nwt_33_Mic_E_03.mp3"},{"Chapter":"Chapter 4","Url":"https://download-a.akamaihd.net/files/media_bible/8f/nwt_33_Mic_E_04.mp3"},{"Chapter":"Chapter 5","Url":"https://download-a.akamaihd.net/files/media_bible/a6/nwt_33_Mic_E_05.mp3"},{"Chapter":"Chapter 6","Url":"https://download-a.akamaihd.net/files/media_bible/d8/nwt_33_Mic_E_06.mp3"},{"Chapter":"Chapter 7","Url":"https://download-a.akamaihd.net/files/media_bible/d9/nwt_33_Mic_E_07.mp3"}]},{"BookNumber":34,"Name":"Nahum","TotalChapters":3,"Chapters":[{"Chapter":"Chapter 1","Url":"https://download-a.akamaihd.net/files/media_bible/2f/nwt_34_Na_E_01.mp3"},{"Chapter":"Chapter 2","Url":"https://download-a.akamaihd.net/files/media_bible/aa/nwt_34_Na_E_02.mp3"},{"Chapter":"Chapter 3","Url":"https://download-a.akamaihd.net/files/media_bible/3e/nwt_34_Na_E_03.mp3"}]},{"BookNumber":35,"Name":"Habakkuk","TotalChapters":3,"Chapters":[{"Chapter":"Chapter 1","Url":"https://download-a.akamaihd.net/files/media_bible/15/nwt_35_Hab_E_01.mp3"},{"Chapter":"Chapter 2","Url":"https://download-a.akamaihd.net/files/media_bible/f5/nwt_35_Hab_E_02.mp3"},{"Chapter":"Chapter 3","Url":"https://download-a.akamaihd.net/files/media_bible/30/nwt_35_Hab_E_03.mp3"}]},{"BookNumber":36,"Name":"Zephaniah","TotalChapters":3,"Chapters":[{"Chapter":"Chapter 1","Url":"https://download-a.akamaihd.net/files/media_bible/a8/nwt_36_Zep_E_01.mp3"},{"Chapter":"Chapter 2","Url":"https://download-a.akamaihd.net/files/media_bible/55/nwt_36_Zep_E_02.mp3"},{"Chapter":"Chapter 3","Url":"https://download-a.akamaihd.net/files/media_bible/04/nwt_36_Zep_E_03.mp3"}]},{"BookNumber":37,"Name":"Haggai","TotalChapters":2,"Chapters":[{"Chapter":"Chapter 1","Url":"https://download-a.akamaihd.net/files/media_bible/f1/nwt_37_Hag_E_01.mp3"},{"Chapter":"Chapter 2","Url":"https://download-a.akamaihd.net/files/media_bible/e1/nwt_37_Hag_E_02.mp3"}]},{"BookNumber":38,"Name":"Zechariah","TotalChapters":14,"Chapters":[{"Chapter":"Chapter 1","Url":"https://download-a.akamaihd.net/files/media_bible/64/nwt_38_Zec_E_01.mp3"},{"Chapter":"Chapter 2","Url":"https://download-a.akamaihd.net/files/media_bible/5e/nwt_38_Zec_E_02.mp3"},{"Chapter":"Chapter 3","Url":"https://download-a.akamaihd.net/files/media_bible/68/nwt_38_Zec_E_03.mp3"},{"Chapter":"Chapter 4","Url":"https://download-a.akamaihd.net/files/media_bible/15/nwt_38_Zec_E_04.mp3"},{"Chapter":"Chapter 5","Url":"https://download-a.akamaihd.net/files/media_bible/a3/nwt_38_Zec_E_05.mp3"},{"Chapter":"Chapter 6","Url":"https://download-a.akamaihd.net/files/media_bible/55/nwt_38_Zec_E_06.mp3"},{"Chapter":"Chapter 7","Url":"https://download-a.akamaihd.net/files/media_bible/bd/nwt_38_Zec_E_07.mp3"},{"Chapter":"Chapter 8","Url":"https://download-a.akamaihd.net/files/media_bible/1c/nwt_38_Zec_E_08.mp3"},{"Chapter":"Chapter 9","Url":"https://download-a.akamaihd.net/files/media_bible/ba/nwt_38_Zec_E_09.mp3"},{"Chapter":"Chapter 10","Url":"https://download-a.akamaihd.net/files/media_bible/27/nwt_38_Zec_E_10.mp3"},{"Chapter":"Chapter 11","Url":"https://download-a.akamaihd.net/files/media_bible/a4/nwt_38_Zec_E_11.mp3"},{"Chapter":"Chapter 12","Url":"https://download-a.akamaihd.net/files/media_bible/d9/nwt_38_Zec_E_12.mp3"},{"Chapter":"Chapter 13","Url":"https://download-a.akamaihd.net/files/media_bible/9e/nwt_38_Zec_E_13.mp3"},{"Chapter":"Chapter 14","Url":"https://download-a.akamaihd.net/files/media_bible/ee/nwt_38_Zec_E_14.mp3"}]},{"BookNumber":39,"Name":"Malachi","TotalChapters":4,"Chapters":[{"Chapter":"Chapter 1","Url":"https://download-a.akamaihd.net/files/media_bible/1e/nwt_39_Mal_E_01.mp3"},{"Chapter":"Chapter 2","Url":"https://download-a.akamaihd.net/files/media_bible/f5/nwt_39_Mal_E_02.mp3"},{"Chapter":"Chapter 3","Url":"https://download-a.akamaihd.net/files/media_bible/90/nwt_39_Mal_E_03.mp3"},{"Chapter":"Chapter 4","Url":"https://download-a.akamaihd.net/files/media_bible/62/nwt_39_Mal_E_04.mp3"}]},{"BookNumber":40,"Name":"Matthew","TotalChapters":28,"Chapters":[{"Chapter":"Chapter 1","Url":"https://download-a.akamaihd.net/files/media_bible/ab/nwt_40_Mt_E_01.mp3"},{"Chapter":"Chapter 2","Url":"https://download-a.akamaihd.net/files/media_bible/ac/nwt_40_Mt_E_02.mp3"},{"Chapter":"Chapter 3","Url":"https://download-a.akamaihd.net/files/media_bible/4e/nwt_40_Mt_E_03.mp3"},{"Chapter":"Chapter 4","Url":"https://download-a.akamaihd.net/files/media_bible/41/nwt_40_Mt_E_04.mp3"},{"Chapter":"Chapter 5","Url":"https://download-a.akamaihd.net/files/media_bible/0b/nwt_40_Mt_E_05.mp3"},{"Chapter":"Chapter 6","Url":"https://download-a.akamaihd.net/files/media_bible/79/nwt_40_Mt_E_06.mp3"},{"Chapter":"Chapter 7","Url":"https://download-a.akamaihd.net/files/media_bible/29/nwt_40_Mt_E_07.mp3"},{"Chapter":"Chapter 8","Url":"https://download-a.akamaihd.net/files/media_bible/71/nwt_40_Mt_E_08.mp3"},{"Chapter":"Chapter 9","Url":"https://download-a.akamaihd.net/files/media_bible/fe/nwt_40_Mt_E_09.mp3"},{"Chapter":"Chapter 10","Url":"https://download-a.akamaihd.net/files/media_bible/e2/nwt_40_Mt_E_10.mp3"},{"Chapter":"Chapter 11","Url":"https://download-a.akamaihd.net/files/media_bible/7d/nwt_40_Mt_E_11.mp3"},{"Chapter":"Chapter 12","Url":"https://download-a.akamaihd.net/files/media_bible/8b/nwt_40_Mt_E_12.mp3"},{"Chapter":"Chapter 13","Url":"https://download-a.akamaihd.net/files/media_bible/4d/nwt_40_Mt_E_13.mp3"},{"Chapter":"Chapter 14","Url":"https://download-a.akamaihd.net/files/media_bible/0d/nwt_40_Mt_E_14.mp3"},{"Chapter":"Chapter 15","Url":"https://download-a.akamaihd.net/files/media_bible/34/nwt_40_Mt_E_15.mp3"},{"Chapter":"Chapter 16","Url":"https://download-a.akamaihd.net/files/media_bible/88/nwt_40_Mt_E_16.mp3"},{"Chapter":"Chapter 17","Url":"https://download-a.akamaihd.net/files/media_bible/3f/nwt_40_Mt_E_17.mp3"},{"Chapter":"Chapter 18","Url":"https://download-a.akamaihd.net/files/media_bible/e1/nwt_40_Mt_E_18.mp3"},{"Chapter":"Chapter 19","Url":"https://download-a.akamaihd.net/files/media_bible/8a/nwt_40_Mt_E_19.mp3"},{"Chapter":"Chapter 20","Url":"https://download-a.akamaihd.net/files/media_bible/ff/nwt_40_Mt_E_20.mp3"},{"Chapter":"Chapter 21","Url":"https://download-a.akamaihd.net/files/media_bible/4c/nwt_40_Mt_E_21.mp3"},{"Chapter":"Chapter 22","Url":"https://download-a.akamaihd.net/files/media_bible/be/nwt_40_Mt_E_22.mp3"},{"Chapter":"Chapter 23","Url":"https://download-a.akamaihd.net/files/media_bible/9e/nwt_40_Mt_E_23.mp3"},{"Chapter":"Chapter 24","Url":"https://download-a.akamaihd.net/files/media_bible/50/nwt_40_Mt_E_24.mp3"},{"Chapter":"Chapter 25","Url":"https://download-a.akamaihd.net/files/media_bible/b3/nwt_40_Mt_E_25.mp3"},{"Chapter":"Chapter 26","Url":"https://download-a.akamaihd.net/files/media_bible/a1/nwt_40_Mt_E_26.mp3"},{"Chapter":"Chapter 27","Url":"https://download-a.akamaihd.net/files/media_bible/14/nwt_40_Mt_E_27.mp3"},{"Chapter":"Chapter 28","Url":"https://download-a.akamaihd.net/files/media_bible/c0/nwt_40_Mt_E_28.mp3"}]},{"BookNumber":41,"Name":"Mark","TotalChapters":16,"Chapters":[{"Chapter":"Chapter 1","Url":"https://download-a.akamaihd.net/files/media_bible/c7/nwt_41_Mr_E_01.mp3"},{"Chapter":"Chapter 2","Url":"https://download-a.akamaihd.net/files/media_bible/7f/nwt_41_Mr_E_02.mp3"},{"Chapter":"Chapter 3","Url":"https://download-a.akamaihd.net/files/media_bible/33/nwt_41_Mr_E_03.mp3"},{"Chapter":"Chapter 4","Url":"https://download-a.akamaihd.net/files/media_bible/b7/nwt_41_Mr_E_04.mp3"},{"Chapter":"Chapter 5","Url":"https://download-a.akamaihd.net/files/media_bible/ae/nwt_41_Mr_E_05.mp3"},{"Chapter":"Chapter 6","Url":"https://download-a.akamaihd.net/files/media_bible/98/nwt_41_Mr_E_06.mp3"},{"Chapter":"Chapter 7","Url":"https://download-a.akamaihd.net/files/media_bible/07/nwt_41_Mr_E_07.mp3"},{"Chapter":"Chapter 8","Url":"https://download-a.akamaihd.net/files/media_bible/c8/nwt_41_Mr_E_08.mp3"},{"Chapter":"Chapter 9","Url":"https://download-a.akamaihd.net/files/media_bible/09/nwt_41_Mr_E_09.mp3"},{"Chapter":"Chapter 10","Url":"https://download-a.akamaihd.net/files/media_bible/be/nwt_41_Mr_E_10.mp3"},{"Chapter":"Chapter 11","Url":"https://download-a.akamaihd.net/files/media_bible/96/nwt_41_Mr_E_11.mp3"},{"Chapter":"Chapter 12","Url":"https://download-a.akamaihd.net/files/media_bible/4e/nwt_41_Mr_E_12.mp3"},{"Chapter":"Chapter 13","Url":"https://download-a.akamaihd.net/files/media_bible/56/nwt_41_Mr_E_13.mp3"},{"Chapter":"Chapter 14","Url":"https://download-a.akamaihd.net/files/media_bible/34/nwt_41_Mr_E_14.mp3"},{"Chapter":"Chapter 15","Url":"https://download-a.akamaihd.net/files/media_bible/32/nwt_41_Mr_E_15.mp3"},{"Chapter":"Chapter 16","Url":"https://download-a.akamaihd.net/files/media_bible/c6/nwt_41_Mr_E_16.mp3"}]},{"BookNumber":42,"Name":"Luke","TotalChapters":24,"Chapters":[{"Chapter":"Chapter 1","Url":"https://download-a.akamaihd.net/files/media_bible/76/nwt_42_Lu_E_01.mp3"},{"Chapter":"Chapter 2","Url":"https://download-a.akamaihd.net/files/media_bible/39/nwt_42_Lu_E_02.mp3"},{"Chapter":"Chapter 3","Url":"https://download-a.akamaihd.net/files/media_bible/f0/nwt_42_Lu_E_03.mp3"},{"Chapter":"Chapter 4","Url":"https://download-a.akamaihd.net/files/media_bible/00/nwt_42_Lu_E_04.mp3"},{"Chapter":"Chapter 5","Url":"https://download-a.akamaihd.net/files/media_bible/51/nwt_42_Lu_E_05.mp3"},{"Chapter":"Chapter 6","Url":"https://download-a.akamaihd.net/files/media_bible/1a/nwt_42_Lu_E_06.mp3"},{"Chapter":"Chapter 7","Url":"https://download-a.akamaihd.net/files/media_bible/0b/nwt_42_Lu_E_07.mp3"},{"Chapter":"Chapter 8","Url":"https://download-a.akamaihd.net/files/media_bible/69/nwt_42_Lu_E_08.mp3"},{"Chapter":"Chapter 9","Url":"https://download-a.akamaihd.net/files/media_bible/04/nwt_42_Lu_E_09.mp3"},{"Chapter":"Chapter 10","Url":"https://download-a.akamaihd.net/files/media_bible/78/nwt_42_Lu_E_10.mp3"},{"Chapter":"Chapter 11","Url":"https://download-a.akamaihd.net/files/media_bible/43/nwt_42_Lu_E_11.mp3"},{"Chapter":"Chapter 12","Url":"https://download-a.akamaihd.net/files/media_bible/16/nwt_42_Lu_E_12.mp3"},{"Chapter":"Chapter 13","Url":"https://download-a.akamaihd.net/files/media_bible/08/nwt_42_Lu_E_13.mp3"},{"Chapter":"Chapter 14","Url":"https://download-a.akamaihd.net/files/media_bible/b0/nwt_42_Lu_E_14.mp3"},{"Chapter":"Chapter 15","Url":"https://download-a.akamaihd.net/files/media_bible/c5/nwt_42_Lu_E_15.mp3"},{"Chapter":"Chapter 16","Url":"https://download-a.akamaihd.net/files/media_bible/0a/nwt_42_Lu_E_16.mp3"},{"Chapter":"Chapter 17","Url":"https://download-a.akamaihd.net/files/media_bible/90/nwt_42_Lu_E_17.mp3"},{"Chapter":"Chapter 18","Url":"https://download-a.akamaihd.net/files/media_bible/1c/nwt_42_Lu_E_18.mp3"},{"Chapter":"Chapter 19","Url":"https://download-a.akamaihd.net/files/media_bible/ab/nwt_42_Lu_E_19.mp3"},{"Chapter":"Chapter 20","Url":"https://download-a.akamaihd.net/files/media_bible/45/nwt_42_Lu_E_20.mp3"},{"Chapter":"Chapter 21","Url":"https://download-a.akamaihd.net/files/media_bible/5a/nwt_42_Lu_E_21.mp3"},{"Chapter":"Chapter 22","Url":"https://download-a.akamaihd.net/files/media_bible/89/nwt_42_Lu_E_22.mp3"},{"Chapter":"Chapter 23","Url":"https://download-a.akamaihd.net/files/media_bible/69/nwt_42_Lu_E_23.mp3"},{"Chapter":"Chapter 24","Url":"https://download-a.akamaihd.net/files/media_bible/dd/nwt_42_Lu_E_24.mp3"}]},{"BookNumber":43,"Name":"John","TotalChapters":21,"Chapters":[{"Chapter":"Chapter 1","Url":"https://download-a.akamaihd.net/files/media_bible/73/nwt_43_Joh_E_01.mp3"},{"Chapter":"Chapter 2","Url":"https://download-a.akamaihd.net/files/media_bible/91/nwt_43_Joh_E_02.mp3"},{"Chapter":"Chapter 3","Url":"https://download-a.akamaihd.net/files/media_bible/fa/nwt_43_Joh_E_03.mp3"},{"Chapter":"Chapter 4","Url":"https://download-a.akamaihd.net/files/media_bible/9a/nwt_43_Joh_E_04.mp3"},{"Chapter":"Chapter 5","Url":"https://download-a.akamaihd.net/files/media_bible/8c/nwt_43_Joh_E_05.mp3"},{"Chapter":"Chapter 6","Url":"https://download-a.akamaihd.net/files/media_bible/5b/nwt_43_Joh_E_06.mp3"},{"Chapter":"Chapter 7","Url":"https://download-a.akamaihd.net/files/media_bible/43/nwt_43_Joh_E_07.mp3"},{"Chapter":"Chapter 8","Url":"https://download-a.akamaihd.net/files/media_bible/e2/nwt_43_Joh_E_08.mp3"},{"Chapter":"Chapter 9","Url":"https://download-a.akamaihd.net/files/media_bible/ac/nwt_43_Joh_E_09.mp3"},{"Chapter":"Chapter 10","Url":"https://download-a.akamaihd.net/files/media_bible/90/nwt_43_Joh_E_10.mp3"},{"Chapter":"Chapter 11","Url":"https://download-a.akamaihd.net/files/media_bible/57/nwt_43_Joh_E_11.mp3"},{"Chapter":"Chapter 12","Url":"https://download-a.akamaihd.net/files/media_bible/21/nwt_43_Joh_E_12.mp3"},{"Chapter":"Chapter 13","Url":"https://download-a.akamaihd.net/files/media_bible/67/nwt_43_Joh_E_13.mp3"},{"Chapter":"Chapter 14","Url":"https://download-a.akamaihd.net/files/media_bible/09/nwt_43_Joh_E_14.mp3"},{"Chapter":"Chapter 15","Url":"https://download-a.akamaihd.net/files/media_bible/f7/nwt_43_Joh_E_15.mp3"},{"Chapter":"Chapter 16","Url":"https://download-a.akamaihd.net/files/media_bible/c2/nwt_43_Joh_E_16.mp3"},{"Chapter":"Chapter 17","Url":"https://download-a.akamaihd.net/files/media_bible/67/nwt_43_Joh_E_17.mp3"},{"Chapter":"Chapter 18","Url":"https://download-a.akamaihd.net/files/media_bible/79/nwt_43_Joh_E_18.mp3"},{"Chapter":"Chapter 19","Url":"https://download-a.akamaihd.net/files/media_bible/d1/nwt_43_Joh_E_19.mp3"},{"Chapter":"Chapter 20","Url":"https://download-a.akamaihd.net/files/media_bible/27/nwt_43_Joh_E_20.mp3"},{"Chapter":"Chapter 21","Url":"https://download-a.akamaihd.net/files/media_bible/7a/nwt_43_Joh_E_21.mp3"}]},{"BookNumber":44,"Name":"Acts","TotalChapters":28,"Chapters":[{"Chapter":"Chapter 1","Url":"https://download-a.akamaihd.net/files/media_bible/15/nwt_44_Ac_E_01.mp3"},{"Chapter":"Chapter 2","Url":"https://download-a.akamaihd.net/files/media_bible/0a/nwt_44_Ac_E_02.mp3"},{"Chapter":"Chapter 3","Url":"https://download-a.akamaihd.net/files/media_bible/c7/nwt_44_Ac_E_03.mp3"},{"Chapter":"Chapter 4","Url":"https://download-a.akamaihd.net/files/media_bible/7d/nwt_44_Ac_E_04.mp3"},{"Chapter":"Chapter 5","Url":"https://download-a.akamaihd.net/files/media_bible/8e/nwt_44_Ac_E_05.mp3"},{"Chapter":"Chapter 6","Url":"https://download-a.akamaihd.net/files/media_bible/51/nwt_44_Ac_E_06.mp3"},{"Chapter":"Chapter 7","Url":"https://download-a.akamaihd.net/files/media_bible/49/nwt_44_Ac_E_07.mp3"},{"Chapter":"Chapter 8","Url":"https://download-a.akamaihd.net/files/media_bible/11/nwt_44_Ac_E_08.mp3"},{"Chapter":"Chapter 9","Url":"https://download-a.akamaihd.net/files/media_bible/78/nwt_44_Ac_E_09.mp3"},{"Chapter":"Chapter 10","Url":"https://download-a.akamaihd.net/files/media_bible/c1/nwt_44_Ac_E_10.mp3"},{"Chapter":"Chapter 11","Url":"https://download-a.akamaihd.net/files/media_bible/1d/nwt_44_Ac_E_11.mp3"},{"Chapter":"Chapter 12","Url":"https://download-a.akamaihd.net/files/media_bible/d8/nwt_44_Ac_E_12.mp3"},{"Chapter":"Chapter 13","Url":"https://download-a.akamaihd.net/files/media_bible/e4/nwt_44_Ac_E_13.mp3"},{"Chapter":"Chapter 14","Url":"https://download-a.akamaihd.net/files/media_bible/21/nwt_44_Ac_E_14.mp3"},{"Chapter":"Chapter 15","Url":"https://download-a.akamaihd.net/files/media_bible/1b/nwt_44_Ac_E_15.mp3"},{"Chapter":"Chapter 16","Url":"https://download-a.akamaihd.net/files/media_bible/66/nwt_44_Ac_E_16.mp3"},{"Chapter":"Chapter 17","Url":"https://download-a.akamaihd.net/files/media_bible/92/nwt_44_Ac_E_17.mp3"},{"Chapter":"Chapter 18","Url":"https://download-a.akamaihd.net/files/media_bible/b9/nwt_44_Ac_E_18.mp3"},{"Chapter":"Chapter 19","Url":"https://download-a.akamaihd.net/files/media_bible/fc/nwt_44_Ac_E_19.mp3"},{"Chapter":"Chapter 20","Url":"https://download-a.akamaihd.net/files/media_bible/60/nwt_44_Ac_E_20.mp3"},{"Chapter":"Chapter 21","Url":"https://download-a.akamaihd.net/files/media_bible/9e/nwt_44_Ac_E_21.mp3"},{"Chapter":"Chapter 22","Url":"https://download-a.akamaihd.net/files/media_bible/d5/nwt_44_Ac_E_22.mp3"},{"Chapter":"Chapter 23","Url":"https://download-a.akamaihd.net/files/media_bible/79/nwt_44_Ac_E_23.mp3"},{"Chapter":"Chapter 24","Url":"https://download-a.akamaihd.net/files/media_bible/4e/nwt_44_Ac_E_24.mp3"},{"Chapter":"Chapter 25","Url":"https://download-a.akamaihd.net/files/media_bible/36/nwt_44_Ac_E_25.mp3"},{"Chapter":"Chapter 26","Url":"https://download-a.akamaihd.net/files/media_bible/84/nwt_44_Ac_E_26.mp3"},{"Chapter":"Chapter 27","Url":"https://download-a.akamaihd.net/files/media_bible/59/nwt_44_Ac_E_27.mp3"},{"Chapter":"Chapter 28","Url":"https://download-a.akamaihd.net/files/media_bible/a1/nwt_44_Ac_E_28.mp3"}]},{"BookNumber":45,"Name":"Romans","TotalChapters":16,"Chapters":[{"Chapter":"Chapter 1","Url":"https://download-a.akamaihd.net/files/media_bible/f2/nwt_45_Ro_E_01.mp3"},{"Chapter":"Chapter 2","Url":"https://download-a.akamaihd.net/files/media_bible/e2/nwt_45_Ro_E_02.mp3"},{"Chapter":"Chapter 3","Url":"https://download-a.akamaihd.net/files/media_bible/af/nwt_45_Ro_E_03.mp3"},{"Chapter":"Chapter 4","Url":"https://download-a.akamaihd.net/files/media_bible/f9/nwt_45_Ro_E_04.mp3"},{"Chapter":"Chapter 5","Url":"https://download-a.akamaihd.net/files/media_bible/a7/nwt_45_Ro_E_05.mp3"},{"Chapter":"Chapter 6","Url":"https://download-a.akamaihd.net/files/media_bible/bd/nwt_45_Ro_E_06.mp3"},{"Chapter":"Chapter 7","Url":"https://download-a.akamaihd.net/files/media_bible/1b/nwt_45_Ro_E_07.mp3"},{"Chapter":"Chapter 8","Url":"https://download-a.akamaihd.net/files/media_bible/6b/nwt_45_Ro_E_08.mp3"},{"Chapter":"Chapter 9","Url":"https://download-a.akamaihd.net/files/media_bible/20/nwt_45_Ro_E_09.mp3"},{"Chapter":"Chapter 10","Url":"https://download-a.akamaihd.net/files/media_bible/f7/nwt_45_Ro_E_10.mp3"},{"Chapter":"Chapter 11","Url":"https://download-a.akamaihd.net/files/media_bible/b7/nwt_45_Ro_E_11.mp3"},{"Chapter":"Chapter 12","Url":"https://download-a.akamaihd.net/files/media_bible/ce/nwt_45_Ro_E_12.mp3"},{"Chapter":"Chapter 13","Url":"https://download-a.akamaihd.net/files/media_bible/ac/nwt_45_Ro_E_13.mp3"},{"Chapter":"Chapter 14","Url":"https://download-a.akamaihd.net/files/media_bible/80/nwt_45_Ro_E_14.mp3"},{"Chapter":"Chapter 15","Url":"https://download-a.akamaihd.net/files/media_bible/3d/nwt_45_Ro_E_15.mp3"},{"Chapter":"Chapter 16","Url":"https://download-a.akamaihd.net/files/media_bible/1d/nwt_45_Ro_E_16.mp3"}]},{"BookNumber":48,"Name":"Galatians","TotalChapters":6,"Chapters":[{"Chapter":"Chapter 1","Url":"https://download-a.akamaihd.net/files/media_bible/72/nwt_48_Ga_E_01.mp3"},{"Chapter":"Chapter 2","Url":"https://download-a.akamaihd.net/files/media_bible/fe/nwt_48_Ga_E_02.mp3"},{"Chapter":"Chapter 3","Url":"https://download-a.akamaihd.net/files/media_bible/04/nwt_48_Ga_E_03.mp3"},{"Chapter":"Chapter 4","Url":"https://download-a.akamaihd.net/files/media_bible/9e/nwt_48_Ga_E_04.mp3"},{"Chapter":"Chapter 5","Url":"https://download-a.akamaihd.net/files/media_bible/2f/nwt_48_Ga_E_05.mp3"},{"Chapter":"Chapter 6","Url":"https://download-a.akamaihd.net/files/media_bible/9a/nwt_48_Ga_E_06.mp3"}]},{"BookNumber":50,"Name":"Philippians","TotalChapters":4,"Chapters":[{"Chapter":"Chapter 1","Url":"https://download-a.akamaihd.net/files/media_bible/c1/nwt_50_Php_E_01.mp3"},{"Chapter":"Chapter 2","Url":"https://download-a.akamaihd.net/files/media_bible/f1/nwt_50_Php_E_02.mp3"},{"Chapter":"Chapter 3","Url":"https://download-a.akamaihd.net/files/media_bible/6c/nwt_50_Php_E_03.mp3"},{"Chapter":"Chapter 4","Url":"https://download-a.akamaihd.net/files/media_bible/f4/nwt_50_Php_E_04.mp3"}]},{"BookNumber":52,"Name":"1 Thessalonians","TotalChapters":5,"Chapters":[{"Chapter":"Chapter 1","Url":"https://download-a.akamaihd.net/files/media_bible/24/nwt_52_1Th_E_01.mp3"},{"Chapter":"Chapter 2","Url":"https://download-a.akamaihd.net/files/media_bible/eb/nwt_52_1Th_E_02.mp3"},{"Chapter":"Chapter 3","Url":"https://download-a.akamaihd.net/files/media_bible/7e/nwt_52_1Th_E_03.mp3"},{"Chapter":"Chapter 4","Url":"https://download-a.akamaihd.net/files/media_bible/6e/nwt_52_1Th_E_04.mp3"},{"Chapter":"Chapter 5","Url":"https://download-a.akamaihd.net/files/media_bible/c1/nwt_52_1Th_E_05.mp3"}]},{"BookNumber":53,"Name":"2 Thessalonians","TotalChapters":3,"Chapters":[{"Chapter":"Chapter 1","Url":"https://download-a.akamaihd.net/files/media_bible/d9/nwt_53_2Th_E_01.mp3"},{"Chapter":"Chapter 2","Url":"https://download-a.akamaihd.net/files/media_bible/e8/nwt_53_2Th_E_02.mp3"},{"Chapter":"Chapter 3","Url":"https://download-a.akamaihd.net/files/media_bible/37/nwt_53_2Th_E_03.mp3"}]},{"BookNumber":57,"Name":"Philemon","TotalChapters":1,"Chapters":[{"Chapter":"Chapter 1","Url":"https://download-a.akamaihd.net/files/media_bible/e5/nwt_57_Phm_E_01.mp3"}]},{"BookNumber":62,"Name":"1 John","TotalChapters":5,"Chapters":[{"Chapter":"Chapter 1","Url":"https://download-a.akamaihd.net/files/media_bible/09/nwt_62_1Jo_E_01.mp3"},{"Chapter":"Chapter 2","Url":"https://download-a.akamaihd.net/files/media_bible/e5/nwt_62_1Jo_E_02.mp3"},{"Chapter":"Chapter 3","Url":"https://download-a.akamaihd.net/files/media_bible/5c/nwt_62_1Jo_E_03.mp3"},{"Chapter":"Chapter 4","Url":"https://download-a.akamaihd.net/files/media_bible/c3/nwt_62_1Jo_E_04.mp3"},{"Chapter":"Chapter 5","Url":"https://download-a.akamaihd.net/files/media_bible/61/nwt_62_1Jo_E_05.mp3"}]},{"BookNumber":63,"Name":"2 John","TotalChapters":1,"Chapters":[{"Chapter":"Chapter 1","Url":"https://download-a.akamaihd.net/files/media_bible/a8/nwt_63_2Jo_E_01.mp3"}]},{"BookNumber":64,"Name":"3 John","TotalChapters":1,"Chapters":[{"Chapter":"Chapter 1","Url":"https://download-a.akamaihd.net/files/media_bible/ca/nwt_64_3Jo_E_01.mp3"}]},{"BookNumber":65,"Name":"Jude","TotalChapters":1,"Chapters":[{"Chapter":"Chapter 1","Url":"https://download-a.akamaihd.net/files/media_bible/10/nwt_65_Jude_E_01.mp3"}]}]