{"Title":"Sing to Jehovah—Vocal Renditions, Disc 2","Tracks":[{"Title":"074-V Say Gayaga nen Jehova","Url":"https://download-a.akamaihd.net/files/media_music/22/iasnv2_PN_01.mp3"},{"Title":"095-V ‘Tawayan tan Nengnengen a si Jehova et Maong’","Url":"https://download-a.akamaihd.net/files/media_music/9d/iasnv2_PN_02.mp3"},{"Title":"069-V Ipaamtam ed Siak Iray Dalan Mo","Url":"https://download-a.akamaihd.net/files/media_music/f0/iasnv2_PN_03.mp3"},{"Title":"130-V Say Milagro na Bilay","Url":"https://download-a.akamaihd.net/files/media_music/4b/iasnv2_PN_04.mp3"},{"Title":"060-V Pabiskegen To Ka","Url":"https://download-a.akamaihd.net/files/media_music/8b/iasnv2_PN_05.mp3"},{"Title":"107-V Ontatdang ed Palandey nen Jehova","Url":"https://download-a.akamaihd.net/files/media_music/71/iasnv2_PN_06.mp3"},{"Title":"088-V Saray Anak et Impiya na Dios","Url":"https://download-a.akamaihd.net/files/media_music/a4/iasnv2_PN_07.mp3"},{"Title":"081-V “Aruman Moy Pananisia Mi”","Url":"https://download-a.akamaihd.net/files/media_music/86/iasnv2_PN_08.mp3"},{"Title":"058-V Pikakasik Nipaakar ed Dedikasyon Ko","Url":"https://download-a.akamaihd.net/files/media_music/27/iasnv2_PN_09.mp3"},{"Title":"108-V Idayew si Jehova Lapud Panarian To","Url":"https://download-a.akamaihd.net/files/media_music/e0/iasnv2_PN_10.mp3"},{"Title":"116-V Lalon Onsisinag so Liwawa","Url":"https://download-a.akamaihd.net/files/media_music/12/iasnv2_PN_11.mp3"},{"Title":"123-V Saray Pastol—Regalo Iran Lalaki","Url":"https://download-a.akamaihd.net/files/media_music/84/iasnv2_PN_12.mp3"},{"Title":"124-V Awaten Ira Tekep na Inkamaparawes","Url":"https://download-a.akamaihd.net/files/media_music/dd/iasnv2_PN_13.mp3"},{"Title":"061-V No Anto so Nepeg ya Inkatook","Url":"https://download-a.akamaihd.net/files/media_music/63/iasnv2_PN_14.mp3"},{"Title":"064-V Ipapusom so Katuaan","Url":"https://download-a.akamaihd.net/files/media_music/cb/iasnv2_PN_15.mp3"},{"Title":"008-V Say Pangdem na Katawan","Url":"https://download-a.akamaihd.net/files/media_music/0b/iasnv2_PN_16.mp3"},{"Title":"068-V Pikakasi na Nagogonigon","Url":"https://download-a.akamaihd.net/files/media_music/9d/iasnv2_PN_17.mp3"},{"Title":"057-V Say Dadalepdepen na Pusok","Url":"https://download-a.akamaihd.net/files/media_music/7d/iasnv2_PN_18.mp3"},{"Title":"085-V Sigpot a Tumang Manlapud si Jehova","Url":"https://download-a.akamaihd.net/files/media_music/ca/iasnv2_PN_19.mp3"}]}