{"Title":"Sing to Jehovah—Vocal Renditions, Disc 4","Tracks":[{"Title":"102–В Пей с нас песента за Царството!","Url":"https://download-a.akamaihd.net/files/media_music/89/iasnv4_BL_01.mp3"},{"Title":"007–В Християнско отдаване","Url":"https://download-a.akamaihd.net/files/media_music/d3/iasnv4_BL_02.mp3"},{"Title":"066–В Служи на Йехова с цялата си душа","Url":"https://download-a.akamaihd.net/files/media_music/9d/iasnv4_BL_03.mp3"},{"Title":"003–В „Бог е любов“","Url":"https://download-a.akamaihd.net/files/media_music/9f/iasnv4_BL_04.mp3"},{"Title":"119–В Ела и се освежи!","Url":"https://download-a.akamaihd.net/files/media_music/d3/iasnv4_BL_05.mp3"},{"Title":"027–В Застани на страната на Йехова!","Url":"https://download-a.akamaihd.net/files/media_music/04/iasnv4_BL_06.mp3"},{"Title":"132–В Победна песен","Url":"https://download-a.akamaihd.net/files/media_music/c8/iasnv4_BL_07.mp3"},{"Title":"012–В Обещанието за вечен живот","Url":"https://download-a.akamaihd.net/files/media_music/87/iasnv4_BL_08.mp3"},{"Title":"004–В Да си изградим добро име пред Бога","Url":"https://download-a.akamaihd.net/files/media_music/52/iasnv4_BL_09.mp3"},{"Title":"059–В Отдадени сме на Бога","Url":"https://download-a.akamaihd.net/files/media_music/fe/iasnv4_BL_10.mp3"},{"Title":"022–В „Йехова е моят Пастир“","Url":"https://download-a.akamaihd.net/files/media_music/d0/iasnv4_BL_11.mp3"},{"Title":"073–В Проявявайте силна любов от сърце","Url":"https://download-a.akamaihd.net/files/media_music/e7/iasnv4_BL_12.mp3"},{"Title":"097–В Напред, служители на Царството!","Url":"https://download-a.akamaihd.net/files/media_music/23/iasnv4_BL_13.mp3"},{"Title":"029–В Да бъдем неопетнени","Url":"https://download-a.akamaihd.net/files/media_music/62/iasnv4_BL_14.mp3"},{"Title":"070–В Да се уверяваме кои са по–важните неща","Url":"https://download-a.akamaihd.net/files/media_music/19/iasnv4_BL_15.mp3"},{"Title":"006–В Молитвата на Божия служител","Url":"https://download-a.akamaihd.net/files/media_music/a8/iasnv4_BL_16.mp3"},{"Title":"086–В Жени, верни на Бога","Url":"https://download-a.akamaihd.net/files/media_music/25/iasnv4_BL_17.mp3"},{"Title":"131–В Йехова е нашият Избавител","Url":"https://download-a.akamaihd.net/files/media_music/0a/iasnv4_BL_18.mp3"}]}