{"Title":"Sing to Jehovah—Vocal Renditions, Disc 4","Tracks":[{"Title":"102-В Разом заспіваймо пісню Царства","Url":"https://download-a.akamaihd.net/files/media_music/f7/iasnv4_K_01.mp3"},{"Title":"007-В Християнське присвячення","Url":"https://download-a.akamaihd.net/files/media_music/6f/iasnv4_K_02.mp3"},{"Title":"066-В Служи Єгові всією душею","Url":"https://download-a.akamaihd.net/files/media_music/22/iasnv4_K_03.mp3"},{"Title":"003-В «Бог є любов»","Url":"https://download-a.akamaihd.net/files/media_music/d3/iasnv4_K_04.mp3"},{"Title":"119-В Отримуймо відсвіження на зібраннях","Url":"https://download-a.akamaihd.net/files/media_music/2d/iasnv4_K_05.mp3"},{"Title":"027-В Служи лиш Єгові","Url":"https://download-a.akamaihd.net/files/media_music/fd/iasnv4_K_06.mp3"},{"Title":"132-В Пісня перемоги","Url":"https://download-a.akamaihd.net/files/media_music/17/iasnv4_K_07.mp3"},{"Title":"012-В Бог обіцяє вічне життя","Url":"https://download-a.akamaihd.net/files/media_music/eb/iasnv4_K_08.mp3"},{"Title":"004-В Здобуваймо добре ім’я у Бога","Url":"https://download-a.akamaihd.net/files/media_music/5e/iasnv4_K_09.mp3"},{"Title":"059-В Ми присвячені Богові","Url":"https://download-a.akamaihd.net/files/media_music/d9/iasnv4_K_10.mp3"},{"Title":"022-В «Єгова — мій Пастир»","Url":"https://download-a.akamaihd.net/files/media_music/ee/iasnv4_K_11.mp3"},{"Title":"073-В Любіть від усього серця","Url":"https://download-a.akamaihd.net/files/media_music/bc/iasnv4_K_12.mp3"},{"Title":"097-В Вперед, служителі Царства!","Url":"https://download-a.akamaihd.net/files/media_music/c9/iasnv4_K_13.mp3"},{"Title":"029-В Ходитиму в невинності","Url":"https://download-a.akamaihd.net/files/media_music/8c/iasnv4_K_14.mp3"},{"Title":"070-В Визначайте, що є найважливішим","Url":"https://download-a.akamaihd.net/files/media_music/f2/iasnv4_K_15.mp3"},{"Title":"006-В Молитва Божого слуги","Url":"https://download-a.akamaihd.net/files/media_music/82/iasnv4_K_16.mp3"},{"Title":"086-В Вірні жінки та християнки","Url":"https://download-a.akamaihd.net/files/media_music/89/iasnv4_K_17.mp3"},{"Title":"131-В Єгова — наш Визволитель","Url":"https://download-a.akamaihd.net/files/media_music/8c/iasnv4_K_18.mp3"}]}