{"Title":"Sing to Jehovah—Vocal Renditions, Disc 1","Tracks":[{"Title":"065-V ‘Njila nyewu’","Url":"https://download-a.akamaihd.net/files/media_music/b4/iasnv1_SH_01.mp3"},{"Title":"063-V Tuikalayi anu ne lulamatu","Url":"https://download-a.akamaihd.net/files/media_music/db/iasnv1_SH_02.mp3"},{"Title":"111-V Neababikile","Url":"https://download-a.akamaihd.net/files/media_music/38/iasnv1_SH_03.mp3"},{"Title":"110-V Midimu ya Nzambi nya dikema!","Url":"https://download-a.akamaihd.net/files/media_music/9a/iasnv1_SH_04.mp3"},{"Title":"075-V Malu atudi ne bua kusankila","Url":"https://download-a.akamaihd.net/files/media_music/9f/iasnv1_SH_05.mp3"},{"Title":"087-V Tukadi mubidi umue mpindieu","Url":"https://download-a.akamaihd.net/files/media_music/ce/iasnv1_SH_06.mp3"},{"Title":"036-V ‘Tshidi tshibumbakaja kudi Nzambi’","Url":"https://download-a.akamaihd.net/files/media_music/ad/iasnv1_SH_07.mp3"},{"Title":"045-V Ndayi anu kumpala!","Url":"https://download-a.akamaihd.net/files/media_music/88/iasnv1_SH_08.mp3"},{"Title":"098-V Tumiaminayi maminu a Bukalenge","Url":"https://download-a.akamaihd.net/files/media_music/d4/iasnv1_SH_09.mp3"},{"Title":"084-V “Ndi musue”","Url":"https://download-a.akamaihd.net/files/media_music/77/iasnv1_SH_10.mp3"},{"Title":"092-V ‘Ambila bantu Dîyi dia Nzambi’","Url":"https://download-a.akamaihd.net/files/media_music/71/iasnv1_SH_11.mp3"},{"Title":"109-V Tusekelelayi Muan’a bute wa Yehowa!","Url":"https://download-a.akamaihd.net/files/media_music/ee/iasnv1_SH_12.mp3"},{"Title":"089-V Yehowa udi ukusengelela ne: ‘Muananyi, wikale ne meji’","Url":"https://download-a.akamaihd.net/files/media_music/3c/iasnv1_SH_13.mp3"},{"Title":"101-V Tumanyishe bulelela bua Bukalenge","Url":"https://download-a.akamaihd.net/files/media_music/75/iasnv1_SH_14.mp3"},{"Title":"091-V Tatu wanyi, Nzambi wanyi, ne Mulunda wanyi","Url":"https://download-a.akamaihd.net/files/media_music/bd/iasnv1_SH_15.mp3"},{"Title":"090-V Bulengele bua nsuki mitoke","Url":"https://download-a.akamaihd.net/files/media_music/10/iasnv1_SH_16.mp3"},{"Title":"134-V Ela meji pavuijabu bintu bionso bipiabipia!","Url":"https://download-a.akamaihd.net/files/media_music/d7/iasnv1_SH_17.mp3"}]}