{"Title":"Sing to Jehovah—Vocal Renditions, Disc 2","Tracks":[{"Title":"074-V Jehovos džiaugsmas — mūsų stiprybė","Url":"https://download-a.akamaihd.net/files/media_music/8e/iasnv2_L_001.mp3"},{"Title":"095-V Ragaukite ir patirkite, koks Jehova geras","Url":"https://download-a.akamaihd.net/files/media_music/43/iasnv2_L_002.mp3"},{"Title":"069-V Parodyk man savo kelius","Url":"https://download-a.akamaihd.net/files/media_music/f5/iasnv2_L_003.mp3"},{"Title":"130-V Gyvenimo versmė","Url":"https://download-a.akamaihd.net/files/media_music/6a/iasnv2_L_004.mp3"},{"Title":"060-V Jis tave sustiprins","Url":"https://download-a.akamaihd.net/files/media_music/58/iasnv2_L_005.mp3"},{"Title":"107-V Kopkim į Dievo kalną","Url":"https://download-a.akamaihd.net/files/media_music/53/iasnv2_L_006.mp3"},{"Title":"088-V Vaikai — Dievo patikėtas turtas","Url":"https://download-a.akamaihd.net/files/media_music/09/iasnv2_L_007.mp3"},{"Title":"081-V „Sustiprink mūsų tikėjimą“","Url":"https://download-a.akamaihd.net/files/media_music/6f/iasnv2_L_008.mp3"},{"Title":"058-V Mano pasiaukojimo malda","Url":"https://download-a.akamaihd.net/files/media_music/c9/iasnv2_L_009.mp3"},{"Title":"108-V Šlovinga Jehovos Karalystė","Url":"https://download-a.akamaihd.net/files/media_music/e9/iasnv2_L_010.mp3"},{"Title":"116-V Šviesa ryškėja","Url":"https://download-a.akamaihd.net/files/media_music/7e/iasnv2_L_011.mp3"},{"Title":"123-V Ganytojai — Dievo dovana","Url":"https://download-a.akamaihd.net/files/media_music/47/iasnv2_L_012.mp3"},{"Title":"124-V Būkime svetingi","Url":"https://download-a.akamaihd.net/files/media_music/dd/iasnv2_L_013.mp3"},{"Title":"061-V Kokiam reikia būti, padėk išmanyt","Url":"https://download-a.akamaihd.net/files/media_music/4a/iasnv2_L_014.mp3"},{"Title":"064-V Tegyvens tiesa tavyje","Url":"https://download-a.akamaihd.net/files/media_music/1d/iasnv2_L_015.mp3"},{"Title":"008-V Viešpaties vakarienė","Url":"https://download-a.akamaihd.net/files/media_music/ec/iasnv2_L_016.mp3"},{"Title":"068-V Prislėgtaširdžio malda","Url":"https://download-a.akamaihd.net/files/media_music/0c/iasnv2_L_017.mp3"},{"Title":"057-V Mano širdies apmąstymai","Url":"https://download-a.akamaihd.net/files/media_music/c5/iasnv2_L_018.mp3"},{"Title":"085-V Jehova atlygina su kaupu","Url":"https://download-a.akamaihd.net/files/media_music/a3/iasnv2_L_019.mp3"}]}