{"Title":"Sing to Jehovah—Vocal Renditions, Disc 5","Tracks":[{"Title":"118-V 彼此乐意接纳","Url":"https://download-a.akamaihd.net/files/media_music/4d/iasnv5_CHS_01.mp3"},{"Title":"052-V 保护你的心","Url":"https://download-a.akamaihd.net/files/media_music/8e/iasnv5_CHS_02.mp3"},{"Title":"013-V 感恩的祷告","Url":"https://download-a.akamaihd.net/files/media_music/84/iasnv5_CHS_03.mp3"},{"Title":"043-V 总要警醒，坚毅刚强","Url":"https://download-a.akamaihd.net/files/media_music/5f/iasnv5_CHS_04.mp3"},{"Title":"041-V 趁年少的日子崇拜耶和华","Url":"https://download-a.akamaihd.net/files/media_music/7f/iasnv5_CHS_05.mp3"},{"Title":"018-V 上帝的忠贞之爱","Url":"https://download-a.akamaihd.net/files/media_music/7a/iasnv5_CHS_06.mp3"},{"Title":"010-V “我在这里！请差遣我！”","Url":"https://download-a.akamaihd.net/files/media_music/aa/iasnv5_CHS_07.mp3"},{"Title":"031-V 我们是耶和华见证人！","Url":"https://download-a.akamaihd.net/files/media_music/ab/iasnv5_CHS_08.mp3"},{"Title":"005-V 基督是我们的典范","Url":"https://download-a.akamaihd.net/files/media_music/c8/iasnv5_CHS_09.mp3"},{"Title":"016-V 逃到上帝的王国！","Url":"https://download-a.akamaihd.net/files/media_music/07/iasnv5_CHS_10.mp3"},{"Title":"053-V 团结和睦，并肩工作","Url":"https://download-a.akamaihd.net/files/media_music/78/iasnv5_CHS_11.mp3"},{"Title":"021-V 慈悲的人有福了！","Url":"https://download-a.akamaihd.net/files/media_music/65/iasnv5_CHS_12.mp3"},{"Title":"015-V 万物彰显上帝的荣耀","Url":"https://download-a.akamaihd.net/files/media_music/73/iasnv5_CHS_13.mp3"},{"Title":"035-V 感激上帝忍耐","Url":"https://download-a.akamaihd.net/files/media_music/3f/iasnv5_CHS_14.mp3"},{"Title":"009-V 赞美耶和华我们的上帝！","Url":"https://download-a.akamaihd.net/files/media_music/87/iasnv5_CHS_15.mp3"},{"Title":"011-V 使耶和华的心欢喜","Url":"https://download-a.akamaihd.net/files/media_music/1f/iasnv5_CHS_16.mp3"},{"Title":"023-V 耶和华是我们的力量","Url":"https://download-a.akamaihd.net/files/media_music/93/iasnv5_CHS_17.mp3"},{"Title":"047-V 宣扬王国的好消息","Url":"https://download-a.akamaihd.net/files/media_music/9a/iasnv5_CHS_18.mp3"},{"Title":"067-V 天天向耶和华祷告","Url":"https://download-a.akamaihd.net/files/media_music/aa/iasnv5_CHS_19.mp3"},{"Title":"051-V 决心忠于耶和华","Url":"https://download-a.akamaihd.net/files/media_music/74/iasnv5_CHS_20.mp3"},{"Title":"002-V 感谢耶和华","Url":"https://download-a.akamaihd.net/files/media_music/34/iasnv5_CHS_21.mp3"}]}