{"Title":"Sing to Jehovah—Vocal Renditions, Disc 6","Tracks":[{"Title":"030-Φ Ο Ιεχωβά Αρχίζει να Κυβερνάει","Url":"https://download-a.akamaihd.net/files/media_music/d6/iasnv6_G_01.mp3"},{"Title":"121-Φ Να Ενθαρρύνετε ο Ένας τον Άλλον","Url":"https://download-a.akamaihd.net/files/media_music/a8/iasnv6_G_02.mp3"},{"Title":"033-Φ Μην τους Φοβάστε!","Url":"https://download-a.akamaihd.net/files/media_music/54/iasnv6_G_03.mp3"},{"Title":"025-Φ Πώς Αποδεικνύουμε ότι Είμαστε Αληθινοί Μαθητές","Url":"https://download-a.akamaihd.net/files/media_music/39/iasnv6_G_04.mp3"},{"Title":"042-Φ «Να Βοηθάτε Εκείνους που Είναι Αδύναμοι»","Url":"https://download-a.akamaihd.net/files/media_music/cb/iasnv6_G_05.mp3"},{"Title":"032-Φ Να Είστε Ακλόνητοι, Αμετακίνητοι!","Url":"https://download-a.akamaihd.net/files/media_music/f2/iasnv6_G_06.mp3"},{"Title":"071-Φ Το Άγιο Πνεύμα—Δώρο του Θεού","Url":"https://download-a.akamaihd.net/files/media_music/39/iasnv6_G_07.mp3"},{"Title":"093-Φ «Ας Λάμψει το Φως Σας»","Url":"https://download-a.akamaihd.net/files/media_music/24/iasnv6_G_08.mp3"},{"Title":"105-Φ Οι Ουρανοί Διακηρύττουν τη Δόξα του Θεού","Url":"https://download-a.akamaihd.net/files/media_music/11/iasnv6_G_09.mp3"},{"Title":"072-Φ Ας Καλλιεργούμε την Ιδιότητα της Αγάπης","Url":"https://download-a.akamaihd.net/files/media_music/0f/iasnv6_G_10.mp3"},{"Title":"026-Φ Ω! Βάδιζε με τον Θεό!","Url":"https://download-a.akamaihd.net/files/media_music/2d/iasnv6_G_11.mp3"},{"Title":"129-Φ Κρατάμε Γερά την Ελπίδα Μας","Url":"https://download-a.akamaihd.net/files/media_music/ee/iasnv6_G_12.mp3"},{"Title":"038-Φ Ρίξε στον Ιεχωβά το Βάρος που Σηκώνεις","Url":"https://download-a.akamaihd.net/files/media_music/46/iasnv6_G_13.mp3"},{"Title":"135-Φ Να Υπομείνετε ως το Τέλος","Url":"https://download-a.akamaihd.net/files/media_music/21/iasnv6_G_14.mp3"},{"Title":"044-Φ Συμμετέχουμε Χαρούμενα στο Θερισμό","Url":"https://download-a.akamaihd.net/files/media_music/39/iasnv6_G_15.mp3"},{"Title":"080-Φ Η Ιδιότητα της Αγαθότητας","Url":"https://download-a.akamaihd.net/files/media_music/56/iasnv6_G_16.mp3"},{"Title":"037-Φ Οι Θεόπνευστες Γραφές","Url":"https://download-a.akamaihd.net/files/media_music/64/iasnv6_G_17.mp3"},{"Title":"049-Φ Ο Ιεχωβά Είναι το Καταφύγιό Μας","Url":"https://download-a.akamaihd.net/files/media_music/69/iasnv6_G_18.mp3"},{"Title":"020-Φ Ευλόγησε τις Συνάξεις Μας","Url":"https://download-a.akamaihd.net/files/media_music/37/iasnv6_G_19.mp3"},{"Title":"034-Φ Να Ζούμε Σύμφωνα με το Όνομά Μας","Url":"https://download-a.akamaihd.net/files/media_music/10/iasnv6_G_20.mp3"},{"Title":"001-Φ Οι Ιδιότητες του Ιεχωβά","Url":"https://download-a.akamaihd.net/files/media_music/33/iasnv6_G_21.mp3"}]}