{"Title":"Sing to Jehovah—Vocal Renditions, Disc 4","Tracks":[{"Title":"102-V Zing het Koninkrijkslied mee!","Url":"https://download-a.akamaihd.net/files/media_music/c0/iasnv4_O_001.mp3"},{"Title":"007-V Opdracht en doop","Url":"https://download-a.akamaihd.net/files/media_music/4f/iasnv4_O_002.mp3"},{"Title":"066-V Dien Jehovah met hart en ziel","Url":"https://download-a.akamaihd.net/files/media_music/5e/iasnv4_O_003.mp3"},{"Title":"003-V God is liefde","Url":"https://download-a.akamaihd.net/files/media_music/44/iasnv4_O_004.mp3"},{"Title":"119-V Kom, word verkwikt!","Url":"https://download-a.akamaihd.net/files/media_music/5b/iasnv4_O_005.mp3"},{"Title":"027-V Kies Jehovah’s zijde!","Url":"https://download-a.akamaihd.net/files/media_music/38/iasnv4_O_006.mp3"},{"Title":"132-V Een overwinningslied","Url":"https://download-a.akamaihd.net/files/media_music/1a/iasnv4_O_007.mp3"},{"Title":"012-V Ons wacht eeuwig leven","Url":"https://download-a.akamaihd.net/files/media_music/79/iasnv4_O_008.mp3"},{"Title":"004-V Bouw een goede naam op bij God","Url":"https://download-a.akamaihd.net/files/media_music/43/iasnv4_O_009.mp3"},{"Title":"059-V Wij hebben ons aan God opgedragen!","Url":"https://download-a.akamaihd.net/files/media_music/06/iasnv4_O_010.mp3"},{"Title":"022-V Jehovah God is mijn Herder","Url":"https://download-a.akamaihd.net/files/media_music/e4/iasnv4_O_011.mp3"},{"Title":"073-V Heb elkaar intens lief","Url":"https://download-a.akamaihd.net/files/media_music/aa/iasnv4_O_012.mp3"},{"Title":"097-V Voorwaarts, bedienaren van het Koninkrijk!","Url":"https://download-a.akamaihd.net/files/media_music/91/iasnv4_O_013.mp3"},{"Title":"029-V In rechtschapenheid wandelen","Url":"https://download-a.akamaihd.net/files/media_music/9b/iasnv4_O_014.mp3"},{"Title":"070-V Concentreer je op wat echt belangrijk is","Url":"https://download-a.akamaihd.net/files/media_music/74/iasnv4_O_015.mp3"},{"Title":"006-V Het gebed van Gods dienstknecht","Url":"https://download-a.akamaihd.net/files/media_music/e2/iasnv4_O_016.mp3"},{"Title":"086-V Getrouwe zusters in het geloof","Url":"https://download-a.akamaihd.net/files/media_music/f7/iasnv4_O_017.mp3"},{"Title":"131-V Jehovah biedt redding","Url":"https://download-a.akamaihd.net/files/media_music/db/iasnv4_O_018.mp3"}]}