{"Title":"Kingdom Melodies, Volume 9","Tracks":[{"Title":"123, 193","Url":"https://download-a.akamaihd.net/files/media_music/00/iam-9_E_01.mp3"},{"Title":"175","Url":"https://download-a.akamaihd.net/files/media_music/5c/iam-9_E_02.mp3"},{"Title":"184, 55","Url":"https://download-a.akamaihd.net/files/media_music/16/iam-9_E_03.mp3"},{"Title":"208","Url":"https://download-a.akamaihd.net/files/media_music/46/iam-9_E_04.mp3"},{"Title":"81","Url":"https://download-a.akamaihd.net/files/media_music/45/iam-9_E_05.mp3"},{"Title":"63","Url":"https://download-a.akamaihd.net/files/media_music/67/iam-9_E_06.mp3"},{"Title":"110","Url":"https://download-a.akamaihd.net/files/media_music/87/iam-9_E_07.mp3"},{"Title":"114","Url":"https://download-a.akamaihd.net/files/media_music/96/iam-9_E_08.mp3"},{"Title":"32","Url":"https://download-a.akamaihd.net/files/media_music/66/iam-9_E_09.mp3"},{"Title":"48","Url":"https://download-a.akamaihd.net/files/media_music/d4/iam-9_E_10.mp3"},{"Title":"152","Url":"https://download-a.akamaihd.net/files/media_music/98/iam-9_E_11.mp3"},{"Title":"6","Url":"https://download-a.akamaihd.net/files/media_music/73/iam-9_E_12.mp3"},{"Title":"25","Url":"https://download-a.akamaihd.net/files/media_music/15/iam-9_E_13.mp3"},{"Title":"24","Url":"https://download-a.akamaihd.net/files/media_music/0d/iam-9_E_14.mp3"},{"Title":"128","Url":"https://download-a.akamaihd.net/files/media_music/f8/iam-9_E_15.mp3"},{"Title":"50","Url":"https://download-a.akamaihd.net/files/media_music/5c/iam-9_E_16.mp3"},{"Title":"190, 172","Url":"https://download-a.akamaihd.net/files/media_music/93/iam-9_E_17.mp3"}]}