{"Title":"Sing to Jehovah—Vocal Renditions, Disc 1","Tracks":[{"Title":"065–В „То је пут“","Url":"https://download-a.akamaihd.net/files/media_music/64/iasnv1_SB_001.mp3"},{"Title":"063–В Будимо верни","Url":"https://download-a.akamaihd.net/files/media_music/2a/iasnv1_SB_002.mp3"},{"Title":"111–В Бог ће у живот вратити","Url":"https://download-a.akamaihd.net/files/media_music/89/iasnv1_SB_003.mp3"},{"Title":"110–В Божја дивна дела","Url":"https://download-a.akamaihd.net/files/media_music/98/iasnv1_SB_004.mp3"},{"Title":"075–В Многи разлози за радост","Url":"https://download-a.akamaihd.net/files/media_music/b9/iasnv1_SB_005.mp3"},{"Title":"087–В Сада смо једно","Url":"https://download-a.akamaihd.net/files/media_music/84/iasnv1_SB_006.mp3"},{"Title":"036–В „Што је Бог саставио“","Url":"https://download-a.akamaihd.net/files/media_music/a2/iasnv1_SB_007.mp3"},{"Title":"045–В Напред!","Url":"https://download-a.akamaihd.net/files/media_music/32/iasnv1_SB_008.mp3"},{"Title":"098–В Сејмо реч о Краљевству","Url":"https://download-a.akamaihd.net/files/media_music/bc/iasnv1_SB_009.mp3"},{"Title":"084–В „Хоћу“","Url":"https://download-a.akamaihd.net/files/media_music/35/iasnv1_SB_010.mp3"},{"Title":"092–В „Проповедај Реч“","Url":"https://download-a.akamaihd.net/files/media_music/7d/iasnv1_SB_011.mp3"},{"Title":"109–В Част дајмо Јеховином првенцу!","Url":"https://download-a.akamaihd.net/files/media_music/25/iasnv1_SB_012.mp3"},{"Title":"089–В Јехова позива младе да буду мудри","Url":"https://download-a.akamaihd.net/files/media_music/4e/iasnv1_SB_013.mp3"},{"Title":"101–В Објављујмо истину о Краљевству","Url":"https://download-a.akamaihd.net/files/media_music/cf/iasnv1_SB_014.mp3"},{"Title":"091–В Мој Отац, Бог, Пријатељ","Url":"https://download-a.akamaihd.net/files/media_music/7a/iasnv1_SB_015.mp3"},{"Title":"090–В Лепота седе косе","Url":"https://download-a.akamaihd.net/files/media_music/6b/iasnv1_SB_016.mp3"},{"Title":"134–В Живот у новом свету","Url":"https://download-a.akamaihd.net/files/media_music/b4/iasnv1_SB_017.mp3"}]}