{"Title":"Sing to Jehovah—Vocal Renditions, Disc 3","Tracks":[{"Title":"046-V Jehovah Is Our King!","Url":"https://download-a.akamaihd.net/files/media_music/96/iasnv3_E_01.mp3"},{"Title":"103-V \"From House to House\"","Url":"https://download-a.akamaihd.net/files/media_music/46/iasnv3_E_02.mp3"},{"Title":"077-V Be Forgiving","Url":"https://download-a.akamaihd.net/files/media_music/92/iasnv3_E_03.mp3"},{"Title":"062-V To Whom Do We Belong?","Url":"https://download-a.akamaihd.net/files/media_music/10/iasnv3_E_04.mp3"},{"Title":"014-V All Things Made New","Url":"https://download-a.akamaihd.net/files/media_music/1a/iasnv3_E_05.mp3"},{"Title":"114-V God's Own Book—A Treasure","Url":"https://download-a.akamaihd.net/files/media_music/ab/iasnv3_E_06.mp3"},{"Title":"120-V Listen, Obey, and Be Blessed","Url":"https://download-a.akamaihd.net/files/media_music/89/iasnv3_E_07.mp3"},{"Title":"096-V Seek Out Deserving Ones","Url":"https://download-a.akamaihd.net/files/media_music/74/iasnv3_E_08.mp3"},{"Title":"054-V We Must Have the Faith","Url":"https://download-a.akamaihd.net/files/media_music/aa/iasnv3_E_09.mp3"},{"Title":"083-V We Need Self-Control","Url":"https://download-a.akamaihd.net/files/media_music/21/iasnv3_E_10.mp3"},{"Title":"126-V Our Labor of Love","Url":"https://download-a.akamaihd.net/files/media_music/28/iasnv3_E_11.mp3"},{"Title":"125-V Loyally Submitting to Theocratic Order","Url":"https://download-a.akamaihd.net/files/media_music/39/iasnv3_E_12.mp3"},{"Title":"040-V Keep On Seeking First the Kingdom","Url":"https://download-a.akamaihd.net/files/media_music/6a/iasnv3_E_13.mp3"},{"Title":"019-V God's Promise of Paradise","Url":"https://download-a.akamaihd.net/files/media_music/c0/iasnv3_E_14.mp3"},{"Title":"056-V Please Hear My Prayer","Url":"https://download-a.akamaihd.net/files/media_music/da/iasnv3_E_15.mp3"},{"Title":"127-V A Place Bearing Your Name","Url":"https://download-a.akamaihd.net/files/media_music/7a/iasnv3_E_16.mp3"},{"Title":"106-V Gaining Jehovah's Friendship","Url":"https://download-a.akamaihd.net/files/media_music/d8/iasnv3_E_17.mp3"},{"Title":"133-V Seek God for Your Deliverance","Url":"https://download-a.akamaihd.net/files/media_music/c0/iasnv3_E_18.mp3"}]}