[{"BookNumber":41,"Name":"Mark","TotalChapters":16,"Chapters":[{"Chapter":"Chapter 1","Url":"https://download-a.akamaihd.net/files/media_bible/5d/bi12_41_Mr_REA_01.mp3"},{"Chapter":"Chapter 2","Url":"https://download-a.akamaihd.net/files/media_bible/62/bi12_41_Mr_REA_02.mp3"},{"Chapter":"Chapter 3","Url":"https://download-a.akamaihd.net/files/media_bible/82/bi12_41_Mr_REA_03.mp3"},{"Chapter":"Chapter 4","Url":"https://download-a.akamaihd.net/files/media_bible/10/bi12_41_Mr_REA_04.mp3"},{"Chapter":"Chapter 5","Url":"https://download-a.akamaihd.net/files/media_bible/e3/bi12_41_Mr_REA_05.mp3"},{"Chapter":"Chapter 6","Url":"https://download-a.akamaihd.net/files/media_bible/17/bi12_41_Mr_REA_06.mp3"},{"Chapter":"Chapter 7","Url":"https://download-a.akamaihd.net/files/media_bible/7a/bi12_41_Mr_REA_07.mp3"},{"Chapter":"Chapter 8","Url":"https://download-a.akamaihd.net/files/media_bible/03/bi12_41_Mr_REA_08.mp3"},{"Chapter":"Chapter 9","Url":"https://download-a.akamaihd.net/files/media_bible/e2/bi12_41_Mr_REA_09.mp3"},{"Chapter":"Chapter 10","Url":"https://download-a.akamaihd.net/files/media_bible/5e/bi12_41_Mr_REA_10.mp3"},{"Chapter":"Chapter 11","Url":"https://download-a.akamaihd.net/files/media_bible/ca/bi12_41_Mr_REA_11.mp3"},{"Chapter":"Chapter 12","Url":"https://download-a.akamaihd.net/files/media_bible/da/bi12_41_Mr_REA_12.mp3"},{"Chapter":"Chapter 13","Url":"https://download-a.akamaihd.net/files/media_bible/01/bi12_41_Mr_REA_13.mp3"},{"Chapter":"Chapter 14","Url":"https://download-a.akamaihd.net/files/media_bible/19/bi12_41_Mr_REA_14.mp3"},{"Chapter":"Chapter 15","Url":"https://download-a.akamaihd.net/files/media_bible/95/bi12_41_Mr_REA_15.mp3"},{"Chapter":"Chapter 16","Url":"https://download-a.akamaihd.net/files/media_bible/bd/bi12_41_Mr_REA_16.mp3"}]},{"BookNumber":42,"Name":"Luke","TotalChapters":24,"Chapters":[{"Chapter":"Chapter 1","Url":"https://download-a.akamaihd.net/files/media_bible/56/bi12_42_Lu_REA_01.mp3"},{"Chapter":"Chapter 2","Url":"https://download-a.akamaihd.net/files/media_bible/e7/bi12_42_Lu_REA_02.mp3"},{"Chapter":"Chapter 3","Url":"https://download-a.akamaihd.net/files/media_bible/15/bi12_42_Lu_REA_03.mp3"},{"Chapter":"Chapter 4","Url":"https://download-a.akamaihd.net/files/media_bible/0e/bi12_42_Lu_REA_04.mp3"},{"Chapter":"Chapter 5","Url":"https://download-a.akamaihd.net/files/media_bible/76/bi12_42_Lu_REA_05.mp3"},{"Chapter":"Chapter 6","Url":"https://download-a.akamaihd.net/files/media_bible/a7/bi12_42_Lu_REA_06.mp3"},{"Chapter":"Chapter 7","Url":"https://download-a.akamaihd.net/files/media_bible/bf/bi12_42_Lu_REA_07.mp3"},{"Chapter":"Chapter 8","Url":"https://download-a.akamaihd.net/files/media_bible/35/bi12_42_Lu_REA_08.mp3"},{"Chapter":"Chapter 9","Url":"https://download-a.akamaihd.net/files/media_bible/d3/bi12_42_Lu_REA_09.mp3"},{"Chapter":"Chapter 10","Url":"https://download-a.akamaihd.net/files/media_bible/bd/bi12_42_Lu_REA_10.mp3"},{"Chapter":"Chapter 11","Url":"https://download-a.akamaihd.net/files/media_bible/b7/bi12_42_Lu_REA_11.mp3"},{"Chapter":"Chapter 12","Url":"https://download-a.akamaihd.net/files/media_bible/ae/bi12_42_Lu_REA_12.mp3"},{"Chapter":"Chapter 13","Url":"https://download-a.akamaihd.net/files/media_bible/92/bi12_42_Lu_REA_13.mp3"},{"Chapter":"Chapter 14","Url":"https://download-a.akamaihd.net/files/media_bible/30/bi12_42_Lu_REA_14.mp3"},{"Chapter":"Chapter 15","Url":"https://download-a.akamaihd.net/files/media_bible/12/bi12_42_Lu_REA_15.mp3"},{"Chapter":"Chapter 16","Url":"https://download-a.akamaihd.net/files/media_bible/2c/bi12_42_Lu_REA_16.mp3"},{"Chapter":"Chapter 17","Url":"https://download-a.akamaihd.net/files/media_bible/c7/bi12_42_Lu_REA_17.mp3"},{"Chapter":"Chapter 18","Url":"https://download-a.akamaihd.net/files/media_bible/75/bi12_42_Lu_REA_18.mp3"},{"Chapter":"Chapter 19","Url":"https://download-a.akamaihd.net/files/media_bible/5a/bi12_42_Lu_REA_19.mp3"},{"Chapter":"Chapter 20","Url":"https://download-a.akamaihd.net/files/media_bible/10/bi12_42_Lu_REA_20.mp3"},{"Chapter":"Chapter 21","Url":"https://download-a.akamaihd.net/files/media_bible/d7/bi12_42_Lu_REA_21.mp3"},{"Chapter":"Chapter 22","Url":"https://download-a.akamaihd.net/files/media_bible/c6/bi12_42_Lu_REA_22.mp3"},{"Chapter":"Chapter 23","Url":"https://download-a.akamaihd.net/files/media_bible/3b/bi12_42_Lu_REA_23.mp3"},{"Chapter":"Chapter 24","Url":"https://download-a.akamaihd.net/files/media_bible/44/bi12_42_Lu_REA_24.mp3"}]},{"BookNumber":43,"Name":"John","TotalChapters":21,"Chapters":[{"Chapter":"Chapter 1","Url":"https://download-a.akamaihd.net/files/media_bible/7c/bi12_43_Joh_REA_01.mp3"},{"Chapter":"Chapter 2","Url":"https://download-a.akamaihd.net/files/media_bible/79/bi12_43_Joh_REA_02.mp3"},{"Chapter":"Chapter 3","Url":"https://download-a.akamaihd.net/files/media_bible/17/bi12_43_Joh_REA_03.mp3"},{"Chapter":"Chapter 4","Url":"https://download-a.akamaihd.net/files/media_bible/2b/bi12_43_Joh_REA_04.mp3"},{"Chapter":"Chapter 5","Url":"https://download-a.akamaihd.net/files/media_bible/65/bi12_43_Joh_REA_05.mp3"},{"Chapter":"Chapter 6","Url":"https://download-a.akamaihd.net/files/media_bible/1f/bi12_43_Joh_REA_06.mp3"},{"Chapter":"Chapter 7","Url":"https://download-a.akamaihd.net/files/media_bible/4f/bi12_43_Joh_REA_07.mp3"},{"Chapter":"Chapter 8","Url":"https://download-a.akamaihd.net/files/media_bible/d3/bi12_43_Joh_REA_08.mp3"},{"Chapter":"Chapter 9","Url":"https://download-a.akamaihd.net/files/media_bible/9d/bi12_43_Joh_REA_09.mp3"},{"Chapter":"Chapter 10","Url":"https://download-a.akamaihd.net/files/media_bible/99/bi12_43_Joh_REA_10.mp3"},{"Chapter":"Chapter 11","Url":"https://download-a.akamaihd.net/files/media_bible/76/bi12_43_Joh_REA_11.mp3"},{"Chapter":"Chapter 12","Url":"https://download-a.akamaihd.net/files/media_bible/99/bi12_43_Joh_REA_12.mp3"},{"Chapter":"Chapter 13","Url":"https://download-a.akamaihd.net/files/media_bible/47/bi12_43_Joh_REA_13.mp3"},{"Chapter":"Chapter 14","Url":"https://download-a.akamaihd.net/files/media_bible/28/bi12_43_Joh_REA_14.mp3"},{"Chapter":"Chapter 15","Url":"https://download-a.akamaihd.net/files/media_bible/49/bi12_43_Joh_REA_15.mp3"},{"Chapter":"Chapter 16","Url":"https://download-a.akamaihd.net/files/media_bible/d6/bi12_43_Joh_REA_16.mp3"},{"Chapter":"Chapter 17","Url":"https://download-a.akamaihd.net/files/media_bible/a5/bi12_43_Joh_REA_17.mp3"},{"Chapter":"Chapter 18","Url":"https://download-a.akamaihd.net/files/media_bible/6e/bi12_43_Joh_REA_18.mp3"},{"Chapter":"Chapter 19","Url":"https://download-a.akamaihd.net/files/media_bible/ba/bi12_43_Joh_REA_19.mp3"},{"Chapter":"Chapter 20","Url":"https://download-a.akamaihd.net/files/media_bible/42/bi12_43_Joh_REA_20.mp3"},{"Chapter":"Chapter 21","Url":"https://download-a.akamaihd.net/files/media_bible/c5/bi12_43_Joh_REA_21.mp3"}]}]