{"Title":"Sing to Jehovah—Vocal Renditions, Disc 6","Tracks":[{"Title":"030-V Jehova alkaa hallita","Url":"https://download-a.akamaihd.net/files/media_music/c1/iasnv6_FI_01.mp3"},{"Title":"121-V Rohkaiskaa toisianne","Url":"https://download-a.akamaihd.net/files/media_music/2e/iasnv6_FI_02.mp3"},{"Title":"033-V Älä pelkää heitä!","Url":"https://download-a.akamaihd.net/files/media_music/d0/iasnv6_FI_03.mp3"},{"Title":"025-V Opetuslasten tuntomerkki","Url":"https://download-a.akamaihd.net/files/media_music/b0/iasnv6_FI_04.mp3"},{"Title":"042-V ”Auta niitä, jotka ovat heikkoja”","Url":"https://download-a.akamaihd.net/files/media_music/92/iasnv6_FI_05.mp3"},{"Title":"032-V Olkaa vakaita, järkähtämättömiä!","Url":"https://download-a.akamaihd.net/files/media_music/3f/iasnv6_FI_06.mp3"},{"Title":"071-V Pyhä henki – Jumalan lahja","Url":"https://download-a.akamaihd.net/files/media_music/2b/iasnv6_FI_07.mp3"},{"Title":"093-V ”Loistakoon teidän valonne”","Url":"https://download-a.akamaihd.net/files/media_music/3e/iasnv6_FI_08.mp3"},{"Title":"105-V Taivaat julistavat Jumalan kunniaa","Url":"https://download-a.akamaihd.net/files/media_music/1b/iasnv6_FI_09.mp3"},{"Title":"072-V Vahvista rakkautta","Url":"https://download-a.akamaihd.net/files/media_music/65/iasnv6_FI_10.mp3"},{"Title":"026-V Vaella Luojan kanssa","Url":"https://download-a.akamaihd.net/files/media_music/02/iasnv6_FI_11.mp3"},{"Title":"129-V Pidä kiinni toivostasi","Url":"https://download-a.akamaihd.net/files/media_music/30/iasnv6_FI_12.mp3"},{"Title":"038-V Heitä taakkasi Jehovalle","Url":"https://download-a.akamaihd.net/files/media_music/7b/iasnv6_FI_13.mp3"},{"Title":"135-V Kestä loppuun asti","Url":"https://download-a.akamaihd.net/files/media_music/f4/iasnv6_FI_14.mp3"},{"Title":"044-V Osallistu iloiten elonkorjuuseen","Url":"https://download-a.akamaihd.net/files/media_music/1c/iasnv6_FI_15.mp3"},{"Title":"080-V Osoita hyvyyttä","Url":"https://download-a.akamaihd.net/files/media_music/29/iasnv6_FI_16.mp3"},{"Title":"037-V Raamattu – Jumalan henkeyttämä","Url":"https://download-a.akamaihd.net/files/media_music/69/iasnv6_FI_17.mp3"},{"Title":"049-V Jehova on turvamme","Url":"https://download-a.akamaihd.net/files/media_music/e0/iasnv6_FI_18.mp3"},{"Title":"020-V Siunaa kokouksemme","Url":"https://download-a.akamaihd.net/files/media_music/73/iasnv6_FI_19.mp3"},{"Title":"034-V Elämme nimemme mukaan","Url":"https://download-a.akamaihd.net/files/media_music/10/iasnv6_FI_20.mp3"},{"Title":"001-V Jehovan ominaisuudet","Url":"https://download-a.akamaihd.net/files/media_music/bc/iasnv6_FI_21.mp3"}]}