{"Title":"Sing to Jehovah—Vocal Renditions, Disc 2","Tracks":[{"Title":"074-S Jehovas glæde er vores fæstning","Url":"https://download-a.akamaihd.net/files/media_music/b4/iasnv2_D_01.mp3"},{"Title":"095-S „Smag og se at Jehova er god“","Url":"https://download-a.akamaihd.net/files/media_music/d5/iasnv2_D_02.mp3"},{"Title":"069-S Lad mig kende dine veje","Url":"https://download-a.akamaihd.net/files/media_music/0d/iasnv2_D_03.mp3"},{"Title":"130-S Vort underfulde liv","Url":"https://download-a.akamaihd.net/files/media_music/b6/iasnv2_D_04.mp3"},{"Title":"060-S Han vil gøre dig stærk","Url":"https://download-a.akamaihd.net/files/media_music/c5/iasnv2_D_05.mp3"},{"Title":"107-S Kom med til Jehovas bjerg!","Url":"https://download-a.akamaihd.net/files/media_music/39/iasnv2_D_06.mp3"},{"Title":"088-S En gave Gud betror forældre","Url":"https://download-a.akamaihd.net/files/media_music/a9/iasnv2_D_07.mp3"},{"Title":"081-S „Giv os mere tro“","Url":"https://download-a.akamaihd.net/files/media_music/3d/iasnv2_D_08.mp3"},{"Title":"058-S Min indvielse til Gud i bøn","Url":"https://download-a.akamaihd.net/files/media_music/21/iasnv2_D_09.mp3"},{"Title":"108-S Tak til Jehova for hans salvede Konge","Url":"https://download-a.akamaihd.net/files/media_music/1a/iasnv2_D_10.mp3"},{"Title":"116-S Lyset vokser!","Url":"https://download-a.akamaihd.net/files/media_music/ab/iasnv2_D_11.mp3"},{"Title":"123-S Hyrder er gaver","Url":"https://download-a.akamaihd.net/files/media_music/4b/iasnv2_D_12.mp3"},{"Title":"124-S Tag gæstfrit imod dem","Url":"https://download-a.akamaihd.net/files/media_music/04/iasnv2_D_13.mp3"}]}