{"Title":"Sing to Jehovah—Vocal Renditions, Disc 1","Tracks":[{"Title":"065 - (В) «Вот путь»","Url":"https://download-a.akamaihd.net/files/media_music/6b/iasnv1_U_01.mp3"},{"Title":"063 - (В) Преданы Богу всегда","Url":"https://download-a.akamaihd.net/files/media_music/7a/iasnv1_U_02.mp3"},{"Title":"111 - (В) Он позовёт","Url":"https://download-a.akamaihd.net/files/media_music/c7/iasnv1_U_03.mp3"},{"Title":"110 - (В) Божьи чудесные дела","Url":"https://download-a.akamaihd.net/files/media_music/12/iasnv1_U_04.mp3"},{"Title":"075 - (В) Причины для радости","Url":"https://download-a.akamaihd.net/files/media_music/c8/iasnv1_U_05.mp3"},{"Title":"087 - (В) Теперь мы одна плоть","Url":"https://download-a.akamaihd.net/files/media_music/bc/iasnv1_U_06.mp3"},{"Title":"036 - (В) «Что Бог соединил одним ярмом»","Url":"https://download-a.akamaihd.net/files/media_music/9b/iasnv1_U_07.mp3"},{"Title":"045 - (В) Всё вперёд!","Url":"https://download-a.akamaihd.net/files/media_music/29/iasnv1_U_08.mp3"},{"Title":"098 - (В) Сеем семена Царства","Url":"https://download-a.akamaihd.net/files/media_music/6f/iasnv1_U_09.mp3"},{"Title":"084 - (В) «Желаю!»","Url":"https://download-a.akamaihd.net/files/media_music/53/iasnv1_U_10.mp3"},{"Title":"092 - (В) «Проповедуй слово»","Url":"https://download-a.akamaihd.net/files/media_music/da/iasnv1_U_11.mp3"},{"Title":"109 - (В) Славьте Первенца Иеговы!","Url":"https://download-a.akamaihd.net/files/media_music/4c/iasnv1_U_12.mp3"},{"Title":"089 - (В) Иегова сердечно призывает: «Будь мудр, сын мой»","Url":"https://download-a.akamaihd.net/files/media_music/f3/iasnv1_U_13.mp3"},{"Title":"101 - (В) Возвещаем истину о Царстве","Url":"https://download-a.akamaihd.net/files/media_music/4e/iasnv1_U_14.mp3"},{"Title":"091 - (В) Мой Защитник, Отец и Друг","Url":"https://download-a.akamaihd.net/files/media_music/31/iasnv1_U_15.mp3"},{"Title":"090 - (В) «Седина — венец красоты»","Url":"https://download-a.akamaihd.net/files/media_music/d0/iasnv1_U_16.mp3"},{"Title":"134 - (В) Представь себя в новом мире","Url":"https://download-a.akamaihd.net/files/media_music/5c/iasnv1_U_17.mp3"}]}