{"Title":"Sing to Jehovah—Vocal Renditions, Disc 5","Tracks":[{"Title":"118-W ‛Przyjmujmy jedni drugich’","Url":"https://download-a.akamaihd.net/files/media_music/07/iasnv5_P_01.mp3"},{"Title":"052-W Strzeż swego serca!","Url":"https://download-a.akamaihd.net/files/media_music/57/iasnv5_P_02.mp3"},{"Title":"013-W Modlitwa dziękczynna","Url":"https://download-a.akamaihd.net/files/media_music/01/iasnv5_P_03.mp3"},{"Title":"043-W Stójcie mocno i czuwajcie!","Url":"https://download-a.akamaihd.net/files/media_music/97/iasnv5_P_04.mp3"},{"Title":"041-W Czcij Boga w młodości","Url":"https://download-a.akamaihd.net/files/media_music/2a/iasnv5_P_05.mp3"},{"Title":"018-W Lojalna miłość Boża","Url":"https://download-a.akamaihd.net/files/media_music/cc/iasnv5_P_06.mp3"},{"Title":"010-W „Oto jestem! Mnie poślij”","Url":"https://download-a.akamaihd.net/files/media_music/5e/iasnv5_P_07.mp3"},{"Title":"031-W Jesteśmy Świadkami Jehowy!","Url":"https://download-a.akamaihd.net/files/media_music/fd/iasnv5_P_08.mp3"},{"Title":"005-W Chrystus naszym wzorem","Url":"https://download-a.akamaihd.net/files/media_music/2b/iasnv5_P_09.mp3"},{"Title":"016-W Pokładaj ufność w Królestwie Bożym!","Url":"https://download-a.akamaihd.net/files/media_music/59/iasnv5_P_10.mp3"},{"Title":"053-W Współpracujmy w jedności","Url":"https://download-a.akamaihd.net/files/media_music/95/iasnv5_P_11.mp3"},{"Title":"021-W Szczęśliwi miłosierni","Url":"https://download-a.akamaihd.net/files/media_music/48/iasnv5_P_12.mp3"},{"Title":"015-W Stworzenie objawia chwałę Jehowy","Url":"https://download-a.akamaihd.net/files/media_music/1c/iasnv5_P_13.mp3"},{"Title":"035-W Wdzięczni za Bożą cierpliwość","Url":"https://download-a.akamaihd.net/files/media_music/fa/iasnv5_P_14.mp3"},{"Title":"009-W Sławcie Jehowę, naszego Boga!","Url":"https://download-a.akamaihd.net/files/media_music/48/iasnv5_P_15.mp3"},{"Title":"011-W Rozweselajmy serce Jehowy","Url":"https://download-a.akamaihd.net/files/media_music/0b/iasnv5_P_16.mp3"},{"Title":"023-W Jehowa naszą siłą","Url":"https://download-a.akamaihd.net/files/media_music/28/iasnv5_P_17.mp3"},{"Title":"047-W Oznajmiajmy dobrą nowinę","Url":"https://download-a.akamaihd.net/files/media_music/19/iasnv5_P_18.mp3"},{"Title":"067-W Codziennie módl się do Jehowy","Url":"https://download-a.akamaihd.net/files/media_music/0b/iasnv5_P_19.mp3"},{"Title":"051-W Lgniemy do Jehowy","Url":"https://download-a.akamaihd.net/files/media_music/61/iasnv5_P_20.mp3"},{"Title":"002-W Dzięki Ci, Jehowo","Url":"https://download-a.akamaihd.net/files/media_music/08/iasnv5_P_21.mp3"}]}