{"Title":"Sing to Jehovah—Vocal Renditions, Disc 1","Tracks":[{"Title":"065-V \"This Is the Way\"","Url":"https://download-a.akamaihd.net/files/media_music/9e/iasnv1_E_001.mp3"},{"Title":"063-V Ever Loyal","Url":"https://download-a.akamaihd.net/files/media_music/9a/iasnv1_E_002.mp3"},{"Title":"111-V He Will Call","Url":"https://download-a.akamaihd.net/files/media_music/cc/iasnv1_E_003.mp3"},{"Title":"110-V God's Wondrous Works","Url":"https://download-a.akamaihd.net/files/media_music/bc/iasnv1_E_004.mp3"},{"Title":"075-V Our Reasons for Joy","Url":"https://download-a.akamaihd.net/files/media_music/0f/iasnv1_E_005.mp3"},{"Title":"087-V Now We Are One","Url":"https://download-a.akamaihd.net/files/media_music/07/iasnv1_E_006.mp3"},{"Title":"036-V \"What God Has Yoked Together\"","Url":"https://download-a.akamaihd.net/files/media_music/3a/iasnv1_E_007.mp3"},{"Title":"045-V Move Ahead!","Url":"https://download-a.akamaihd.net/files/media_music/e8/iasnv1_E_008.mp3"},{"Title":"098-V Sowing Kingdom Seed","Url":"https://download-a.akamaihd.net/files/media_music/af/iasnv1_E_009.mp3"},{"Title":"084-V \"I Want To\"","Url":"https://download-a.akamaihd.net/files/media_music/f6/iasnv1_E_010.mp3"},{"Title":"092-V \"Preach the Word\"","Url":"https://download-a.akamaihd.net/files/media_music/88/iasnv1_E_011.mp3"},{"Title":"109-V Hail Jehovah's Firstborn!","Url":"https://download-a.akamaihd.net/files/media_music/ab/iasnv1_E_012.mp3"},{"Title":"089-V Jehovah's Warm Appeal: \"Be Wise, My Son\"","Url":"https://download-a.akamaihd.net/files/media_music/d5/iasnv1_E_013.mp3"},{"Title":"101-V Making Known the Kingdom Truth","Url":"https://download-a.akamaihd.net/files/media_music/5a/iasnv1_E_014.mp3"},{"Title":"091-V My Father, My God and Friend","Url":"https://download-a.akamaihd.net/files/media_music/d4/iasnv1_E_015.mp3"},{"Title":"090-V Beauty in Gray-Headedness","Url":"https://download-a.akamaihd.net/files/media_music/ae/iasnv1_E_016.mp3"},{"Title":"134-V See Yourself When All Is New","Url":"https://download-a.akamaihd.net/files/media_music/5f/iasnv1_E_017.mp3"}]}