{"Title":"Sing to Jehovah—Vocal Renditions, Disc 2","Tracks":[{"Title":"074-В Радість від Єгови","Url":"https://download-a.akamaihd.net/files/media_music/83/iasnv2_K_01.mp3"},{"Title":"095-В «Скуштуйте і подивіться, який добрий Єгова»","Url":"https://download-a.akamaihd.net/files/media_music/58/iasnv2_K_02.mp3"},{"Title":"069-В Покажи мені твій шлях","Url":"https://download-a.akamaihd.net/files/media_music/0b/iasnv2_K_03.mp3"},{"Title":"130-В Дар життя","Url":"https://download-a.akamaihd.net/files/media_music/c7/iasnv2_K_04.mp3"},{"Title":"060-В Він зробить вас сильними","Url":"https://download-a.akamaihd.net/files/media_music/f5/iasnv2_K_05.mp3"},{"Title":"107-В Прийдіть на гору Єгови","Url":"https://download-a.akamaihd.net/files/media_music/fc/iasnv2_K_06.mp3"},{"Title":"088-В Діти — Божий дар","Url":"https://download-a.akamaihd.net/files/media_music/da/iasnv2_K_07.mp3"},{"Title":"081-В «Додай нам віри»","Url":"https://download-a.akamaihd.net/files/media_music/fd/iasnv2_K_08.mp3"},{"Title":"058-В Моя молитва присвячення","Url":"https://download-a.akamaihd.net/files/media_music/f7/iasnv2_K_09.mp3"},{"Title":"108-В Хваліть Єгову, вітайте Ісуса-Царя","Url":"https://download-a.akamaihd.net/files/media_music/2b/iasnv2_K_10.mp3"},{"Title":"116-В Світло стає яскравішим","Url":"https://download-a.akamaihd.net/files/media_music/77/iasnv2_K_11.mp3"},{"Title":"123-В Пастирі — дари від Бога","Url":"https://download-a.akamaihd.net/files/media_music/2d/iasnv2_K_12.mp3"},{"Title":"124-В Будьте гостинними","Url":"https://download-a.akamaihd.net/files/media_music/f3/iasnv2_K_13.mp3"},{"Title":"061-В Яким я маю бути","Url":"https://download-a.akamaihd.net/files/media_music/c1/iasnv2_K_14.mp3"},{"Title":"064-В У правді ходи","Url":"https://download-a.akamaihd.net/files/media_music/d2/iasnv2_K_15.mp3"},{"Title":"008-В Господня Вечеря","Url":"https://download-a.akamaihd.net/files/media_music/f2/iasnv2_K_16.mp3"},{"Title":"068-В Молитва покірного служителя","Url":"https://download-a.akamaihd.net/files/media_music/68/iasnv2_K_17.mp3"},{"Title":"057-В Думки мого серця","Url":"https://download-a.akamaihd.net/files/media_music/d4/iasnv2_K_18.mp3"},{"Title":"085-В Нагорода від Єгови","Url":"https://download-a.akamaihd.net/files/media_music/67/iasnv2_K_19.mp3"}]}