{"Title":"Sing to Jehovah—Vocal Renditions, Disc 3","Tracks":[{"Title":"046-K Si Jehova ang Ating Hari!","Url":"https://download-a.akamaihd.net/files/media_music/a3/iasnv3_TG_01.mp3"},{"Title":"103-K “Sa Bahay-bahay”","Url":"https://download-a.akamaihd.net/files/media_music/f3/iasnv3_TG_02.mp3"},{"Title":"077-K Maging Mapagpatawad","Url":"https://download-a.akamaihd.net/files/media_music/ba/iasnv3_TG_03.mp3"},{"Title":"062-K Tayo ba’y Kanino?","Url":"https://download-a.akamaihd.net/files/media_music/61/iasnv3_TG_04.mp3"},{"Title":"014-K  Lahat ng Bagay ay Ginagawang Bago","Url":"https://download-a.akamaihd.net/files/media_music/9c/iasnv3_TG_05.mp3"},{"Title":"114-K Ang Sariling Aklat ng Diyos—Isang Kayamanan","Url":"https://download-a.akamaihd.net/files/media_music/4d/iasnv3_TG_06.mp3"},{"Title":"120-K Makinig at Sumunod Upang Pagpalain Ka","Url":"https://download-a.akamaihd.net/files/media_music/3d/iasnv3_TG_07.mp3"},{"Title":"096-K Hanapin ang mga Karapat-dapat","Url":"https://download-a.akamaihd.net/files/media_music/5b/iasnv3_TG_08.mp3"},{"Title":"054-K Dapat Magkaroon ng Pananampalataya","Url":"https://download-a.akamaihd.net/files/media_music/6c/iasnv3_TG_09.mp3"},{"Title":"083-K Kailangan Nating Magpigil sa Sarili","Url":"https://download-a.akamaihd.net/files/media_music/49/iasnv3_TG_10.mp3"},{"Title":"126-K Aming Pagpapagal Dahil sa Pag-ibig","Url":"https://download-a.akamaihd.net/files/media_music/27/iasnv3_TG_11.mp3"},{"Title":"125-K Magpasakop sa Teokratikong Kaayusan","Url":"https://download-a.akamaihd.net/files/media_music/64/iasnv3_TG_12.mp3"},{"Title":"040-K Patuloy na Unahin ang Kaharian","Url":"https://download-a.akamaihd.net/files/media_music/8a/iasnv3_TG_13.mp3"},{"Title":"019-K Paraisong Pangako ng Diyos","Url":"https://download-a.akamaihd.net/files/media_music/21/iasnv3_TG_14.mp3"},{"Title":"056-K Dalangin Ko, Pakisuyong Dinggin","Url":"https://download-a.akamaihd.net/files/media_music/af/iasnv3_TG_15.mp3"},{"Title":"127-K Isang Dakong Nagtataglay ng Pangalan Mo","Url":"https://download-a.akamaihd.net/files/media_music/2d/iasnv3_TG_16.mp3"},{"Title":"106-K Ang Pakikipagkaibigan kay Jehova","Url":"https://download-a.akamaihd.net/files/media_music/5b/iasnv3_TG_17.mp3"},{"Title":"133-K Hanapin ang Diyos Para Maligtas","Url":"https://download-a.akamaihd.net/files/media_music/2e/iasnv3_TG_18.mp3"}]}