{"Title":"Sing to Jehovah—Vocal Renditions, Disc 1","Tracks":[{"Title":"065-N “Lekwa Ụzọ”","Url":"https://download-a.akamaihd.net/files/media_music/0e/iasnv1_IB_001.mp3"},{"Title":"063-N Guzosie Ike Mgbe Niile","Url":"https://download-a.akamaihd.net/files/media_music/ea/iasnv1_IB_002.mp3"},{"Title":"111-N “Ọ Ga-akpọ Òkù”","Url":"https://download-a.akamaihd.net/files/media_music/20/iasnv1_IB_003.mp3"},{"Title":"110-N Ọrụ Dị Ebube nke Chineke","Url":"https://download-a.akamaihd.net/files/media_music/b5/iasnv1_IB_004.mp3"},{"Title":"075-N Ihe Mere Anyị Ji Enwe Ọṅụ","Url":"https://download-a.akamaihd.net/files/media_music/68/iasnv1_IB_005.mp3"},{"Title":"087-N Anyị Bụ Otu Ugbu A","Url":"https://download-a.akamaihd.net/files/media_music/9a/iasnv1_IB_006.mp3"},{"Title":"036-N “Ihe Chineke Kekọtara”","Url":"https://download-a.akamaihd.net/files/media_music/7f/iasnv1_IB_007.mp3"},{"Title":"045-N Gaa n’Ihu!","Url":"https://download-a.akamaihd.net/files/media_music/81/iasnv1_IB_008.mp3"},{"Title":"098-N Ịgha Mkpụrụ Alaeze","Url":"https://download-a.akamaihd.net/files/media_music/12/iasnv1_IB_009.mp3"},{"Title":"084-N “Achọrọ M”","Url":"https://download-a.akamaihd.net/files/media_music/c6/iasnv1_IB_010.mp3"},{"Title":"092-N “Kwusaa Okwu Chineke”","Url":"https://download-a.akamaihd.net/files/media_music/c5/iasnv1_IB_011.mp3"},{"Title":"109-N Too Ọkpara Jehova!","Url":"https://download-a.akamaihd.net/files/media_music/e6/iasnv1_IB_012.mp3"},{"Title":"089-N Jehova Ji Obiọma Na-arịọ: “Mara Ihe, Nwa M”","Url":"https://download-a.akamaihd.net/files/media_music/e9/iasnv1_IB_013.mp3"},{"Title":"101-N Ime Ka A Mara Eziokwu Alaeze","Url":"https://download-a.akamaihd.net/files/media_music/ad/iasnv1_IB_014.mp3"},{"Title":"091-N Nna M, Chineke M na Enyi M","Url":"https://download-a.akamaihd.net/files/media_music/ff/iasnv1_IB_015.mp3"},{"Title":"090-N Isi Awọ́ Mara Mma","Url":"https://download-a.akamaihd.net/files/media_music/65/iasnv1_IB_016.mp3"},{"Title":"134-N “Hụ Onwe Gị Mgbe Ihe Niile Dị Ọhụrụ”","Url":"https://download-a.akamaihd.net/files/media_music/09/iasnv1_IB_017.mp3"}]}