{"Title":"Sing to Jehovah—Vocal Renditions, Disc 5","Tracks":[{"Title":"118-K Tanggapin ang Isa’t Isa","Url":"https://download-a.akamaihd.net/files/media_music/58/iasnv5_TG_01.mp3"},{"Title":"052-K Ingatan Mo ang Iyong Puso","Url":"https://download-a.akamaihd.net/files/media_music/27/iasnv5_TG_02.mp3"},{"Title":"013-K Isang Panalangin ng Pasasalamat","Url":"https://download-a.akamaihd.net/files/media_music/2e/iasnv5_TG_03.mp3"},{"Title":"043-K Manatiling Gising, Matatag, at Malakas","Url":"https://download-a.akamaihd.net/files/media_music/19/iasnv5_TG_04.mp3"},{"Title":"041-K Sambahin si Jehova sa Panahon ng Kabataan","Url":"https://download-a.akamaihd.net/files/media_music/f4/iasnv5_TG_05.mp3"},{"Title":"018-K Ang Matapat na Pag-ibig ng Diyos","Url":"https://download-a.akamaihd.net/files/media_music/da/iasnv5_TG_06.mp3"},{"Title":"010-K “Narito Ako! Isugo Mo Ako”","Url":"https://download-a.akamaihd.net/files/media_music/5c/iasnv5_TG_07.mp3"},{"Title":"031-K Tayo’y mga Saksi ni Jehova!","Url":"https://download-a.akamaihd.net/files/media_music/3b/iasnv5_TG_08.mp3"},{"Title":"005-K Si Kristong Huwaran Natin","Url":"https://download-a.akamaihd.net/files/media_music/46/iasnv5_TG_09.mp3"},{"Title":"016-K Tumakas Tungo sa Kaharian ng Diyos!","Url":"https://download-a.akamaihd.net/files/media_music/e9/iasnv5_TG_10.mp3"},{"Title":"053-K Nagkakaisang Gumagawa","Url":"https://download-a.akamaihd.net/files/media_music/f8/iasnv5_TG_11.mp3"},{"Title":"021-K Maligaya ang mga Maawain!","Url":"https://download-a.akamaihd.net/files/media_music/79/iasnv5_TG_12.mp3"},{"Title":"015-K Sangnilalang—Lumuluwalhati kay Jehova","Url":"https://download-a.akamaihd.net/files/media_music/bb/iasnv5_TG_13.mp3"},{"Title":"035-K Pasasalamat sa Pagkamatiisin ng Diyos","Url":"https://download-a.akamaihd.net/files/media_music/80/iasnv5_TG_14.mp3"},{"Title":"009-K Purihin si Jehova na Ating Diyos!","Url":"https://download-a.akamaihd.net/files/media_music/0e/iasnv5_TG_15.mp3"},{"Title":"011-K Pinasasaya ang Puso ni Jehova","Url":"https://download-a.akamaihd.net/files/media_music/e2/iasnv5_TG_16.mp3"},{"Title":"023-K Si Jehova, ang Ating Lakas","Url":"https://download-a.akamaihd.net/files/media_music/0d/iasnv5_TG_17.mp3"},{"Title":"047-K Ihayag ang Mabuting Balita","Url":"https://download-a.akamaihd.net/files/media_music/c9/iasnv5_TG_18.mp3"},{"Title":"067-K Manalangin kay Jehova sa Tuwina","Url":"https://download-a.akamaihd.net/files/media_music/e7/iasnv5_TG_19.mp3"},{"Title":"051-K Mangunyapit Tayo kay Jehova","Url":"https://download-a.akamaihd.net/files/media_music/00/iasnv5_TG_20.mp3"},{"Title":"002-K Salamat, Jehova","Url":"https://download-a.akamaihd.net/files/media_music/b5/iasnv5_TG_21.mp3"}]}