{"Title":"Sing to Jehovah—Vocal Renditions, Disc 3","Tracks":[{"Title":"046-V Si Jehova ang Aton Hari!","Url":"https://download-a.akamaihd.net/files/media_music/a5/iasnv3_HV_01.mp3"},{"Title":"103-V ‘Magpamalaybalay’","Url":"https://download-a.akamaihd.net/files/media_music/c5/iasnv3_HV_02.mp3"},{"Title":"077-V Magmapinatawaron","Url":"https://download-a.akamaihd.net/files/media_music/6e/iasnv3_HV_03.mp3"},{"Title":"062-V Sin-o ang Imo Dios?","Url":"https://download-a.akamaihd.net/files/media_music/c6/iasnv3_HV_04.mp3"},{"Title":"014-V Tanan nga Butang Ginhimo nga Bag-o","Url":"https://download-a.akamaihd.net/files/media_music/85/iasnv3_HV_05.mp3"},{"Title":"114-V Tulun-an sang Dios—Isa ka Bahandi","Url":"https://download-a.akamaihd.net/files/media_music/49/iasnv3_HV_06.mp3"},{"Title":"120-V Magpamati, Magtuman, kag Pakamaayuhon Ka","Url":"https://download-a.akamaihd.net/files/media_music/d2/iasnv3_HV_07.mp3"},{"Title":"096-V Pangitaa ang mga Takus","Url":"https://download-a.akamaihd.net/files/media_music/b9/iasnv3_HV_08.mp3"},{"Title":"054-V Dapat May Pagtuo Kita","Url":"https://download-a.akamaihd.net/files/media_music/db/iasnv3_HV_09.mp3"},{"Title":"083-V Kinahanglan Naton ang Pagpugong sa Kaugalingon","Url":"https://download-a.akamaihd.net/files/media_music/2f/iasnv3_HV_10.mp3"},{"Title":"126-V Pagpangabudlay Tungod sa Gugma","Url":"https://download-a.akamaihd.net/files/media_music/ea/iasnv3_HV_11.mp3"},{"Title":"125-V Nagapasakop sa Kahimusan sang Dios","Url":"https://download-a.akamaihd.net/files/media_music/d9/iasnv3_HV_12.mp3"},{"Title":"040-V Padayon nga Unaha ang Ginharian","Url":"https://download-a.akamaihd.net/files/media_music/a5/iasnv3_HV_13.mp3"},{"Title":"019-V Saad sang Dios nga Paraiso","Url":"https://download-a.akamaihd.net/files/media_music/90/iasnv3_HV_14.mp3"},{"Title":"056-V Palihug Pamatii ang Akon Pangamuyo","Url":"https://download-a.akamaihd.net/files/media_music/ab/iasnv3_HV_15.mp3"},{"Title":"127-V Isa ka Duog nga Nagadala sang Imo Ngalan","Url":"https://download-a.akamaihd.net/files/media_music/83/iasnv3_HV_16.mp3"},{"Title":"106-V Pagpakig-abyan kay Jehova","Url":"https://download-a.akamaihd.net/files/media_music/78/iasnv3_HV_17.mp3"},{"Title":"133-V Pangitaa ang Dios Agod Maluwas","Url":"https://download-a.akamaihd.net/files/media_music/ae/iasnv3_HV_18.mp3"}]}