{"Title":"Sing to Jehovah—Vocal Renditions, Disc 4","Tracks":[{"Title":"102 - (გ) ვიმღეროთ სამეფოს შესახებ სიმღერა!","Url":"https://download-a.akamaihd.net/files/media_music/0e/iasnv4_GE_01.mp3"},{"Title":"007 - (გ) ქრისტიანული მიძღვნა","Url":"https://download-a.akamaihd.net/files/media_music/aa/iasnv4_GE_02.mp3"},{"Title":"066 - (გ) მთელი სულით ვემსახუროთ იეჰოვას","Url":"https://download-a.akamaihd.net/files/media_music/e8/iasnv4_GE_03.mp3"},{"Title":"003 - (გ) „ღმერთი სიყვარულია“","Url":"https://download-a.akamaihd.net/files/media_music/34/iasnv4_GE_04.mp3"},{"Title":"119 - (გ) მოდით, გამოცოცხლდით!","Url":"https://download-a.akamaihd.net/files/media_music/7d/iasnv4_GE_05.mp3"},{"Title":"027 - (გ) დადექით იეჰოვას მხარეს!","Url":"https://download-a.akamaihd.net/files/media_music/19/iasnv4_GE_06.mp3"},{"Title":"132 - (გ) გამარჯვების სიმღერა","Url":"https://download-a.akamaihd.net/files/media_music/a4/iasnv4_GE_07.mp3"},{"Title":"012 - (გ) ღმერთი მარადიულ სიცოცხლეს გვპირდება","Url":"https://download-a.akamaihd.net/files/media_music/41/iasnv4_GE_08.mp3"},{"Title":"004 - (გ) მოვიპოვოთ ღვთის წინაშე კარგი სახელი","Url":"https://download-a.akamaihd.net/files/media_music/43/iasnv4_GE_09.mp3"},{"Title":"059 - (გ) ღმერთს მივეძღვენით!","Url":"https://download-a.akamaihd.net/files/media_music/2a/iasnv4_GE_10.mp3"},{"Title":"022 - (გ) „იეჰოვაა ჩემი მწყემსი“","Url":"https://download-a.akamaihd.net/files/media_music/d2/iasnv4_GE_11.mp3"},{"Title":"073 - (გ) მთელი გულით გიყვარდეთ","Url":"https://download-a.akamaihd.net/files/media_music/ea/iasnv4_GE_12.mp3"},{"Title":"097 - (გ) წინ, სამეფოს მსახურებო!","Url":"https://download-a.akamaihd.net/files/media_music/49/iasnv4_GE_13.mp3"},{"Title":"029 - (გ) ვიაროთ უმწიკვლოდ","Url":"https://download-a.akamaihd.net/files/media_music/94/iasnv4_GE_14.mp3"},{"Title":"070 - (გ) „დარწმუნდით, რა უფრო მნიშვნელოვანია“","Url":"https://download-a.akamaihd.net/files/media_music/7e/iasnv4_GE_15.mp3"},{"Title":"006 - (გ) ღვთის მსახურის ლოცვა","Url":"https://download-a.akamaihd.net/files/media_music/d2/iasnv4_GE_16.mp3"},{"Title":"086 - (გ) ერთგული ქალები, ქრისტიანი დები","Url":"https://download-a.akamaihd.net/files/media_music/2c/iasnv4_GE_17.mp3"},{"Title":"131 - (გ) იეჰოვა მხსნელი ღმერთია","Url":"https://download-a.akamaihd.net/files/media_music/eb/iasnv4_GE_18.mp3"}]}