{"Title":"Sing to Jehovah—Vocal Renditions, Disc 6","Tracks":[{"Title":"030-V Ginmapo Lay Uley nen Jehova","Url":"https://download-a.akamaihd.net/files/media_music/f3/iasnv6_PN_01.mp3"},{"Title":"121-V Manpapasesegan","Url":"https://download-a.akamaihd.net/files/media_music/53/iasnv6_PN_02.mp3"},{"Title":"033-V Ag-ontatakot!","Url":"https://download-a.akamaihd.net/files/media_music/1b/iasnv6_PN_03.mp3"},{"Title":"025-V Pakapatnagay Inkadisipulo","Url":"https://download-a.akamaihd.net/files/media_music/1a/iasnv6_PN_04.mp3"},{"Title":"042-V Tulongan Iray Maletey","Url":"https://download-a.akamaihd.net/files/media_music/95/iasnv6_PN_05.mp3"},{"Title":"032-V Mansiansian Malet, Agnagiing!","Url":"https://download-a.akamaihd.net/files/media_music/6d/iasnv6_PN_06.mp3"},{"Title":"071-V Regalo na Dios a Masanton Espiritu","Url":"https://download-a.akamaihd.net/files/media_music/25/iasnv6_PN_07.mp3"},{"Title":"093-V ‘Pasindag Yoy Liwawa Yo’","Url":"https://download-a.akamaihd.net/files/media_music/c2/iasnv6_PN_08.mp3"},{"Title":"105-V Iyaabawag na Katawenan so Gloria na Dios","Url":"https://download-a.akamaihd.net/files/media_music/dc/iasnv6_PN_09.mp3"},{"Title":"072-V Bayuboan so Kualidad ya Aro","Url":"https://download-a.akamaihd.net/files/media_music/a1/iasnv6_PN_10.mp3"},{"Title":"026-V Manakar a Kaiba na Dios!","Url":"https://download-a.akamaihd.net/files/media_music/09/iasnv6_PN_11.mp3"},{"Title":"129-V Bembenan a Malet so Ilalo Tayo","Url":"https://download-a.akamaihd.net/files/media_music/ea/iasnv6_PN_12.mp3"},{"Title":"038-V Ipasakbat ed Jehova so Awit Mo","Url":"https://download-a.akamaihd.net/files/media_music/06/iasnv6_PN_13.mp3"},{"Title":"135-V Mansungdo Anggad Anggaan","Url":"https://download-a.akamaihd.net/files/media_music/b8/iasnv6_PN_14.mp3"},{"Title":"044-V Magayagan Pibibiang ed Panag-ani","Url":"https://download-a.akamaihd.net/files/media_music/83/iasnv6_PN_15.mp3"},{"Title":"080-V Say Kualidad a Kamaongan","Url":"https://download-a.akamaihd.net/files/media_music/cc/iasnv6_PN_16.mp3"},{"Title":"037-V Say Kasulatan—Pinuyanan na Dios","Url":"https://download-a.akamaihd.net/files/media_music/ee/iasnv6_PN_17.mp3"},{"Title":"049-V Si Jehova so Salimbeng Tayo","Url":"https://download-a.akamaihd.net/files/media_music/75/iasnv6_PN_18.mp3"},{"Title":"020-V Bendisyonan Pay Pantitipon Mi","Url":"https://download-a.akamaihd.net/files/media_music/45/iasnv6_PN_19.mp3"},{"Title":"034-V Manbilay Unong ed Ngaran Mi","Url":"https://download-a.akamaihd.net/files/media_music/a1/iasnv6_PN_20.mp3"},{"Title":"001-V Saray Kualidad nen Jehova","Url":"https://download-a.akamaihd.net/files/media_music/1e/iasnv6_PN_21.mp3"}]}