{"Title":"Sing to Jehovah—Vocal Renditions, Disc 1","Tracks":[{"Title":"065-V 바로 이 길이다","Url":"https://download-a.akamaihd.net/files/media_music/fd/iasnv1_KO_001.mp3"},{"Title":"063-V 항상 충성하리","Url":"https://download-a.akamaihd.net/files/media_music/43/iasnv1_KO_002.mp3"},{"Title":"111-V 그분은 부르실 것이다","Url":"https://download-a.akamaihd.net/files/media_music/87/iasnv1_KO_003.mp3"},{"Title":"110-V 하느님의 놀라운 일들","Url":"https://download-a.akamaihd.net/files/media_music/e6/iasnv1_KO_004.mp3"},{"Title":"075-V 우리를 기쁘게 하는 일들","Url":"https://download-a.akamaihd.net/files/media_music/15/iasnv1_KO_005.mp3"},{"Title":"087-V 이제 우리는 한 몸","Url":"https://download-a.akamaihd.net/files/media_music/e4/iasnv1_KO_006.mp3"},{"Title":"036-V ‘하느님께서 멍에를 함께 메게 하셨네’","Url":"https://download-a.akamaihd.net/files/media_music/26/iasnv1_KO_007.mp3"},{"Title":"045-V 앞으로 나가세!","Url":"https://download-a.akamaihd.net/files/media_music/40/iasnv1_KO_008.mp3"},{"Title":"098-V 왕국의 씨를 뿌리라","Url":"https://download-a.akamaihd.net/files/media_music/45/iasnv1_KO_009.mp3"},{"Title":"084-V “내가 원합니다”","Url":"https://download-a.akamaihd.net/files/media_music/45/iasnv1_KO_010.mp3"},{"Title":"092-V “말씀을 전파하라”","Url":"https://download-a.akamaihd.net/files/media_music/bb/iasnv1_KO_011.mp3"},{"Title":"109-V 여호와의 ‘맏아들’을 환호하라!","Url":"https://download-a.akamaihd.net/files/media_music/41/iasnv1_KO_012.mp3"},{"Title":"089-V 여호와께서 호소하시네, “내 아들아, 지혜롭게 되어라”","Url":"https://download-a.akamaihd.net/files/media_music/f5/iasnv1_KO_013.mp3"},{"Title":"101-V 왕국 진리를 알리라","Url":"https://download-a.akamaihd.net/files/media_music/c4/iasnv1_KO_014.mp3"},{"Title":"091-V 내 아버지, 내 하느님, 내 벗","Url":"https://download-a.akamaihd.net/files/media_music/ac/iasnv1_KO_015.mp3"},{"Title":"090-V 백발이 되어도 아름답다","Url":"https://download-a.akamaihd.net/files/media_music/ff/iasnv1_KO_016.mp3"},{"Title":"134-V 우리 함께 새로운 세상에 살게 될 때","Url":"https://download-a.akamaihd.net/files/media_music/32/iasnv1_KO_017.mp3"}]}