{"Title":"Sing to Jehovah—Vocal Renditions, Disc 1","Tracks":[{"Title":"065-W „To jest ta droga”","Url":"https://download-a.akamaihd.net/files/media_music/93/iasnv1_P_001.mp3"},{"Title":"063-W Bądź lojalny","Url":"https://download-a.akamaihd.net/files/media_music/ad/iasnv1_P_002.mp3"},{"Title":"111-W Jego głos usłyszą zmarli","Url":"https://download-a.akamaihd.net/files/media_music/c3/iasnv1_P_003.mp3"},{"Title":"110-W Zdumiewające dzieła Boże","Url":"https://download-a.akamaihd.net/files/media_music/04/iasnv1_P_004.mp3"},{"Title":"075-W Bóg daje nam radość","Url":"https://download-a.akamaihd.net/files/media_music/1a/iasnv1_P_005.mp3"},{"Title":"087-W Połączeni węzłem małżeńskim","Url":"https://download-a.akamaihd.net/files/media_music/0d/iasnv1_P_006.mp3"},{"Title":"036-W ‘Co Bóg wprzągł w jedno jarzmo’","Url":"https://download-a.akamaihd.net/files/media_music/02/iasnv1_P_007.mp3"},{"Title":"045-W Naprzód dąż!","Url":"https://download-a.akamaihd.net/files/media_music/7b/iasnv1_P_008.mp3"},{"Title":"098-W Siejmy nasienie Królestwa","Url":"https://download-a.akamaihd.net/files/media_music/7c/iasnv1_P_009.mp3"},{"Title":"084-W ‘Chcę tego’","Url":"https://download-a.akamaihd.net/files/media_music/57/iasnv1_P_010.mp3"},{"Title":"092-W ‘Głoś Słowo’!","Url":"https://download-a.akamaihd.net/files/media_music/ce/iasnv1_P_011.mp3"},{"Title":"109-W Hołd Pierworodnemu Jehowy!","Url":"https://download-a.akamaihd.net/files/media_music/eb/iasnv1_P_012.mp3"},{"Title":"089-W Jehowa prosi: „Bądź mądry, mój synu”","Url":"https://download-a.akamaihd.net/files/media_music/f2/iasnv1_P_013.mp3"},{"Title":"101-W Rozgłaszajmy prawdę o Królestwie","Url":"https://download-a.akamaihd.net/files/media_music/78/iasnv1_P_014.mp3"},{"Title":"091-W Bóg Jehowa — mój Przyjaciel i mój Ojciec","Url":"https://download-a.akamaihd.net/files/media_music/15/iasnv1_P_015.mp3"},{"Title":"090-W Siwizna koroną piękna","Url":"https://download-a.akamaihd.net/files/media_music/3b/iasnv1_P_016.mp3"},{"Title":"134-W Czy widzisz siebie w raju?","Url":"https://download-a.akamaihd.net/files/media_music/d2/iasnv1_P_017.mp3"}]}