{"Title":"Sing to Jehovah—Vocal Renditions, Disc 1","Tracks":[{"Title":"065-V “To je put”","Url":"https://download-a.akamaihd.net/files/media_music/09/iasnv1_C_001.mp3"},{"Title":"063-V Uvijek budimo vjerni","Url":"https://download-a.akamaihd.net/files/media_music/9d/iasnv1_C_002.mp3"},{"Title":"111-V ‘Jehova će zazvati’","Url":"https://download-a.akamaihd.net/files/media_music/51/iasnv1_C_003.mp3"},{"Title":"110-V Božja zadivljujuća djela","Url":"https://download-a.akamaihd.net/files/media_music/ee/iasnv1_C_004.mp3"},{"Title":"075-V Mnogo je razloga za radost","Url":"https://download-a.akamaihd.net/files/media_music/93/iasnv1_C_005.mp3"},{"Title":"087-V Sada smo jedno","Url":"https://download-a.akamaihd.net/files/media_music/a1/iasnv1_C_006.mp3"},{"Title":"036-V “Što je Bog združio”","Url":"https://download-a.akamaihd.net/files/media_music/0b/iasnv1_C_007.mp3"},{"Title":"045-V Naprijed, svi!","Url":"https://download-a.akamaihd.net/files/media_music/ce/iasnv1_C_008.mp3"},{"Title":"098-V Sijati sjeme — vijest o Kraljevstvu","Url":"https://download-a.akamaihd.net/files/media_music/d4/iasnv1_C_009.mp3"},{"Title":"084-V “Hoću!”","Url":"https://download-a.akamaihd.net/files/media_music/85/iasnv1_C_010.mp3"},{"Title":"092-V Objavljuj dobru vijest","Url":"https://download-a.akamaihd.net/files/media_music/f2/iasnv1_C_011.mp3"},{"Title":"109-V Nek je hvaljen Jehovin prvorođeni Sin!","Url":"https://download-a.akamaihd.net/files/media_music/41/iasnv1_C_012.mp3"},{"Title":"089-V Jehova srdačno poziva: “Budi mudar, sine moj”","Url":"https://download-a.akamaihd.net/files/media_music/7d/iasnv1_C_013.mp3"},{"Title":"101-V Objavljujmo istinu o Kraljevstvu","Url":"https://download-a.akamaihd.net/files/media_music/01/iasnv1_C_014.mp3"},{"Title":"091-V Moj Bog, Otac i Prijatelj","Url":"https://download-a.akamaihd.net/files/media_music/b0/iasnv1_C_015.mp3"},{"Title":"090-V Sijeda je kosa prekrasna","Url":"https://download-a.akamaihd.net/files/media_music/61/iasnv1_C_016.mp3"},{"Title":"134-V Vidiš li sebe u novom svijetu?","Url":"https://download-a.akamaihd.net/files/media_music/ae/iasnv1_C_017.mp3"}]}