{"Title":"Sing to Jehovah—Vocal Renditions, Disc 2","Tracks":[{"Title":"069-M Kondizyibya Nzila Zyako","Url":"https://download-a.akamaihd.net/files/media_music/e6/iasnv2_CG_03.mp3"},{"Title":"107-M Amuboole Kucilundu ca Jehova","Url":"https://download-a.akamaihd.net/files/media_music/57/iasnv2_CG_06.mp3"},{"Title":"088-M Bana mba Leza","Url":"https://download-a.akamaihd.net/files/media_music/af/iasnv2_CG_07.mp3"},{"Title":"081-M 'Kotuyungizyila Lusyomo'","Url":"https://download-a.akamaihd.net/files/media_music/4c/iasnv2_CG_08.mp3"},{"Title":"108-M Amumutembaule Jehova Akaambo ka Bwami Bwakwe","Url":"https://download-a.akamaihd.net/files/media_music/03/iasnv2_CG_10.mp3"},{"Title":"008-M Mulalilo wa Mwami","Url":"https://download-a.akamaihd.net/files/media_music/90/iasnv2_CG_16.mp3"},{"Title":"057-M Mizeezo Yamumoyo Wangu","Url":"https://download-a.akamaihd.net/files/media_music/30/iasnv2_CG_18.mp3"},{"Title":"085-M Bulumbu Kuzwa Kuli Jehova","Url":"https://download-a.akamaihd.net/files/media_music/77/iasnv2_CG_19.mp3"}]}