{"Title":"Sing to Jehovah—Vocal Renditions, Disc 1","Tracks":[{"Title":"065 - (გ) „ეს არის გზა“","Url":"https://download-a.akamaihd.net/files/media_music/2d/iasnv1_GE_001.mp3"},{"Title":"063 - (გ) მუდამ ერთგულები","Url":"https://download-a.akamaihd.net/files/media_music/97/iasnv1_GE_002.mp3"},{"Title":"111 - (გ) ის დაიძახებს","Url":"https://download-a.akamaihd.net/files/media_music/4c/iasnv1_GE_003.mp3"},{"Title":"110 - (გ) ღვთის საოცარი საქმეები","Url":"https://download-a.akamaihd.net/files/media_music/42/iasnv1_GE_004.mp3"},{"Title":"075 - (გ) ჩვენი სიხარულის მიზეზი","Url":"https://download-a.akamaihd.net/files/media_music/ca/iasnv1_GE_005.mp3"},{"Title":"087 - (გ) ახლა ჩვენ ერთნი ვართ","Url":"https://download-a.akamaihd.net/files/media_music/97/iasnv1_GE_006.mp3"},{"Title":"036 - (გ) „ვინც ღმერთმა შეაუღლა“","Url":"https://download-a.akamaihd.net/files/media_music/19/iasnv1_GE_007.mp3"},{"Title":"045 - (გ) წინ!","Url":"https://download-a.akamaihd.net/files/media_music/34/iasnv1_GE_008.mp3"},{"Title":"098 - (გ) სამეფოს თესლის თესვა","Url":"https://download-a.akamaihd.net/files/media_music/14/iasnv1_GE_009.mp3"},{"Title":"084 - (გ) „მსურს“","Url":"https://download-a.akamaihd.net/files/media_music/13/iasnv1_GE_010.mp3"},{"Title":"092 - (გ) „იქადაგე სიტყვა“","Url":"https://download-a.akamaihd.net/files/media_music/78/iasnv1_GE_011.mp3"},{"Title":"109 - (გ) მიესალმეთ იეჰოვას პირმშოს!","Url":"https://download-a.akamaihd.net/files/media_music/9d/iasnv1_GE_012.mp3"},{"Title":"089 - (გ) იეჰოვას თბილი თხოვნა:  „შვილო, იყავი ბრძენი“","Url":"https://download-a.akamaihd.net/files/media_music/f5/iasnv1_GE_013.mp3"},{"Title":"101 - (გ) ამცნეთ ჭეშმარიტება სამეფოს შესახებ","Url":"https://download-a.akamaihd.net/files/media_music/d5/iasnv1_GE_014.mp3"},{"Title":"091 - (გ) ჩემო მამა, ჩემო ღმერთო, ჩემო მეგობარო!","Url":"https://download-a.akamaihd.net/files/media_music/39/iasnv1_GE_015.mp3"},{"Title":"090 - (გ) ჭაღარის სილამაზე","Url":"https://download-a.akamaihd.net/files/media_music/18/iasnv1_GE_016.mp3"},{"Title":"134 - (გ) როდესაც ყველაფერი ახალი იქნება","Url":"https://download-a.akamaihd.net/files/media_music/38/iasnv1_GE_017.mp3"}]}