{"Title":"Sing to Jehovah—Vocal Renditions, Disc 6","Tracks":[{"Title":"030-V Jehova begynner sitt styre","Url":"https://download-a.akamaihd.net/files/media_music/c2/iasnv6_N_01.mp3"},{"Title":"121-V La oss oppmuntre hverandre","Url":"https://download-a.akamaihd.net/files/media_music/57/iasnv6_N_02.mp3"},{"Title":"033-V Frykt dem ikke!","Url":"https://download-a.akamaihd.net/files/media_music/ed/iasnv6_N_03.mp3"},{"Title":"025-V Kristi disiplers kjennetegn","Url":"https://download-a.akamaihd.net/files/media_music/ea/iasnv6_N_04.mp3"},{"Title":"032-V Vær standhaftig og urokkelig!","Url":"https://download-a.akamaihd.net/files/media_music/e7/iasnv6_N_06.mp3"},{"Title":"071-V Hellig ånd – Guds gave","Url":"https://download-a.akamaihd.net/files/media_music/fb/iasnv6_N_07.mp3"},{"Title":"105-V Himlene forkynner Guds herlighet","Url":"https://download-a.akamaihd.net/files/media_music/f5/iasnv6_N_09.mp3"},{"Title":"072-V Framelsk kjærlighet!","Url":"https://download-a.akamaihd.net/files/media_music/8b/iasnv6_N_10.mp3"},{"Title":"129-V Vårt håp er sikkert og fast","Url":"https://download-a.akamaihd.net/files/media_music/57/iasnv6_N_12.mp3"},{"Title":"038-V Kast din byrde på Jehova","Url":"https://download-a.akamaihd.net/files/media_music/20/iasnv6_N_13.mp3"},{"Title":"135-V Hold ut til enden!","Url":"https://download-a.akamaihd.net/files/media_music/5b/iasnv6_N_14.mp3"},{"Title":"044-V Delta med glede i høstarbeidet","Url":"https://download-a.akamaihd.net/files/media_music/c4/iasnv6_N_15.mp3"},{"Title":"037-V Skriften – inspirert av Gud","Url":"https://download-a.akamaihd.net/files/media_music/a7/iasnv6_N_17.mp3"},{"Title":"020-V Velsign vårt samvær","Url":"https://download-a.akamaihd.net/files/media_music/a1/iasnv6_N_19.mp3"},{"Title":"001-V Jehovas egenskaper","Url":"https://download-a.akamaihd.net/files/media_music/fd/iasnv6_N_21.mp3"}]}