{"Title":"Sing to Jehovah—Vocal Renditions, Disc 2","Tracks":[{"Title":"074–V Jehovina radost","Url":"https://download-a.akamaihd.net/files/media_music/be/iasnv2_SBO_001.mp3"},{"Title":"095–V „Ispitajte i vidite da je Jehova dobar“","Url":"https://download-a.akamaihd.net/files/media_music/a0/iasnv2_SBO_002.mp3"},{"Title":"069–V Daj da upoznam puteve tvoje","Url":"https://download-a.akamaihd.net/files/media_music/7b/iasnv2_SBO_003.mp3"},{"Title":"130–V Čudesni dar života","Url":"https://download-a.akamaihd.net/files/media_music/1a/iasnv2_SBO_004.mp3"},{"Title":"060–V Bog će te ojačati","Url":"https://download-a.akamaihd.net/files/media_music/08/iasnv2_SBO_005.mp3"},{"Title":"107–V Pođimo na Jehovinu goru","Url":"https://download-a.akamaihd.net/files/media_music/d3/iasnv2_SBO_006.mp3"},{"Title":"088–V Deca su dar od Boga","Url":"https://download-a.akamaihd.net/files/media_music/e7/iasnv2_SBO_007.mp3"},{"Title":"081–V „Daj nam više vere“","Url":"https://download-a.akamaihd.net/files/media_music/38/iasnv2_SBO_008.mp3"},{"Title":"058–V Moje predanje Bogu","Url":"https://download-a.akamaihd.net/files/media_music/69/iasnv2_SBO_009.mp3"},{"Title":"108–V Hvalimo Jehovu zbog njegovog Kraljevstva","Url":"https://download-a.akamaihd.net/files/media_music/26/iasnv2_SBO_010.mp3"},{"Title":"116–V Svetlost sve jače sja","Url":"https://download-a.akamaihd.net/files/media_music/7c/iasnv2_SBO_011.mp3"},{"Title":"123–V Pastiri su dar od Boga","Url":"https://download-a.akamaihd.net/files/media_music/ab/iasnv2_SBO_012.mp3"},{"Title":"124–V Budimo gostoljubivi","Url":"https://download-a.akamaihd.net/files/media_music/b8/iasnv2_SBO_013.mp3"},{"Title":"061–V Kakva osoba treba da budem?","Url":"https://download-a.akamaihd.net/files/media_music/d8/iasnv2_SBO_014.mp3"},{"Title":"064–V Živi s istinom","Url":"https://download-a.akamaihd.net/files/media_music/0a/iasnv2_SBO_015.mp3"},{"Title":"008–V Gospodova večera","Url":"https://download-a.akamaihd.net/files/media_music/62/iasnv2_SBO_016.mp3"},{"Title":"068–V Molitva u teskobi","Url":"https://download-a.akamaihd.net/files/media_music/98/iasnv2_SBO_017.mp3"},{"Title":"057–V Razmišljanja mog srca","Url":"https://download-a.akamaihd.net/files/media_music/b3/iasnv2_SBO_018.mp3"},{"Title":"085–V Nek’ te Jehova nagradi","Url":"https://download-a.akamaihd.net/files/media_music/94/iasnv2_SBO_019.mp3"}]}