{"Title":"Sing to Jehovah—Vocal Renditions, Disc 2","Tracks":[{"Title":"074-K Ang Kagalakan kay Jehova","Url":"https://download-a.akamaihd.net/files/media_music/3f/iasnv2_TG_01.mp3"},{"Title":"095-K ‘Tikman at Tingnan na si Jehova ay Mabuti’","Url":"https://download-a.akamaihd.net/files/media_music/f4/iasnv2_TG_02.mp3"},{"Title":"069-K Ipaalam Mo sa Akin ang Iyong mga Daan","Url":"https://download-a.akamaihd.net/files/media_music/3c/iasnv2_TG_03.mp3"},{"Title":"130-K Ang Himalang Buhay","Url":"https://download-a.akamaihd.net/files/media_music/78/iasnv2_TG_04.mp3"},{"Title":"060-K Palalakasin Ka Niya","Url":"https://download-a.akamaihd.net/files/media_music/15/iasnv2_TG_05.mp3"},{"Title":"107-K Halikayo sa Bundok ni Jehova","Url":"https://download-a.akamaihd.net/files/media_music/ca/iasnv2_TG_06.mp3"},{"Title":"088-K Mga Anak—Ipinagkatiwala ng Diyos","Url":"https://download-a.akamaihd.net/files/media_music/7e/iasnv2_TG_07.mp3"},{"Title":"081-K ‘Bigyan Mo Kami ng Higit na Pananampalataya’","Url":"https://download-a.akamaihd.net/files/media_music/ad/iasnv2_TG_08.mp3"},{"Title":"058-K Aking Panalangin ng Pag-aalay","Url":"https://download-a.akamaihd.net/files/media_music/75/iasnv2_TG_09.mp3"},{"Title":"108-K Purihin si Jehova Dahil sa Kaniyang Kaharian","Url":"https://download-a.akamaihd.net/files/media_music/10/iasnv2_TG_10.mp3"},{"Title":"116-K Ang Liwanag ay Lalong Nagniningning","Url":"https://download-a.akamaihd.net/files/media_music/57/iasnv2_TG_11.mp3"},{"Title":"123-K Mga Pastol—Kaloob na mga Tao","Url":"https://download-a.akamaihd.net/files/media_music/fa/iasnv2_TG_12.mp3"},{"Title":"124-K Maging Mapagpatuloy","Url":"https://download-a.akamaihd.net/files/media_music/0c/iasnv2_TG_13.mp3"},{"Title":"061-K Ang Uri ng Pagkatao na Nararapat sa Akin","Url":"https://download-a.akamaihd.net/files/media_music/b9/iasnv2_TG_14.mp3"},{"Title":"064-K Dibdibin Mo ang Katotohanan","Url":"https://download-a.akamaihd.net/files/media_music/fc/iasnv2_TG_15.mp3"},{"Title":"008-K Ang Hapunan ng Panginoon","Url":"https://download-a.akamaihd.net/files/media_music/71/iasnv2_TG_16.mp3"},{"Title":"068-K Panalangin ng Mapagpakumbaba","Url":"https://download-a.akamaihd.net/files/media_music/03/iasnv2_TG_17.mp3"},{"Title":"057-K Ang Pagbubulay-bulay ng Aking Puso","Url":"https://download-a.akamaihd.net/files/media_music/77/iasnv2_TG_18.mp3"},{"Title":"085-K Isang Lubos na Gantimpala Mula kay Jehova","Url":"https://download-a.akamaihd.net/files/media_music/95/iasnv2_TG_19.mp3"}]}