{"Title":"Sing to Jehovah—Vocal Renditions, Disc 1","Tracks":[{"Title":"065-K \"Tässä on tie\"","Url":"https://download-a.akamaihd.net/files/media_music/8e/iasnv1_FI_01.mp3"},{"Title":"063-K Aina uskolliset","Url":"https://download-a.akamaihd.net/files/media_music/56/iasnv1_FI_02.mp3"},{"Title":"111-K Jehova kutsuu","Url":"https://download-a.akamaihd.net/files/media_music/58/iasnv1_FI_03.mp3"},{"Title":"110-K Jumalan ihmeelliset teot","Url":"https://download-a.akamaihd.net/files/media_music/46/iasnv1_FI_04.mp3"},{"Title":"075-K Ilomme aiheet","Url":"https://download-a.akamaihd.net/files/media_music/5e/iasnv1_FI_05.mp3"},{"Title":"087-K Nyt olemme yhtä","Url":"https://download-a.akamaihd.net/files/media_music/22/iasnv1_FI_06.mp3"},{"Title":"036-K \"Minkä Jumala on sitonut yhteen\"","Url":"https://download-a.akamaihd.net/files/media_music/fd/iasnv1_FI_07.mp3"},{"Title":"045-K Eteenpäin!","Url":"https://download-a.akamaihd.net/files/media_music/45/iasnv1_FI_08.mp3"},{"Title":"098-K Kylvämme Valtakunnan siementä","Url":"https://download-a.akamaihd.net/files/media_music/7e/iasnv1_FI_09.mp3"},{"Title":"084-K \"Minä haluan\"","Url":"https://download-a.akamaihd.net/files/media_music/39/iasnv1_FI_10.mp3"},{"Title":"092-K \"Saarnaa sanaa\"","Url":"https://download-a.akamaihd.net/files/media_music/62/iasnv1_FI_11.mp3"},{"Title":"109-K Tervehdi Jehovan Esikoista!","Url":"https://download-a.akamaihd.net/files/media_music/d9/iasnv1_FI_12.mp3"},{"Title":"089-K Jehovan lämmin pyyntö: \"Ole viisas, poikani\"","Url":"https://download-a.akamaihd.net/files/media_music/0b/iasnv1_FI_13.mp3"},{"Title":"101-K Kerromme Valtakunnan totuutta","Url":"https://download-a.akamaihd.net/files/media_music/85/iasnv1_FI_14.mp3"},{"Title":"091-K Isä taivaan, Jumalani ja Ystäväni","Url":"https://download-a.akamaihd.net/files/media_music/70/iasnv1_FI_15.mp3"},{"Title":"090-K Harmaapäisyys – kauneuden kruunu","Url":"https://download-a.akamaihd.net/files/media_music/11/iasnv1_FI_16.mp3"},{"Title":"134-K Näe itsesi uudessa maailmassa","Url":"https://download-a.akamaihd.net/files/media_music/1a/iasnv1_FI_17.mp3"}]}