{"Title":"Sing to Jehovah—Vocal Renditions, Disc 5","Tracks":[{"Title":"118-K Välkomna varandra","Url":"https://download-a.akamaihd.net/files/media_music/21/iasnv5_Z_001.mp3"},{"Title":"052-K Skydda ditt hjärta","Url":"https://download-a.akamaihd.net/files/media_music/99/iasnv5_Z_002.mp3"},{"Title":"013-K En bön av tacksamhet","Url":"https://download-a.akamaihd.net/files/media_music/b1/iasnv5_Z_003.mp3"},{"Title":"043-K Håll er vakna, stå fasta, bli starka","Url":"https://download-a.akamaihd.net/files/media_music/0e/iasnv5_Z_004.mp3"},{"Title":"041-K Tillbe Jehova i unga år","Url":"https://download-a.akamaihd.net/files/media_music/4a/iasnv5_Z_005.mp3"},{"Title":"018-K Guds lojala kärlek","Url":"https://download-a.akamaihd.net/files/media_music/80/iasnv5_Z_006.mp3"},{"Title":"010-K ”Här är jag! Sänd mig”","Url":"https://download-a.akamaihd.net/files/media_music/29/iasnv5_Z_007.mp3"},{"Title":"031-K Den sanne Gudens vittnen","Url":"https://download-a.akamaihd.net/files/media_music/80/iasnv5_Z_008.mp3"},{"Title":"005-K Kristus, vårt föredöme","Url":"https://download-a.akamaihd.net/files/media_music/25/iasnv5_Z_009.mp3"},{"Title":"016-K Fly till Guds rike!","Url":"https://download-a.akamaihd.net/files/media_music/24/iasnv5_Z_010.mp3"},{"Title":"053-K Arbeta tillsammans i enhet","Url":"https://download-a.akamaihd.net/files/media_music/30/iasnv5_Z_011.mp3"},{"Title":"021-K ”Lyckliga är de barmhärtiga”","Url":"https://download-a.akamaihd.net/files/media_music/37/iasnv5_Z_012.mp3"},{"Title":"015-K Skapelsen vittnar om Jehovas härlighet","Url":"https://download-a.akamaihd.net/files/media_music/32/iasnv5_Z_013.mp3"},{"Title":"035-K Jehovas underbara tålamod","Url":"https://download-a.akamaihd.net/files/media_music/7f/iasnv5_Z_014.mp3"},{"Title":"009-K Lovprisa Jehova, vår Gud!","Url":"https://download-a.akamaihd.net/files/media_music/35/iasnv5_Z_015.mp3"},{"Title":"011-K Gläd Jehovas hjärta!","Url":"https://download-a.akamaihd.net/files/media_music/15/iasnv5_Z_016.mp3"},{"Title":"023-K Jehova är vår styrka","Url":"https://download-a.akamaihd.net/files/media_music/d2/iasnv5_Z_017.mp3"},{"Title":"047-K De eviga goda nyheterna","Url":"https://download-a.akamaihd.net/files/media_music/34/iasnv5_Z_018.mp3"},{"Title":"067-K Be till vår Gud varje dag","Url":"https://download-a.akamaihd.net/files/media_music/19/iasnv5_Z_019.mp3"},{"Title":"051-K Vi håller fast vid Jehova","Url":"https://download-a.akamaihd.net/files/media_music/20/iasnv5_Z_020.mp3"},{"Title":"002-K Vi tackar dig, Jehova","Url":"https://download-a.akamaihd.net/files/media_music/c4/iasnv5_Z_021.mp3"}]}