{"Title":"Sing to Jehovah—Vocal Renditions, Disc 1","Tracks":[{"Title":"065-V “Ini Amo ang Dalan”","Url":"https://download-a.akamaihd.net/files/media_music/72/iasnv1_HV_01.mp3"},{"Title":"063-V Mangin Mainunungon","Url":"https://download-a.akamaihd.net/files/media_music/42/iasnv1_HV_02.mp3"},{"Title":"111-V Magapanawag Sia","Url":"https://download-a.akamaihd.net/files/media_music/42/iasnv1_HV_03.mp3"},{"Title":"110-V Dalayawon nga Hinimuan sang Dios","Url":"https://download-a.akamaihd.net/files/media_music/60/iasnv1_HV_04.mp3"},{"Title":"075-V Mga Rason sa Pagkalipay","Url":"https://download-a.akamaihd.net/files/media_music/d6/iasnv1_HV_05.mp3"},{"Title":"087-V Isa Na Kita","Url":"https://download-a.akamaihd.net/files/media_music/90/iasnv1_HV_06.mp3"},{"Title":"036-V “Ang Gintingob sang Dios”","Url":"https://download-a.akamaihd.net/files/media_music/62/iasnv1_HV_07.mp3"},{"Title":"045-V Padayon!","Url":"https://download-a.akamaihd.net/files/media_music/d8/iasnv1_HV_08.mp3"},{"Title":"098-V Pagsab-ug sa Binhi sang Ginharian","Url":"https://download-a.akamaihd.net/files/media_music/e0/iasnv1_HV_09.mp3"},{"Title":"084-V “Luyag Ko”","Url":"https://download-a.akamaihd.net/files/media_music/9f/iasnv1_HV_10.mp3"},{"Title":"092-V ‘Iwali ang Pulong’","Url":"https://download-a.akamaihd.net/files/media_music/3d/iasnv1_HV_11.mp3"},{"Title":"109-V Dayawa ang Panganay ni Jehova!","Url":"https://download-a.akamaihd.net/files/media_music/3b/iasnv1_HV_12.mp3"},{"Title":"089-V Pangabay ni Jehova: “Magmaalam Ka, Anak Ko”","Url":"https://download-a.akamaihd.net/files/media_music/c6/iasnv1_HV_13.mp3"},{"Title":"101-V Pagpanaksi sa Kamatuoran sang Ginharian","Url":"https://download-a.akamaihd.net/files/media_music/f3/iasnv1_HV_14.mp3"},{"Title":"091-V Akon Amay, Akon Dios kag Abyan","Url":"https://download-a.akamaihd.net/files/media_music/1a/iasnv1_HV_15.mp3"},{"Title":"090-V Ang Katahom sang Ubanon nga Ulo","Url":"https://download-a.akamaihd.net/files/media_music/e2/iasnv1_HV_16.mp3"},{"Title":"134-V Handurawa nga Bag-o Na ang Tanan","Url":"https://download-a.akamaihd.net/files/media_music/ea/iasnv1_HV_17.mp3"}]}