{"Title":"Sing to Jehovah—Vocal Renditions, Disc 2","Tracks":[{"Title":"074-K Vår glede i Jehova","Url":"https://download-a.akamaihd.net/files/media_music/99/iasnv2_N_01.mp3"},{"Title":"095-K «Smak og se at Jehova er god»","Url":"https://download-a.akamaihd.net/files/media_music/49/iasnv2_N_02.mp3"},{"Title":"069-K Gjør meg kjent med dine veier","Url":"https://download-a.akamaihd.net/files/media_music/9f/iasnv2_N_03.mp3"},{"Title":"130-K Livet – et Guds mirakel","Url":"https://download-a.akamaihd.net/files/media_music/16/iasnv2_N_04.mp3"},{"Title":"060-K Han gjør deg sterk og fast","Url":"https://download-a.akamaihd.net/files/media_music/2e/iasnv2_N_05.mp3"},{"Title":"107-K Kom til Jehovas fjell","Url":"https://download-a.akamaihd.net/files/media_music/e8/iasnv2_N_06.mp3"},{"Title":"088-K Barn – en gave fra Gud","Url":"https://download-a.akamaihd.net/files/media_music/18/iasnv2_N_07.mp3"},{"Title":"081-K «Gi oss mer tro»","Url":"https://download-a.akamaihd.net/files/media_music/7e/iasnv2_N_08.mp3"},{"Title":"058-K Min innvielsesbønn","Url":"https://download-a.akamaihd.net/files/media_music/1a/iasnv2_N_09.mp3"},{"Title":"108-K Pris Jehova for hans rike","Url":"https://download-a.akamaihd.net/files/media_music/e5/iasnv2_N_10.mp3"},{"Title":"116-K Lyset blir klarere","Url":"https://download-a.akamaihd.net/files/media_music/d4/iasnv2_N_11.mp3"},{"Title":"123-K Hyrder – gaver i form av mennesker","Url":"https://download-a.akamaihd.net/files/media_music/da/iasnv2_N_12.mp3"},{"Title":"124-K Vis gjestfrihet","Url":"https://download-a.akamaihd.net/files/media_music/5e/iasnv2_N_13.mp3"},{"Title":"061-K Hva slags menneske jeg bør være","Url":"https://download-a.akamaihd.net/files/media_music/f4/iasnv2_N_14.mp3"},{"Title":"064-K Ta imot Guds Ord","Url":"https://download-a.akamaihd.net/files/media_music/29/iasnv2_N_15.mp3"},{"Title":"008-K Herrens aftensmåltid","Url":"https://download-a.akamaihd.net/files/media_music/5d/iasnv2_N_16.mp3"},{"Title":"068-K En bønn fra en som er nedtrykt","Url":"https://download-a.akamaihd.net/files/media_music/df/iasnv2_N_17.mp3"},{"Title":"057-K Det mitt hjerte mediterer over","Url":"https://download-a.akamaihd.net/files/media_music/6e/iasnv2_N_18.mp3"},{"Title":"085-K Full lønn fra Jehova","Url":"https://download-a.akamaihd.net/files/media_music/0b/iasnv2_N_19.mp3"}]}