{"Title":"Sing to Jehovah—Vocal Renditions, Disc 5","Tracks":[{"Title":"118-K Akoon Nindo an Lambang Saro","Url":"https://download-a.akamaihd.net/files/media_music/8f/iasnv5_BI_01.mp3"},{"Title":"052-K Ingatan an Saindong Puso","Url":"https://download-a.akamaihd.net/files/media_music/0b/iasnv5_BI_02.mp3"},{"Title":"013-K Sarong Pamibi nin Pagpasalamat","Url":"https://download-a.akamaihd.net/files/media_music/f8/iasnv5_BI_03.mp3"},{"Title":"043-K Magpuka, Magmarigon, Magpakakosog","Url":"https://download-a.akamaihd.net/files/media_music/03/iasnv5_BI_04.mp3"},{"Title":"041-K Sambahon si Jehova sa Pagkahoben","Url":"https://download-a.akamaihd.net/files/media_music/97/iasnv5_BI_05.mp3"},{"Title":"018-K An Maimbod na Pagkamoot nin Dios","Url":"https://download-a.akamaihd.net/files/media_music/a9/iasnv5_BI_06.mp3"},{"Title":"010-K “Uya Ako! Sugoa Ako”","Url":"https://download-a.akamaihd.net/files/media_music/ea/iasnv5_BI_07.mp3"},{"Title":"031-K Kita mga Saksi ni Jehova!","Url":"https://download-a.akamaihd.net/files/media_music/c1/iasnv5_BI_08.mp3"},{"Title":"005-K Si Cristo, an Arogan Niato","Url":"https://download-a.akamaihd.net/files/media_music/12/iasnv5_BI_09.mp3"},{"Title":"016-K Dumulag Pasiring sa Kahadean nin Dios!","Url":"https://download-a.akamaihd.net/files/media_music/5c/iasnv5_BI_10.mp3"},{"Title":"053-K Pagtarabang na May Pagkasararo","Url":"https://download-a.akamaihd.net/files/media_music/77/iasnv5_BI_11.mp3"},{"Title":"021-K Maogma an Maheherakon!","Url":"https://download-a.akamaihd.net/files/media_music/c5/iasnv5_BI_12.mp3"},{"Title":"015-K An mga Linalang Naghahayag na Mamuraway si Jehova","Url":"https://download-a.akamaihd.net/files/media_music/69/iasnv5_BI_13.mp3"},{"Title":"035-K Pagpasalamat sa Pasensia nin Dios","Url":"https://download-a.akamaihd.net/files/media_music/87/iasnv5_BI_14.mp3"},{"Title":"009-K Omawon si Jehova, an Satuyang Dios!","Url":"https://download-a.akamaihd.net/files/media_music/9a/iasnv5_BI_15.mp3"},{"Title":"011-K Pagpaogma sa Puso ni Jehova","Url":"https://download-a.akamaihd.net/files/media_music/6f/iasnv5_BI_16.mp3"},{"Title":"023-K Si Jehova, an Samong Kakosogan","Url":"https://download-a.akamaihd.net/files/media_music/84/iasnv5_BI_17.mp3"},{"Title":"047-K Ipahayag an Maogmang Bareta","Url":"https://download-a.akamaihd.net/files/media_music/ef/iasnv5_BI_18.mp3"},{"Title":"067-K Mamibi ki Jehova Aroaldaw","Url":"https://download-a.akamaihd.net/files/media_music/cd/iasnv5_BI_19.mp3"},{"Title":"051-K Nangangapot Kita ki Jehova","Url":"https://download-a.akamaihd.net/files/media_music/47/iasnv5_BI_20.mp3"},{"Title":"002-K Nagpapasalamat Kami Saimo, Jehova","Url":"https://download-a.akamaihd.net/files/media_music/2f/iasnv5_BI_21.mp3"}]}