{"Title":"Sing to Jehovah—Vocal Renditions, Disc 1","Tracks":[{"Title":"065-M ‘Iyi Diyi Njila’","Url":"https://download-a.akamaihd.net/files/media_music/86/iasnv1_LD_001.mp3"},{"Title":"063-M Twikaleña Ovwahila","Url":"https://download-a.akamaihd.net/files/media_music/7e/iasnv1_LD_002.mp3"},{"Title":"111-M Wakatambika","Url":"https://download-a.akamaihd.net/files/media_music/94/iasnv1_LD_003.mp3"},{"Title":"110-M Nyidimu yaNzambi Yakuhayama","Url":"https://download-a.akamaihd.net/files/media_music/b8/iasnv1_LD_004.mp3"},{"Title":"075-M Yuma Yatuzañaleshaña","Url":"https://download-a.akamaihd.net/files/media_music/ea/iasnv1_LD_005.mp3"},{"Title":"087-M Ichi Tunekali Mujimba Wumu","Url":"https://download-a.akamaihd.net/files/media_music/4b/iasnv1_LD_006.mp3"},{"Title":"036-M “Anabombuwu Kudi Nzambi”","Url":"https://download-a.akamaihd.net/files/media_music/2e/iasnv1_LD_007.mp3"},{"Title":"045-M  Yenuña Kumbidi,","Url":"https://download-a.akamaihd.net/files/media_music/1c/iasnv1_LD_008.mp3"},{"Title":"084-M “Neteji”","Url":"https://download-a.akamaihd.net/files/media_music/78/iasnv1_LD_010.mp3"},{"Title":"101-M Kushimwina Chalala chaWanta","Url":"https://download-a.akamaihd.net/files/media_music/54/iasnv1_LD_014.mp3"},{"Title":"090-M Lubanji lwaMutu Wanvu","Url":"https://download-a.akamaihd.net/files/media_music/2a/iasnv1_LD_016.mp3"}]}