{"Title":"Sing to Jehovah—Vocal Renditions, Disc 3","Tracks":[{"Title":"046-S Jehova er vor Konge!","Url":"https://download-a.akamaihd.net/files/media_music/e9/iasnv3_D_01.mp3"},{"Title":"103-S „Fra hus til hus“","Url":"https://download-a.akamaihd.net/files/media_music/5c/iasnv3_D_02.mp3"},{"Title":"077-S Vær tilgivende","Url":"https://download-a.akamaihd.net/files/media_music/ab/iasnv3_D_03.mp3"},{"Title":"062-S Hvis ejendom er du?","Url":"https://download-a.akamaihd.net/files/media_music/a9/iasnv3_D_04.mp3"},{"Title":"014-S „Jeg gør alting nyt“","Url":"https://download-a.akamaihd.net/files/media_music/a2/iasnv3_D_05.mp3"},{"Title":"114-S Guds egen bog – en kostelig skat","Url":"https://download-a.akamaihd.net/files/media_music/29/iasnv3_D_06.mp3"},{"Title":"120-S Lyt, adlyd – og bliv velsignet","Url":"https://download-a.akamaihd.net/files/media_music/0d/iasnv3_D_07.mp3"},{"Title":"096-S Find frem til dem der fortjener det","Url":"https://download-a.akamaihd.net/files/media_music/69/iasnv3_D_08.mp3"},{"Title":"054-S Vi må eje troen","Url":"https://download-a.akamaihd.net/files/media_music/9c/iasnv3_D_09.mp3"},{"Title":"083-S Vi må beherske os","Url":"https://download-a.akamaihd.net/files/media_music/bc/iasnv3_D_10.mp3"},{"Title":"126-S Givet i kærlighed","Url":"https://download-a.akamaihd.net/files/media_music/a9/iasnv3_D_11.mp3"},{"Title":"125-S Loyal lydighed under teokratisk orden","Url":"https://download-a.akamaihd.net/files/media_music/41/iasnv3_D_12.mp3"},{"Title":"040-S Bliv ved med at søge Guds rige først","Url":"https://download-a.akamaihd.net/files/media_music/84/iasnv3_D_13.mp3"},{"Title":"019-S Guds løfte om et paradis","Url":"https://download-a.akamaihd.net/files/media_music/19/iasnv3_D_14.mp3"},{"Title":"056-S Lyt til min bøn!","Url":"https://download-a.akamaihd.net/files/media_music/5d/iasnv3_D_15.mp3"},{"Title":"127-S Et sted til ære for dit navn","Url":"https://download-a.akamaihd.net/files/media_music/c7/iasnv3_D_16.mp3"},{"Title":"106-S Venskab med Jehova","Url":"https://download-a.akamaihd.net/files/media_music/a0/iasnv3_D_17.mp3"},{"Title":"133-S Søg Gud! Han vil beskytte dig","Url":"https://download-a.akamaihd.net/files/media_music/fa/iasnv3_D_18.mp3"}]}