[{"BookNumber":40,"Name":"Matthew","TotalChapters":28,"Chapters":[{"Chapter":"Chapter 1","Url":"https://download-a.akamaihd.net/files/media_bible/cd/nwt_40_Mt_QUA_01.mp3"},{"Chapter":"Chapter 2","Url":"https://download-a.akamaihd.net/files/media_bible/ee/nwt_40_Mt_QUA_02.mp3"},{"Chapter":"Chapter 3","Url":"https://download-a.akamaihd.net/files/media_bible/fe/nwt_40_Mt_QUA_03.mp3"},{"Chapter":"Chapter 4","Url":"https://download-a.akamaihd.net/files/media_bible/44/nwt_40_Mt_QUA_04.mp3"},{"Chapter":"Chapter 5","Url":"https://download-a.akamaihd.net/files/media_bible/34/nwt_40_Mt_QUA_05.mp3"},{"Chapter":"Chapter 6","Url":"https://download-a.akamaihd.net/files/media_bible/57/nwt_40_Mt_QUA_06.mp3"},{"Chapter":"Chapter 7","Url":"https://download-a.akamaihd.net/files/media_bible/02/nwt_40_Mt_QUA_07.mp3"},{"Chapter":"Chapter 8","Url":"https://download-a.akamaihd.net/files/media_bible/10/nwt_40_Mt_QUA_08.mp3"},{"Chapter":"Chapter 9","Url":"https://download-a.akamaihd.net/files/media_bible/c5/nwt_40_Mt_QUA_09.mp3"},{"Chapter":"Chapter 10","Url":"https://download-a.akamaihd.net/files/media_bible/76/nwt_40_Mt_QUA_10.mp3"},{"Chapter":"Chapter 11","Url":"https://download-a.akamaihd.net/files/media_bible/49/nwt_40_Mt_QUA_11.mp3"},{"Chapter":"Chapter 12","Url":"https://download-a.akamaihd.net/files/media_bible/ec/nwt_40_Mt_QUA_12.mp3"},{"Chapter":"Chapter 13","Url":"https://download-a.akamaihd.net/files/media_bible/b9/nwt_40_Mt_QUA_13.mp3"},{"Chapter":"Chapter 14","Url":"https://download-a.akamaihd.net/files/media_bible/13/nwt_40_Mt_QUA_14.mp3"},{"Chapter":"Chapter 15","Url":"https://download-a.akamaihd.net/files/media_bible/9f/nwt_40_Mt_QUA_15.mp3"},{"Chapter":"Chapter 16","Url":"https://download-a.akamaihd.net/files/media_bible/d3/nwt_40_Mt_QUA_16.mp3"},{"Chapter":"Chapter 17","Url":"https://download-a.akamaihd.net/files/media_bible/43/nwt_40_Mt_QUA_17.mp3"},{"Chapter":"Chapter 18","Url":"https://download-a.akamaihd.net/files/media_bible/1e/nwt_40_Mt_QUA_18.mp3"},{"Chapter":"Chapter 19","Url":"https://download-a.akamaihd.net/files/media_bible/96/nwt_40_Mt_QUA_19.mp3"},{"Chapter":"Chapter 20","Url":"https://download-a.akamaihd.net/files/media_bible/11/nwt_40_Mt_QUA_20.mp3"},{"Chapter":"Chapter 21","Url":"https://download-a.akamaihd.net/files/media_bible/dc/nwt_40_Mt_QUA_21.mp3"},{"Chapter":"Chapter 22","Url":"https://download-a.akamaihd.net/files/media_bible/20/nwt_40_Mt_QUA_22.mp3"},{"Chapter":"Chapter 23","Url":"https://download-a.akamaihd.net/files/media_bible/2f/nwt_40_Mt_QUA_23.mp3"},{"Chapter":"Chapter 24","Url":"https://download-a.akamaihd.net/files/media_bible/a7/nwt_40_Mt_QUA_24.mp3"},{"Chapter":"Chapter 25","Url":"https://download-a.akamaihd.net/files/media_bible/97/nwt_40_Mt_QUA_25.mp3"},{"Chapter":"Chapter 26","Url":"https://download-a.akamaihd.net/files/media_bible/c4/nwt_40_Mt_QUA_26.mp3"},{"Chapter":"Chapter 27","Url":"https://download-a.akamaihd.net/files/media_bible/2f/nwt_40_Mt_QUA_27.mp3"},{"Chapter":"Chapter 28","Url":"https://download-a.akamaihd.net/files/media_bible/59/nwt_40_Mt_QUA_28.mp3"}]}]