{"Title":"Sing to Jehovah—Vocal Renditions, Disc 6","Tracks":[{"Title":"030-K Jehova börjar härska","Url":"https://download-a.akamaihd.net/files/media_music/e6/iasnv6_Z_001.mp3"},{"Title":"121-K Uppmuntra varandra","Url":"https://download-a.akamaihd.net/files/media_music/68/iasnv6_Z_002.mp3"},{"Title":"033-K Frukta inte!","Url":"https://download-a.akamaihd.net/files/media_music/2f/iasnv6_Z_003.mp3"},{"Title":"025-K Kärlek inbördes","Url":"https://download-a.akamaihd.net/files/media_music/1e/iasnv6_Z_004.mp3"},{"Title":"042-K \"Stöd de svaga\"","Url":"https://download-a.akamaihd.net/files/media_music/7b/iasnv6_Z_005.mp3"},{"Title":"032-K Var fasta, orubbliga!","Url":"https://download-a.akamaihd.net/files/media_music/6e/iasnv6_Z_006.mp3"},{"Title":"071-K En bön om helig ande","Url":"https://download-a.akamaihd.net/files/media_music/91/iasnv6_Z_007.mp3"},{"Title":"093-K Låt ert ljus lysa","Url":"https://download-a.akamaihd.net/files/media_music/06/iasnv6_Z_008.mp3"},{"Title":"105-K Himlen förkunnar Guds härlighet","Url":"https://download-a.akamaihd.net/files/media_music/9a/iasnv6_Z_009.mp3"},{"Title":"072-K Odla kärleken","Url":"https://download-a.akamaihd.net/files/media_music/a4/iasnv6_Z_010.mp3"},{"Title":"026-K Vandra med Gud!","Url":"https://download-a.akamaihd.net/files/media_music/15/iasnv6_Z_011.mp3"},{"Title":"129-K Vårt hopp är säkert och fast","Url":"https://download-a.akamaihd.net/files/media_music/dd/iasnv6_Z_012.mp3"},{"Title":"038-K ”Kasta din börda på Jehova”","Url":"https://download-a.akamaihd.net/files/media_music/f8/iasnv6_Z_013.mp3"},{"Title":"135-K Håll ut till slutet","Url":"https://download-a.akamaihd.net/files/media_music/45/iasnv6_Z_014.mp3"},{"Title":"044-K Ta med glädje del i skörden","Url":"https://download-a.akamaihd.net/files/media_music/60/iasnv6_Z_015.mp3"},{"Title":"080-K Godhet","Url":"https://download-a.akamaihd.net/files/media_music/52/iasnv6_Z_016.mp3"},{"Title":"037-K Skriften – inspirerad av Gud","Url":"https://download-a.akamaihd.net/files/media_music/f7/iasnv6_Z_017.mp3"},{"Title":"049-K Jehova är vår tillflykt","Url":"https://download-a.akamaihd.net/files/media_music/2e/iasnv6_Z_018.mp3"},{"Title":"020-K Välsigna våra möten","Url":"https://download-a.akamaihd.net/files/media_music/f9/iasnv6_Z_019.mp3"},{"Title":"034-K Vi vill leva upp till vårt namn","Url":"https://download-a.akamaihd.net/files/media_music/82/iasnv6_Z_020.mp3"},{"Title":"001-K Jehovas egenskaper","Url":"https://download-a.akamaihd.net/files/media_music/2c/iasnv6_Z_021.mp3"}]}