{"Title":"Sing to Jehovah—Vocal Renditions, Disc 2","Tracks":[{"Title":"074-V 耶和华所赐的喜乐","Url":"https://download-a.akamaihd.net/files/media_music/73/iasnv2_CNS_01.mp3"},{"Title":"095-V 尝尝主恩就知道上帝良善","Url":"https://download-a.akamaihd.net/files/media_music/4f/iasnv2_CNS_02.mp3"},{"Title":"069-V 求你使我认识你的道","Url":"https://download-a.akamaihd.net/files/media_music/bf/iasnv2_CNS_03.mp3"},{"Title":"130-V 生命多么奇妙","Url":"https://download-a.akamaihd.net/files/media_music/58/iasnv2_CNS_04.mp3"},{"Title":"060-V 他必使你坚定刚强","Url":"https://download-a.akamaihd.net/files/media_music/92/iasnv2_CNS_05.mp3"},{"Title":"107-V 来登耶和华的圣山","Url":"https://download-a.akamaihd.net/files/media_music/dc/iasnv2_CNS_06.mp3"},{"Title":"088-V 儿女是上帝所托付的","Url":"https://download-a.akamaihd.net/files/media_music/b9/iasnv2_CNS_07.mp3"},{"Title":"081-V “求你加强我们的信心”","Url":"https://download-a.akamaihd.net/files/media_music/04/iasnv2_CNS_08.mp3"},{"Title":"058-V 献身的祷告","Url":"https://download-a.akamaihd.net/files/media_music/8d/iasnv2_CNS_09.mp3"},{"Title":"108-V 赞美耶和华，歌颂他的王国","Url":"https://download-a.akamaihd.net/files/media_music/78/iasnv2_CNS_10.mp3"},{"Title":"116-V 真理之光越照越亮","Url":"https://download-a.akamaihd.net/files/media_music/ae/iasnv2_CNS_11.mp3"},{"Title":"123-V 上帝赐下仁爱的牧人","Url":"https://download-a.akamaihd.net/files/media_music/a5/iasnv2_CNS_12.mp3"},{"Title":"124-V 好客之道","Url":"https://download-a.akamaihd.net/files/media_music/97/iasnv2_CNS_13.mp3"},{"Title":"061-V 我该做怎么样的人","Url":"https://download-a.akamaihd.net/files/media_music/c4/iasnv2_CNS_14.mp3"},{"Title":"064-V 让真理常在你心里","Url":"https://download-a.akamaihd.net/files/media_music/a3/iasnv2_CNS_15.mp3"},{"Title":"008-V 主的晚餐","Url":"https://download-a.akamaihd.net/files/media_music/92/iasnv2_CNS_16.mp3"},{"Title":"068-V 凄苦人的祷告","Url":"https://download-a.akamaihd.net/files/media_music/11/iasnv2_CNS_17.mp3"},{"Title":"057-V 我心里沉思的事","Url":"https://download-a.akamaihd.net/files/media_music/0b/iasnv2_CNS_18.mp3"},{"Title":"085-V 耶和华必予你十足赏赐","Url":"https://download-a.akamaihd.net/files/media_music/34/iasnv2_CNS_19.mp3"}]}