{"Title":"Sing to Jehovah—Vocal Renditions, Disc 1","Tracks":[{"Title":"065-K \"Ito ang Daan\"","Url":"https://download-a.akamaihd.net/files/media_music/08/iasnv1_TG_01.mp3"},{"Title":"063-K Manatiling Matapat","Url":"https://download-a.akamaihd.net/files/media_music/5a/iasnv1_TG_02.mp3"},{"Title":"111-K Tatawag Siya","Url":"https://download-a.akamaihd.net/files/media_music/d8/iasnv1_TG_03.mp3"},{"Title":"110-K Mga Kamangha-manghang Gawa ng Diyos","Url":"https://download-a.akamaihd.net/files/media_music/44/iasnv1_TG_04.mp3"},{"Title":"075-K Mga Dahilan Natin Para Magalak","Url":"https://download-a.akamaihd.net/files/media_music/b0/iasnv1_TG_05.mp3"},{"Title":"087-K Tayo’y Isa Na","Url":"https://download-a.akamaihd.net/files/media_music/24/iasnv1_TG_06.mp3"},{"Title":"036-K \"Ang Pinagtuwang ng Diyos\"","Url":"https://download-a.akamaihd.net/files/media_music/91/iasnv1_TG_07.mp3"},{"Title":"045-K Sulong sa Unahan!","Url":"https://download-a.akamaihd.net/files/media_music/9c/iasnv1_TG_08.mp3"},{"Title":"098-K Paghahasik ng Binhi ng Kaharian","Url":"https://download-a.akamaihd.net/files/media_music/94/iasnv1_TG_09.mp3"},{"Title":"084-K \"Ibig Ko\"","Url":"https://download-a.akamaihd.net/files/media_music/01/iasnv1_TG_10.mp3"},{"Title":"092-K “Ipangaral ang Salita”","Url":"https://download-a.akamaihd.net/files/media_music/0d/iasnv1_TG_11.mp3"},{"Title":"109-K Ibunyi Panganay ni Jehova!","Url":"https://download-a.akamaihd.net/files/media_music/9a/iasnv1_TG_12.mp3"},{"Title":"089-K Sabi ni Jehova: \"Magpakarunong Ka, Anak Ko\"","Url":"https://download-a.akamaihd.net/files/media_music/a0/iasnv1_TG_13.mp3"},{"Title":"101-K Ipinahahayag ang Katotohanan ng Kaharian","Url":"https://download-a.akamaihd.net/files/media_music/1e/iasnv1_TG_14.mp3"},{"Title":"091-K Aking Ama, Diyos, at Kaibigan","Url":"https://download-a.akamaihd.net/files/media_music/05/iasnv1_TG_15.mp3"},{"Title":"090-K Kagandahan ng Ulong May Uban","Url":"https://download-a.akamaihd.net/files/media_music/25/iasnv1_TG_16.mp3"},{"Title":"134-K Kapag Naging Bago ang Lahat ng Bagay","Url":"https://download-a.akamaihd.net/files/media_music/d5/iasnv1_TG_17.mp3"}]}