{"Title":"Sing to Jehovah—Vocal Renditions, Disc 3","Tracks":[{"Title":"046-C ¡Jehová es nuestro Rey!","Url":"https://download-a.akamaihd.net/files/media_music/8f/iasnv3_S_01.mp3"},{"Title":"103-C “De casa en casa”","Url":"https://download-a.akamaihd.net/files/media_music/b8/iasnv3_S_02.mp3"},{"Title":"077-C Sepamos perdonar","Url":"https://download-a.akamaihd.net/files/media_music/ae/iasnv3_S_03.mp3"},{"Title":"062-C ¿A quién servirás?","Url":"https://download-a.akamaihd.net/files/media_music/78/iasnv3_S_04.mp3"},{"Title":"014-C Todo nuevo","Url":"https://download-a.akamaihd.net/files/media_music/52/iasnv3_S_05.mp3"},{"Title":"114-C El libro de Dios es un tesoro","Url":"https://download-a.akamaihd.net/files/media_music/7b/iasnv3_S_06.mp3"},{"Title":"120-C Jehová bendice al que escucha y obedece","Url":"https://download-a.akamaihd.net/files/media_music/2a/iasnv3_S_07.mp3"},{"Title":"096-C Busquen a los merecedores","Url":"https://download-a.akamaihd.net/files/media_music/e8/iasnv3_S_08.mp3"},{"Title":"054-C La fe que necesitamos","Url":"https://download-a.akamaihd.net/files/media_music/12/iasnv3_S_09.mp3"},{"Title":"083-C El valor del autodominio","Url":"https://download-a.akamaihd.net/files/media_music/ee/iasnv3_S_10.mp3"},{"Title":"126-C Una obra de amor","Url":"https://download-a.akamaihd.net/files/media_music/a2/iasnv3_S_11.mp3"},{"Title":"125-C Sujeción leal al orden divino","Url":"https://download-a.akamaihd.net/files/media_music/45/iasnv3_S_12.mp3"},{"Title":"040-C Busca primero el Reino","Url":"https://download-a.akamaihd.net/files/media_music/df/iasnv3_S_13.mp3"},{"Title":"019-C Dios promete un Paraíso","Url":"https://download-a.akamaihd.net/files/media_music/cd/iasnv3_S_14.mp3"},{"Title":"056-C Oye mi oración","Url":"https://download-a.akamaihd.net/files/media_music/1c/iasnv3_S_15.mp3"},{"Title":"127-C Un lugar en honor de tu nombre","Url":"https://download-a.akamaihd.net/files/media_music/e5/iasnv3_S_16.mp3"},{"Title":"106-C La amistad con Jehová","Url":"https://download-a.akamaihd.net/files/media_music/14/iasnv3_S_17.mp3"},{"Title":"133-C Busca al Dios de tu salvación","Url":"https://download-a.akamaihd.net/files/media_music/58/iasnv3_S_18.mp3"}]}