{"Title":"Sing to Jehovah—Vocal Renditions, Disc 4","Tracks":[{"Title":"102–V Pevajmo pesmu Kraljevstva!","Url":"https://download-a.akamaihd.net/files/media_music/df/iasnv4_SBO_001.mp3"},{"Title":"007–V Predanje Bogu","Url":"https://download-a.akamaihd.net/files/media_music/bd/iasnv4_SBO_002.mp3"},{"Title":"066–V Služimo Jehovi svom dušom","Url":"https://download-a.akamaihd.net/files/media_music/5e/iasnv4_SBO_003.mp3"},{"Title":"003–V ’Bog je ljubav‘","Url":"https://download-a.akamaihd.net/files/media_music/c2/iasnv4_SBO_004.mp3"},{"Title":"119–V Sastanci nas krepe","Url":"https://download-a.akamaihd.net/files/media_music/a5/iasnv4_SBO_005.mp3"},{"Title":"027–V Zauzmimo Jehovinu stranu!","Url":"https://download-a.akamaihd.net/files/media_music/70/iasnv4_SBO_006.mp3"},{"Title":"132–V Pesma pobede","Url":"https://download-a.akamaihd.net/files/media_music/2e/iasnv4_SBO_007.mp3"},{"Title":"012–V Obećanje večnog života","Url":"https://download-a.akamaihd.net/files/media_music/97/iasnv4_SBO_008.mp3"},{"Title":"004–V Stecimo dobro ime kod Boga","Url":"https://download-a.akamaihd.net/files/media_music/ff/iasnv4_SBO_009.mp3"},{"Title":"059–V Predani smo Bogu","Url":"https://download-a.akamaihd.net/files/media_music/c5/iasnv4_SBO_010.mp3"},{"Title":"022–V „Jehova je moj Pastir“","Url":"https://download-a.akamaihd.net/files/media_music/b3/iasnv4_SBO_011.mp3"},{"Title":"073–V Volimo se žarko od srca","Url":"https://download-a.akamaihd.net/files/media_music/3f/iasnv4_SBO_012.mp3"},{"Title":"097–V Objavitelji Kraljevstva, napred!","Url":"https://download-a.akamaihd.net/files/media_music/c8/iasnv4_SBO_013.mp3"},{"Title":"029–V Hoditi u besprekornosti","Url":"https://download-a.akamaihd.net/files/media_music/8a/iasnv4_SBO_014.mp3"},{"Title":"070–V ’Prosudimo šta je najvažnije‘","Url":"https://download-a.akamaihd.net/files/media_music/ec/iasnv4_SBO_015.mp3"},{"Title":"006–V Molitva Božjeg sluge","Url":"https://download-a.akamaihd.net/files/media_music/d8/iasnv4_SBO_016.mp3"},{"Title":"086–V Bogobojazne žene","Url":"https://download-a.akamaihd.net/files/media_music/20/iasnv4_SBO_017.mp3"},{"Title":"131–V Jehova je naš Izbavitelj","Url":"https://download-a.akamaihd.net/files/media_music/a3/iasnv4_SBO_018.mp3"}]}