{"Title":"Sing to Jehovah—Vocal Renditions, Disc 2","Tracks":[{"Title":"074-V De vreugde van Jehovah","Url":"https://download-a.akamaihd.net/files/media_music/ec/iasnv2_O_001.mp3"},{"Title":"095-V Proef en zie dat Jehovah goed is","Url":"https://download-a.akamaihd.net/files/media_music/0a/iasnv2_O_002.mp3"},{"Title":"069-V Maak mij uw wegen bekend","Url":"https://download-a.akamaihd.net/files/media_music/20/iasnv2_O_003.mp3"},{"Title":"130-V Het leven is een wonder","Url":"https://download-a.akamaihd.net/files/media_music/58/iasnv2_O_004.mp3"},{"Title":"060-V Hij zal je sterk maken","Url":"https://download-a.akamaihd.net/files/media_music/5a/iasnv2_O_005.mp3"},{"Title":"107-V Kom naar Jehovah’s berg","Url":"https://download-a.akamaihd.net/files/media_music/2d/iasnv2_O_006.mp3"},{"Title":"088-V Kinderen zijn een kostbaar geschenk van God","Url":"https://download-a.akamaihd.net/files/media_music/f7/iasnv2_O_007.mp3"},{"Title":"081-V Geef ons meer geloof","Url":"https://download-a.akamaihd.net/files/media_music/07/iasnv2_O_008.mp3"},{"Title":"058-V Mijn opdrachtsgebed","Url":"https://download-a.akamaihd.net/files/media_music/0d/iasnv2_O_009.mp3"},{"Title":"108-V Loof Jehovah om zijn koninkrijk","Url":"https://download-a.akamaihd.net/files/media_music/ae/iasnv2_O_010.mp3"},{"Title":"116-V Het licht wordt helderder","Url":"https://download-a.akamaihd.net/files/media_music/ff/iasnv2_O_011.mp3"},{"Title":"123-V Herders zijn gaven in mensen","Url":"https://download-a.akamaihd.net/files/media_music/9e/iasnv2_O_012.mp3"},{"Title":"124-V Ontvang hen gastvrij","Url":"https://download-a.akamaihd.net/files/media_music/9b/iasnv2_O_013.mp3"},{"Title":"061-V De mens die ik behoor te zijn","Url":"https://download-a.akamaihd.net/files/media_music/30/iasnv2_O_014.mp3"},{"Title":"064-V Laat de waarheid voor je leven","Url":"https://download-a.akamaihd.net/files/media_music/83/iasnv2_O_015.mp3"},{"Title":"008-V Het Avondmaal des Heren","Url":"https://download-a.akamaihd.net/files/media_music/15/iasnv2_O_016.mp3"},{"Title":"068-V Een gebed van de moedeloze","Url":"https://download-a.akamaihd.net/files/media_music/60/iasnv2_O_017.mp3"},{"Title":"057-V De meditatie van mijn hart","Url":"https://download-a.akamaihd.net/files/media_music/d3/iasnv2_O_018.mp3"},{"Title":"085-V Een rijke beloning van Jehovah","Url":"https://download-a.akamaihd.net/files/media_music/4f/iasnv2_O_019.mp3"}]}