{"Title":"Sing to Jehovah—Vocal Renditions, Disc 4","Tracks":[{"Title":"102-W Śpiewajmy razem pieśń Królestwa!","Url":"https://download-a.akamaihd.net/files/media_music/c6/iasnv4_P_01.mp3"},{"Title":"007-W Chrześcijańskie oddanie","Url":"https://download-a.akamaihd.net/files/media_music/6b/iasnv4_P_02.mp3"},{"Title":"066-W Służmy Jehowie całą duszą","Url":"https://download-a.akamaihd.net/files/media_music/00/iasnv4_P_03.mp3"},{"Title":"003-W „Bóg jest miłością”","Url":"https://download-a.akamaihd.net/files/media_music/5d/iasnv4_P_04.mp3"},{"Title":"119-W Pokrzepiani na zebraniach","Url":"https://download-a.akamaihd.net/files/media_music/8e/iasnv4_P_05.mp3"},{"Title":"027-W Stań po stronie Jehowy!","Url":"https://download-a.akamaihd.net/files/media_music/4f/iasnv4_P_06.mp3"},{"Title":"132-W Pieśń zwycięstwa","Url":"https://download-a.akamaihd.net/files/media_music/2c/iasnv4_P_07.mp3"},{"Title":"012-W Obietnica życia wiecznego","Url":"https://download-a.akamaihd.net/files/media_music/4a/iasnv4_P_08.mp3"},{"Title":"004-W Dbajmy o dobre imię u Boga","Url":"https://download-a.akamaihd.net/files/media_music/3c/iasnv4_P_09.mp3"},{"Title":"059-W Jesteśmy oddani Bogu","Url":"https://download-a.akamaihd.net/files/media_music/b7/iasnv4_P_10.mp3"},{"Title":"022-W „Jehowa jest moim Pasterzem”","Url":"https://download-a.akamaihd.net/files/media_music/02/iasnv4_P_11.mp3"},{"Title":"073-W Miłujmy żarliwie, z serca","Url":"https://download-a.akamaihd.net/files/media_music/5f/iasnv4_P_12.mp3"},{"Title":"097-W Naprzód, głosiciele Królestwa!","Url":"https://download-a.akamaihd.net/files/media_music/85/iasnv4_P_13.mp3"},{"Title":"029-W Chodźmy w nieskazitelności","Url":"https://download-a.akamaihd.net/files/media_music/b8/iasnv4_P_14.mp3"},{"Title":"070-W ‛Upewniajmy się co do rzeczy ważniejszych’","Url":"https://download-a.akamaihd.net/files/media_music/71/iasnv4_P_15.mp3"},{"Title":"006-W Modlitwa sługi Bożego","Url":"https://download-a.akamaihd.net/files/media_music/28/iasnv4_P_16.mp3"},{"Title":"086-W Kobiety wierne Bogu","Url":"https://download-a.akamaihd.net/files/media_music/3f/iasnv4_P_17.mp3"},{"Title":"131-W Jehowa zapewnia ocalenie","Url":"https://download-a.akamaihd.net/files/media_music/ad/iasnv4_P_18.mp3"}]}