{"Title":"Sing to Jehovah—Vocal Renditions, Disc 1","Tracks":[{"Title":"110-C Diosan wali muspharkañ luräwinakapa","Url":"https://download-a.akamaihd.net/files/media_music/f8/iasnv1_AP_04.mp3"},{"Title":"036-C ‘Diosaw mayacht’awayi’","Url":"https://download-a.akamaihd.net/files/media_music/2c/iasnv1_AP_07.mp3"},{"Title":"084-C “Muntwa”","Url":"https://download-a.akamaihd.net/files/media_music/20/iasnv1_AP_10.mp3"},{"Title":"089-C “Yatiñanïmay” sasaw munasiñamp Diosax sistam","Url":"https://download-a.akamaihd.net/files/media_music/22/iasnv1_AP_13.mp3"},{"Title":"134-C Jutïrpachanxa, ¿kunjamas jakasxañäni?","Url":"https://download-a.akamaihd.net/files/media_music/c5/iasnv1_AP_17.mp3"}]}