{"Title":"Sing to Jehovah—Vocal Renditions, Disc 1","Tracks":[{"Title":"065-V “Dine Dino’di Dyo Dishinda”","Url":"https://download-a.akamaihd.net/files/media_music/3f/iasnv1_KU_001.mp3"},{"Title":"063-V Twikalei na Dikōkeji Nyeke","Url":"https://download-a.akamaihd.net/files/media_music/bb/iasnv1_KU_002.mp3"},{"Title":"111-V Ukēta","Url":"https://download-a.akamaihd.net/files/media_music/1a/iasnv1_KU_003.mp3"},{"Title":"110-V Mingilo ya Leza ya Kwanwa","Url":"https://download-a.akamaihd.net/files/media_music/a5/iasnv1_KU_004.mp3"},{"Title":"075-V Bubinga Bwetu bwa Kusepelela","Url":"https://download-a.akamaihd.net/files/media_music/f3/iasnv1_KU_005.mp3"},{"Title":"087-V Pano Ketudi Umo","Url":"https://download-a.akamaihd.net/files/media_music/de/iasnv1_KU_006.mp3"},{"Title":"036-V “Kyokya Kyasambakanya Leza Pamo”","Url":"https://download-a.akamaihd.net/files/media_music/ba/iasnv1_KU_007.mp3"},{"Title":"045-V Twendelelei Kumeso!","Url":"https://download-a.akamaihd.net/files/media_music/b3/iasnv1_KU_008.mp3"},{"Title":"098-V Tukunei Nkunwa ya Bulopwe","Url":"https://download-a.akamaihd.net/files/media_music/af/iasnv1_KU_009.mp3"},{"Title":"084-V ‘Nsakile’","Url":"https://download-a.akamaihd.net/files/media_music/cf/iasnv1_KU_010.mp3"},{"Title":"092-V “Sapula Uno Mwanda”","Url":"https://download-a.akamaihd.net/files/media_music/f5/iasnv1_KU_011.mp3"},{"Title":"109-V Imuna Mwana Umbedi wa Yehova!","Url":"https://download-a.akamaihd.net/files/media_music/c3/iasnv1_KU_012.mp3"},{"Title":"089-V Yehova Amba: “Wami Mwana, Wikale Wañeni”","Url":"https://download-a.akamaihd.net/files/media_music/82/iasnv1_KU_013.mp3"},{"Title":"101-V Tuyukanyei Bubinebine  bwa Bulopwe","Url":"https://download-a.akamaihd.net/files/media_music/4a/iasnv1_KU_014.mp3"},{"Title":"091-V Tata, Leza, ne Mulunda Nami","Url":"https://download-a.akamaihd.net/files/media_music/e7/iasnv1_KU_015.mp3"},{"Title":"090-V Buya’o Mutwe wa Mvwi","Url":"https://download-a.akamaihd.net/files/media_music/c8/iasnv1_KU_016.mp3"},{"Title":"134-V Wimone Pakekala  Byonso Ke Bipya","Url":"https://download-a.akamaihd.net/files/media_music/c9/iasnv1_KU_017.mp3"}]}