{"Title":"Sing to Jehovah—Vocal Renditions, Disc 4","Tracks":[{"Title":"102-V Join in the Kingdom Song!","Url":"https://download-a.akamaihd.net/files/media_music/25/iasnv4_E_01.mp3"},{"Title":"007-V Christian Dedication","Url":"https://download-a.akamaihd.net/files/media_music/9d/iasnv4_E_02.mp3"},{"Title":"066-V Serving Jehovah Whole-Souled","Url":"https://download-a.akamaihd.net/files/media_music/92/iasnv4_E_03.mp3"},{"Title":"003-V \"God Is Love\"","Url":"https://download-a.akamaihd.net/files/media_music/7b/iasnv4_E_04.mp3"},{"Title":"119-V Come! Be Refreshed","Url":"https://download-a.akamaihd.net/files/media_music/8f/iasnv4_E_05.mp3"},{"Title":"027-V Take Sides With Jehovah!","Url":"https://download-a.akamaihd.net/files/media_music/d2/iasnv4_E_06.mp3"},{"Title":"132-V A Victory Song","Url":"https://download-a.akamaihd.net/files/media_music/e2/iasnv4_E_07.mp3"},{"Title":"012-V Life Everlasting Is Promised","Url":"https://download-a.akamaihd.net/files/media_music/a1/iasnv4_E_08.mp3"},{"Title":"004-V Making a Good Name With God","Url":"https://download-a.akamaihd.net/files/media_music/41/iasnv4_E_09.mp3"},{"Title":"059-V To God We Are Dedicated!","Url":"https://download-a.akamaihd.net/files/media_music/f8/iasnv4_E_10.mp3"},{"Title":"022-V \"Jehovah Is My Shepherd\"","Url":"https://download-a.akamaihd.net/files/media_music/b5/iasnv4_E_11.mp3"},{"Title":"073-V Love Intensely From the Heart","Url":"https://download-a.akamaihd.net/files/media_music/51/iasnv4_E_12.mp3"},{"Title":"097-V Forward, You Ministers of the Kingdom!","Url":"https://download-a.akamaihd.net/files/media_music/3d/iasnv4_E_13.mp3"},{"Title":"029-V Walking in Integrity","Url":"https://download-a.akamaihd.net/files/media_music/40/iasnv4_E_14.mp3"},{"Title":"070-V \"Make Sure of the More Important Things\"","Url":"https://download-a.akamaihd.net/files/media_music/00/iasnv4_E_15.mp3"},{"Title":"006-V The Prayer of God's Servant","Url":"https://download-a.akamaihd.net/files/media_music/77/iasnv4_E_16.mp3"},{"Title":"086-V Faithful Women, Christian Sisters","Url":"https://download-a.akamaihd.net/files/media_music/cd/iasnv4_E_17.mp3"},{"Title":"131-V Jehovah Provides Escape","Url":"https://download-a.akamaihd.net/files/media_music/30/iasnv4_E_18.mp3"}]}