{"Title":"Sing to Jehovah—Vocal Renditions, Disc 5","Tracks":[{"Title":"118-M Mulepokelelana","Url":"https://download-a.akamaihd.net/files/media_music/b0/iasnv5_CW_01.mp3"},{"Title":"013-M Ipepo lya Kutasha Yehova","Url":"https://download-a.akamaihd.net/files/media_music/4a/iasnv5_CW_03.mp3"},{"Title":"041-M Bombeleni Yehova mu Bwaice","Url":"https://download-a.akamaihd.net/files/media_music/50/iasnv5_CW_05.mp3"},{"Title":"018-M Ukutemwa kwa kwa Lesa","Url":"https://download-a.akamaihd.net/files/media_music/7f/iasnv5_CW_06.mp3"},{"Title":"031-M Tuli Nte sha kwa Yehova!","Url":"https://download-a.akamaihd.net/files/media_music/1b/iasnv5_CW_08.mp3"},{"Title":"005-M Tulepashanya Kristu","Url":"https://download-a.akamaihd.net/files/media_music/66/iasnv5_CW_09.mp3"},{"Title":"021-M Aba Luse Balipaalwa!","Url":"https://download-a.akamaihd.net/files/media_music/7d/iasnv5_CW_12.mp3"},{"Title":"035-M Ukutasha pa Kutekanya kwa kwa Lesa","Url":"https://download-a.akamaihd.net/files/media_music/7b/iasnv5_CW_14.mp3"},{"Title":"011-M Ukulenga Umutima wa kwa Yehova Ukusekelela","Url":"https://download-a.akamaihd.net/files/media_music/9b/iasnv5_CW_16.mp3"},{"Title":"002-M Tulamutasha, Mwe Yehova","Url":"https://download-a.akamaihd.net/files/media_music/14/iasnv5_CW_21.mp3"}]}