{"Title":"Sing to Jehovah—Vocal Renditions, Disc 6","Tracks":[{"Title":"030-V Jehovah Begins His Rule","Url":"https://download-a.akamaihd.net/files/media_music/3a/iasnv6_E_01.mp3"},{"Title":"121-V Encourage One Another","Url":"https://download-a.akamaihd.net/files/media_music/80/iasnv6_E_02.mp3"},{"Title":"033-V Fear Them Not!","Url":"https://download-a.akamaihd.net/files/media_music/1e/iasnv6_E_03.mp3"},{"Title":"025-V Proof of Discipleship","Url":"https://download-a.akamaihd.net/files/media_music/b7/iasnv6_E_04.mp3"},{"Title":"042-V “Assist Those Who Are Weak”","Url":"https://download-a.akamaihd.net/files/media_music/25/iasnv6_E_05.mp3"},{"Title":"032-V Be Steadfast, Unmovable!","Url":"https://download-a.akamaihd.net/files/media_music/07/iasnv6_E_06.mp3"},{"Title":"071-V God’s Gift of Holy Spirit","Url":"https://download-a.akamaihd.net/files/media_music/bd/iasnv6_E_07.mp3"},{"Title":"093-V “Let Your Light Shine”","Url":"https://download-a.akamaihd.net/files/media_music/5b/iasnv6_E_08.mp3"},{"Title":"105-V The Heavens Declare God’s Glory","Url":"https://download-a.akamaihd.net/files/media_music/33/iasnv6_E_09.mp3"},{"Title":"072-V Cultivating the Quality of Love","Url":"https://download-a.akamaihd.net/files/media_music/07/iasnv6_E_10.mp3"},{"Title":"026-V Oh, Walk With God!","Url":"https://download-a.akamaihd.net/files/media_music/28/iasnv6_E_11.mp3"},{"Title":"129-V Holding Fast to Our Hope","Url":"https://download-a.akamaihd.net/files/media_music/68/iasnv6_E_12.mp3"},{"Title":"038-V Throw Your Burden on Jehovah","Url":"https://download-a.akamaihd.net/files/media_music/3d/iasnv6_E_13.mp3"},{"Title":"135-V Enduring to the End","Url":"https://download-a.akamaihd.net/files/media_music/9d/iasnv6_E_14.mp3"},{"Title":"044-V Sharing Joyfully in the Harvest","Url":"https://download-a.akamaihd.net/files/media_music/44/iasnv6_E_15.mp3"},{"Title":"080-V The Quality of Goodness","Url":"https://download-a.akamaihd.net/files/media_music/0f/iasnv6_E_16.mp3"},{"Title":"037-V The Scriptures—Inspired of God","Url":"https://download-a.akamaihd.net/files/media_music/7e/iasnv6_E_17.mp3"},{"Title":"049-V Jehovah Is Our Refuge","Url":"https://download-a.akamaihd.net/files/media_music/9d/iasnv6_E_18.mp3"},{"Title":"020-V Bless Our Meeting Together","Url":"https://download-a.akamaihd.net/files/media_music/0e/iasnv6_E_19.mp3"},{"Title":"034-V Living Up to Our Name","Url":"https://download-a.akamaihd.net/files/media_music/33/iasnv6_E_20.mp3"},{"Title":"001-V Jehovah’s Attributes","Url":"https://download-a.akamaihd.net/files/media_music/a2/iasnv6_E_21.mp3"}]}