{"Title":"Sing to Jehovah—Vocal Renditions, Disc 4","Tracks":[{"Title":"102-V Duyog ha Kanta han Ginhadian!","Url":"https://download-a.akamaihd.net/files/media_music/f0/iasnv4_SA_01.mp3"},{"Title":"007-V Kristiano nga Dedikasyon","Url":"https://download-a.akamaihd.net/files/media_music/94/iasnv4_SA_02.mp3"},{"Title":"066-V Bug-os-Kalag ha Pag-alagad kan Jehova","Url":"https://download-a.akamaihd.net/files/media_music/e0/iasnv4_SA_03.mp3"},{"Title":"003-V ‘An Dios Gugma’","Url":"https://download-a.akamaihd.net/files/media_music/8b/iasnv4_SA_04.mp3"},{"Title":"119-V Kadi! Basi Ka Maparig-on","Url":"https://download-a.akamaihd.net/files/media_music/09/iasnv4_SA_05.mp3"},{"Title":"027-V Dapig kan Jehova!","Url":"https://download-a.akamaihd.net/files/media_music/04/iasnv4_SA_06.mp3"},{"Title":"132-V Kanta han Kadaogan","Url":"https://download-a.akamaihd.net/files/media_music/8d/iasnv4_SA_07.mp3"},{"Title":"012-V Iginsaad an Kinabuhi nga Dayon","Url":"https://download-a.akamaihd.net/files/media_music/ff/iasnv4_SA_08.mp3"},{"Title":"004-V Paghimo hin Maopay nga Ngaran ha Dios","Url":"https://download-a.akamaihd.net/files/media_music/f4/iasnv4_SA_09.mp3"},{"Title":"059-V Dedikado Kita ha Dios!","Url":"https://download-a.akamaihd.net/files/media_music/b6/iasnv4_SA_10.mp3"},{"Title":"022-V \"Hi Jehova an Akon Magbarantay\"","Url":"https://download-a.akamaihd.net/files/media_music/37/iasnv4_SA_11.mp3"},{"Title":"073-V Kinasingkasing nga Maghigugmaay","Url":"https://download-a.akamaihd.net/files/media_music/90/iasnv4_SA_12.mp3"},{"Title":"097-V Lakat, mga Ministro han Ginhadian!","Url":"https://download-a.akamaihd.net/files/media_music/9e/iasnv4_SA_13.mp3"},{"Title":"029-V Maglakat nga May Integridad","Url":"https://download-a.akamaihd.net/files/media_music/b3/iasnv4_SA_14.mp3"},{"Title":"070-V Siguroha an Mas Importante","Url":"https://download-a.akamaihd.net/files/media_music/68/iasnv4_SA_15.mp3"},{"Title":"006-V An Pag-ampo han Surugoon han Dios","Url":"https://download-a.akamaihd.net/files/media_music/73/iasnv4_SA_16.mp3"},{"Title":"086-V Matinumanon nga Kababayin-an nga Kabugtoan","Url":"https://download-a.akamaihd.net/files/media_music/3c/iasnv4_SA_17.mp3"},{"Title":"131-V Hi Jehova Nagtatalwas","Url":"https://download-a.akamaihd.net/files/media_music/48/iasnv4_SA_18.mp3"}]}