{"Title":"Sing to Jehovah—Vocal Renditions, Disc 4","Tracks":[{"Title":"102-V Pjevajmo pjesmu o Kraljevstvu!","Url":"https://download-a.akamaihd.net/files/media_music/2a/iasnv4_C_01.mp3"},{"Title":"007-V Predanje Jehovi","Url":"https://download-a.akamaihd.net/files/media_music/e2/iasnv4_C_02.mp3"},{"Title":"066-V Služimo Jehovi cijelom dušom!","Url":"https://download-a.akamaihd.net/files/media_music/d4/iasnv4_C_03.mp3"},{"Title":"003-V “Bog je ljubav”","Url":"https://download-a.akamaihd.net/files/media_music/df/iasnv4_C_04.mp3"},{"Title":"119-V Ohrabrimo se na sastanku!","Url":"https://download-a.akamaihd.net/files/media_music/61/iasnv4_C_05.mp3"},{"Title":"027-V Stojmo uz Jehovu!","Url":"https://download-a.akamaihd.net/files/media_music/4e/iasnv4_C_06.mp3"},{"Title":"132-V Pjesma o pobjedi","Url":"https://download-a.akamaihd.net/files/media_music/ba/iasnv4_C_07.mp3"},{"Title":"012-V Obećan nam je vječni život","Url":"https://download-a.akamaihd.net/files/media_music/d9/iasnv4_C_08.mp3"},{"Title":"004-V Steknimo dobro ime kod Boga","Url":"https://download-a.akamaihd.net/files/media_music/2d/iasnv4_C_09.mp3"},{"Title":"059-V Predali smo se Bogu!","Url":"https://download-a.akamaihd.net/files/media_music/2a/iasnv4_C_10.mp3"},{"Title":"022-V “Jehova je Pastir moj”","Url":"https://download-a.akamaihd.net/files/media_music/07/iasnv4_C_11.mp3"},{"Title":"073-V Ljubimo jedni druge žarko i od srca","Url":"https://download-a.akamaihd.net/files/media_music/5c/iasnv4_C_12.mp3"},{"Title":"097-V Objavitelji Kraljevstva, naprijed!","Url":"https://download-a.akamaihd.net/files/media_music/1a/iasnv4_C_13.mp3"},{"Title":"029-V Živimo čestito","Url":"https://download-a.akamaihd.net/files/media_music/6d/iasnv4_C_14.mp3"},{"Title":"070-V “Prosudite što je najvažnije”","Url":"https://download-a.akamaihd.net/files/media_music/d6/iasnv4_C_15.mp3"},{"Title":"006-V Molitva Božjeg sluge","Url":"https://download-a.akamaihd.net/files/media_music/50/iasnv4_C_16.mp3"},{"Title":"086-V Žene vjerno služe Bogu","Url":"https://download-a.akamaihd.net/files/media_music/eb/iasnv4_C_17.mp3"},{"Title":"131-V Jehova izbavlja svoje sluge","Url":"https://download-a.akamaihd.net/files/media_music/2f/iasnv4_C_18.mp3"}]}