{"Title":"Sing to Jehovah—Vocal Renditions, Disc 2","Tracks":[{"Title":"074-K Jehovan ilo","Url":"https://download-a.akamaihd.net/files/media_music/73/iasnv2_FI_01.mp3"},{"Title":"095-K \"Maistakaa ja nähkää, että Jehova on hyvä\"","Url":"https://download-a.akamaihd.net/files/media_music/09/iasnv2_FI_02.mp3"},{"Title":"069-K Opeta minulle tiesi","Url":"https://download-a.akamaihd.net/files/media_music/94/iasnv2_FI_03.mp3"},{"Title":"130-K Elämän ihme","Url":"https://download-a.akamaihd.net/files/media_music/c6/iasnv2_FI_04.mp3"},{"Title":"060-K Hän tekee sinut vahvaksi","Url":"https://download-a.akamaihd.net/files/media_music/c1/iasnv2_FI_05.mp3"},{"Title":"107-K Tulkaa Jehovan vuorelle","Url":"https://download-a.akamaihd.net/files/media_music/7c/iasnv2_FI_06.mp3"},{"Title":"088-K Lapset – vanhemmille uskottu aarre","Url":"https://download-a.akamaihd.net/files/media_music/f3/iasnv2_FI_07.mp3"},{"Title":"081-K \"Anna meille lisää uskoa\"","Url":"https://download-a.akamaihd.net/files/media_music/94/iasnv2_FI_08.mp3"},{"Title":"058-K Vihkiytymisrukous","Url":"https://download-a.akamaihd.net/files/media_music/47/iasnv2_FI_09.mp3"},{"Title":"108-K Kiittäkää Jehovaa hänen Valtakunnastaan","Url":"https://download-a.akamaihd.net/files/media_music/27/iasnv2_FI_10.mp3"},{"Title":"116-K Valo kirkastuu","Url":"https://download-a.akamaihd.net/files/media_music/c1/iasnv2_FI_11.mp3"},{"Title":"123-K Paimenet – lahjoja ihmisinä","Url":"https://download-a.akamaihd.net/files/media_music/e8/iasnv2_FI_12.mp3"},{"Title":"124-K Ole vieraanvarainen","Url":"https://download-a.akamaihd.net/files/media_music/41/iasnv2_FI_13.mp3"},{"Title":"061-K Millainen minun pitäisi olla?","Url":"https://download-a.akamaihd.net/files/media_music/e0/iasnv2_FI_14.mp3"},{"Title":"064-K Omaksu totuus","Url":"https://download-a.akamaihd.net/files/media_music/d4/iasnv2_FI_15.mp3"},{"Title":"008-K Herran illallinen","Url":"https://download-a.akamaihd.net/files/media_music/bc/iasnv2_FI_16.mp3"},{"Title":"068-K Ahdistuneen rukous","Url":"https://download-a.akamaihd.net/files/media_music/b6/iasnv2_FI_17.mp3"},{"Title":"057-K Sydämeni mietteet","Url":"https://download-a.akamaihd.net/files/media_music/4a/iasnv2_FI_18.mp3"},{"Title":"085-K Varma palkinto Jehovalta","Url":"https://download-a.akamaihd.net/files/media_music/d9/iasnv2_FI_19.mp3"}]}