{"Title":"Sing to Jehovah—Vocal Renditions, Disc 3","Tracks":[{"Title":"046-Z Jehova je náš Král!","Url":"https://download-a.akamaihd.net/files/media_music/47/iasnv3_B_01.mp3"},{"Title":"103-Z „Dům od domu“","Url":"https://download-a.akamaihd.net/files/media_music/d3/iasnv3_B_02.mp3"},{"Title":"077-Z Odpouštějme si","Url":"https://download-a.akamaihd.net/files/media_music/54/iasnv3_B_03.mp3"},{"Title":"062-Z Komu patříme?","Url":"https://download-a.akamaihd.net/files/media_music/b6/iasnv3_B_04.mp3"},{"Title":"014-Z Všechny věci nové","Url":"https://download-a.akamaihd.net/files/media_music/45/iasnv3_B_05.mp3"},{"Title":"114-Z Boží Slovo je poklad","Url":"https://download-a.akamaihd.net/files/media_music/3b/iasnv3_B_06.mp3"},{"Title":"120-Z Naslouchej, buď poslušný, a získáš požehnání","Url":"https://download-a.akamaihd.net/files/media_music/5b/iasnv3_B_07.mp3"},{"Title":"096-Z Pátrejte po těch, kdo si to zaslouží","Url":"https://download-a.akamaihd.net/files/media_music/2f/iasnv3_B_08.mp3"},{"Title":"054-Z Musíme mít pevnou víru","Url":"https://download-a.akamaihd.net/files/media_music/28/iasnv3_B_09.mp3"},{"Title":"083-Z Potřebujeme sebeovládání","Url":"https://download-a.akamaihd.net/files/media_music/0a/iasnv3_B_10.mp3"},{"Title":"126-Z Dům postavený s láskou","Url":"https://download-a.akamaihd.net/files/media_music/7a/iasnv3_B_11.mp3"},{"Title":"125-Z Věrně se podřizujme teokracii","Url":"https://download-a.akamaihd.net/files/media_music/97/iasnv3_B_12.mp3"},{"Title":"040-Z Neustále hledej nejprve Království","Url":"https://download-a.akamaihd.net/files/media_music/4f/iasnv3_B_13.mp3"},{"Title":"019-Z Boží slíbený ráj","Url":"https://download-a.akamaihd.net/files/media_music/77/iasnv3_B_14.mp3"},{"Title":"056-Z Slyš mé prosby","Url":"https://download-a.akamaihd.net/files/media_music/1e/iasnv3_B_15.mp3"},{"Title":"127-Z Místo, kde přebýváš svým jménem","Url":"https://download-a.akamaihd.net/files/media_music/43/iasnv3_B_16.mp3"},{"Title":"106-Z Přátelství s Jehovou","Url":"https://download-a.akamaihd.net/files/media_music/ea/iasnv3_B_17.mp3"},{"Title":"133-Z Hledej záchranu u Boha","Url":"https://download-a.akamaihd.net/files/media_music/7b/iasnv3_B_18.mp3"}]}