{"Title":"Kingdom Melodies, Volume 3","Tracks":[{"Title":"127","Url":"https://download-a.akamaihd.net/files/media_music/e4/iam-3_E_01.mp3"},{"Title":"103","Url":"https://download-a.akamaihd.net/files/media_music/03/iam-3_E_02.mp3"},{"Title":"132","Url":"https://download-a.akamaihd.net/files/media_music/55/iam-3_E_03.mp3"},{"Title":"135","Url":"https://download-a.akamaihd.net/files/media_music/7c/iam-3_E_04.mp3"},{"Title":"62","Url":"https://download-a.akamaihd.net/files/media_music/7a/iam-3_E_05.mp3"},{"Title":"143","Url":"https://download-a.akamaihd.net/files/media_music/68/iam-3_E_06.mp3"},{"Title":"150","Url":"https://download-a.akamaihd.net/files/media_music/5e/iam-3_E_07.mp3"},{"Title":"146","Url":"https://download-a.akamaihd.net/files/media_music/e4/iam-3_E_08.mp3"},{"Title":"149","Url":"https://download-a.akamaihd.net/files/media_music/ee/iam-3_E_09.mp3"},{"Title":"165","Url":"https://download-a.akamaihd.net/files/media_music/b8/iam-3_E_10.mp3"},{"Title":"27","Url":"https://download-a.akamaihd.net/files/media_music/7d/iam-3_E_11.mp3"},{"Title":"166","Url":"https://download-a.akamaihd.net/files/media_music/9e/iam-3_E_12.mp3"},{"Title":"158","Url":"https://download-a.akamaihd.net/files/media_music/d4/iam-3_E_13.mp3"},{"Title":"53","Url":"https://download-a.akamaihd.net/files/media_music/29/iam-3_E_14.mp3"},{"Title":"145","Url":"https://download-a.akamaihd.net/files/media_music/e5/iam-3_E_15.mp3"},{"Title":"187","Url":"https://download-a.akamaihd.net/files/media_music/14/iam-3_E_16.mp3"},{"Title":"36","Url":"https://download-a.akamaihd.net/files/media_music/8d/iam-3_E_17.mp3"},{"Title":"112","Url":"https://download-a.akamaihd.net/files/media_music/3c/iam-3_E_18.mp3"},{"Title":"168","Url":"https://download-a.akamaihd.net/files/media_music/64/iam-3_E_19.mp3"}]}