{"Title":"Sing to Jehovah—Vocal Renditions, Disc 4","Tracks":[{"Title":"102-K Umiba sa Awit kan Kahadean!","Url":"https://download-a.akamaihd.net/files/media_music/46/iasnv4_BI_01.mp3"},{"Title":"007-K Kristianong Pagdusay","Url":"https://download-a.akamaihd.net/files/media_music/5e/iasnv4_BI_02.mp3"},{"Title":"066-K Bilog na Kalag na Paglilingkod ki Jehova","Url":"https://download-a.akamaihd.net/files/media_music/7c/iasnv4_BI_03.mp3"},{"Title":"003-K “An Dios Pagkamoot”","Url":"https://download-a.akamaihd.net/files/media_music/9b/iasnv4_BI_04.mp3"},{"Title":"119-K Madia! Marepreskohan Kita","Url":"https://download-a.akamaihd.net/files/media_music/19/iasnv4_BI_05.mp3"},{"Title":"027-K Kumampi ki Jehova!","Url":"https://download-a.akamaihd.net/files/media_music/19/iasnv4_BI_06.mp3"},{"Title":"132-K Sarong Awit nin Kapangganahan","Url":"https://download-a.akamaihd.net/files/media_music/a4/iasnv4_BI_07.mp3"},{"Title":"012-K Ipinanuga an Buhay na Daing Katapusan","Url":"https://download-a.akamaihd.net/files/media_music/b8/iasnv4_BI_08.mp3"},{"Title":"004-K Paggibo nin Marahay na Ngaran sa Dios","Url":"https://download-a.akamaihd.net/files/media_music/c6/iasnv4_BI_09.mp3"},{"Title":"059-K Sa Dios Kita Dusay!","Url":"https://download-a.akamaihd.net/files/media_music/60/iasnv4_BI_10.mp3"},{"Title":"022-K Si Jehova an Sakuyang Pastor","Url":"https://download-a.akamaihd.net/files/media_music/b8/iasnv4_BI_11.mp3"},{"Title":"073-K Mamoot nin Makosog Gikan sa Puso","Url":"https://download-a.akamaihd.net/files/media_music/de/iasnv4_BI_12.mp3"},{"Title":"097-K Abante, Kamong mga Ministro kan Kahadean!","Url":"https://download-a.akamaihd.net/files/media_music/49/iasnv4_BI_13.mp3"},{"Title":"029-K Paglakaw na May Integridad","Url":"https://download-a.akamaihd.net/files/media_music/d9/iasnv4_BI_14.mp3"},{"Title":"070-K ‘Siertohon an Orog na Mahalagang mga Bagay’","Url":"https://download-a.akamaihd.net/files/media_music/81/iasnv4_BI_15.mp3"},{"Title":"006-K An Pamibi kan Lingkod nin Dios","Url":"https://download-a.akamaihd.net/files/media_music/94/iasnv4_BI_16.mp3"},{"Title":"086-K Maimbod na mga Babae, mga Tugang na Kristiana","Url":"https://download-a.akamaihd.net/files/media_music/c4/iasnv4_BI_17.mp3"},{"Title":"131-K Si Jehova Nagsasalbar","Url":"https://download-a.akamaihd.net/files/media_music/a0/iasnv4_BI_18.mp3"}]}