{"Title":"Sing to Jehovah—Vocal Renditions, Disc 2","Tracks":[{"Title":"074-V 여호와의 기쁨","Url":"https://download-a.akamaihd.net/files/media_music/55/iasnv2_KO_001.mp3"},{"Title":"095-V “여호와의 선하심을 맛보아 알아라”","Url":"https://download-a.akamaihd.net/files/media_music/95/iasnv2_KO_002.mp3"},{"Title":"069-V 당신의 길을 알려 주소서","Url":"https://download-a.akamaihd.net/files/media_music/10/iasnv2_KO_003.mp3"},{"Title":"130-V 생명의 기적","Url":"https://download-a.akamaihd.net/files/media_music/49/iasnv2_KO_004.mp3"},{"Title":"060-V 그분이 강하게 해 주시리","Url":"https://download-a.akamaihd.net/files/media_music/bf/iasnv2_KO_005.mp3"},{"Title":"107-V 여호와의 산으로 오라","Url":"https://download-a.akamaihd.net/files/media_music/fe/iasnv2_KO_006.mp3"},{"Title":"088-V 자녀—하느님이 맡기신 재산","Url":"https://download-a.akamaihd.net/files/media_music/c6/iasnv2_KO_007.mp3"},{"Title":"081-V “우리에게 믿음을 더 주십시오”","Url":"https://download-a.akamaihd.net/files/media_music/1f/iasnv2_KO_008.mp3"},{"Title":"058-V 헌신의 기도","Url":"https://download-a.akamaihd.net/files/media_music/e4/iasnv2_KO_009.mp3"},{"Title":"108-V 왕국을 마련하신 여호와를 찬양하라","Url":"https://download-a.akamaihd.net/files/media_music/ff/iasnv2_KO_010.mp3"},{"Title":"116-V 점점 밝아지는 빛","Url":"https://download-a.akamaihd.net/files/media_music/c0/iasnv2_KO_011.mp3"},{"Title":"123-V 목자—사람들로 된 선물","Url":"https://download-a.akamaihd.net/files/media_music/e5/iasnv2_KO_012.mp3"},{"Title":"124-V 그들을 맞아들여 후대하라","Url":"https://download-a.akamaihd.net/files/media_music/67/iasnv2_KO_013.mp3"},{"Title":"061-V 나는 어떤 사람이 되어야 하는가?","Url":"https://download-a.akamaihd.net/files/media_music/6a/iasnv2_KO_014.mp3"},{"Title":"064-V 진리를 자신의 것으로 만들라","Url":"https://download-a.akamaihd.net/files/media_music/33/iasnv2_KO_015.mp3"},{"Title":"008-V 주의 만찬","Url":"https://download-a.akamaihd.net/files/media_music/81/iasnv2_KO_016.mp3"},{"Title":"068-V 간청의 기도","Url":"https://download-a.akamaihd.net/files/media_music/c7/iasnv2_KO_017.mp3"},{"Title":"057-V 내 마음의 묵상","Url":"https://download-a.akamaihd.net/files/media_music/7e/iasnv2_KO_018.mp3"},{"Title":"085-V 여호와께서 주시는 온전한 상","Url":"https://download-a.akamaihd.net/files/media_music/dc/iasnv2_KO_019.mp3"}]}