{"Title":"Sing to Jehovah—Vocal Renditions, Disc 1","Tracks":[{"Title":"065-V “這才是正路”","Url":"https://download-a.akamaihd.net/files/media_music/bc/iasnv1_CH_001.mp3"},{"Title":"063-V 一心忠貞不二","Url":"https://download-a.akamaihd.net/files/media_music/50/iasnv1_CH_002.mp3"},{"Title":"111-V 他必呼喚","Url":"https://download-a.akamaihd.net/files/media_music/73/iasnv1_CH_003.mp3"},{"Title":"110-V 上帝的奇妙作為","Url":"https://download-a.akamaihd.net/files/media_music/f5/iasnv1_CH_004.mp3"},{"Title":"075-V 喜樂的因由","Url":"https://download-a.akamaihd.net/files/media_music/bd/iasnv1_CH_005.mp3"},{"Title":"087-V 現在我們成為一體","Url":"https://download-a.akamaihd.net/files/media_music/c5/iasnv1_CH_006.mp3"},{"Title":"036-V “上帝使他們同負一軛”","Url":"https://download-a.akamaihd.net/files/media_music/d3/iasnv1_CH_007.mp3"},{"Title":"045-V 奮力前進！","Url":"https://download-a.akamaihd.net/files/media_music/18/iasnv1_CH_008.mp3"},{"Title":"098-V 撒播王國的種子","Url":"https://download-a.akamaihd.net/files/media_music/38/iasnv1_CH_009.mp3"},{"Title":"084-V “我很願意”","Url":"https://download-a.akamaihd.net/files/media_music/d9/iasnv1_CH_010.mp3"},{"Title":"092-V “務要傳講神聖的話語”","Url":"https://download-a.akamaihd.net/files/media_music/5c/iasnv1_CH_011.mp3"},{"Title":"109-V 向耶和華的長子歡呼！","Url":"https://download-a.akamaihd.net/files/media_music/1e/iasnv1_CH_012.mp3"},{"Title":"089-V 耶和華親切地説：“我兒，你要有智慧”","Url":"https://download-a.akamaihd.net/files/media_music/67/iasnv1_CH_013.mp3"},{"Title":"101-V 宣揚王國的真理","Url":"https://download-a.akamaihd.net/files/media_music/94/iasnv1_CH_014.mp3"},{"Title":"091-V 我的上帝、慈父和良朋","Url":"https://download-a.akamaihd.net/files/media_music/d6/iasnv1_CH_015.mp3"},{"Title":"090-V 白髮是冠冕","Url":"https://download-a.akamaihd.net/files/media_music/5e/iasnv1_CH_016.mp3"},{"Title":"134-V 看，你和我、一切都更新了！","Url":"https://download-a.akamaihd.net/files/media_music/3f/iasnv1_CH_017.mp3"}]}