{"Title":"Sing to Jehovah—Vocal Renditions, Disc 1","Tracks":[{"Title":"065-V „Iată calea!“","Url":"https://download-a.akamaihd.net/files/media_music/1c/iasnv1_M_01.mp3"},{"Title":"063-V Să fim mereu loiali!","Url":"https://download-a.akamaihd.net/files/media_music/29/iasnv1_M_02.mp3"},{"Title":"111-V ‘Va chema’","Url":"https://download-a.akamaihd.net/files/media_music/64/iasnv1_M_03.mp3"},{"Title":"110-V Minunatele lucrări ale lui Dumnezeu","Url":"https://download-a.akamaihd.net/files/media_music/b0/iasnv1_M_04.mp3"},{"Title":"075-V Avem motive de bucurie!","Url":"https://download-a.akamaihd.net/files/media_music/77/iasnv1_M_05.mp3"},{"Title":"087-V Acum suntem una","Url":"https://download-a.akamaihd.net/files/media_music/8c/iasnv1_M_06.mp3"},{"Title":"036-V Dumnezeu i-a pus în acelaşi jug","Url":"https://download-a.akamaihd.net/files/media_music/58/iasnv1_M_07.mp3"},{"Title":"045-V Progresaţi spre maturitate!","Url":"https://download-a.akamaihd.net/files/media_music/03/iasnv1_M_08.mp3"},{"Title":"098-V Să semănăm sămânţa Regatului!","Url":"https://download-a.akamaihd.net/files/media_music/a9/iasnv1_M_09.mp3"},{"Title":"084-V „Vreau!“","Url":"https://download-a.akamaihd.net/files/media_music/c2/iasnv1_M_10.mp3"},{"Title":"092-V ‘Predicaţi Cuvântul’","Url":"https://download-a.akamaihd.net/files/media_music/9c/iasnv1_M_11.mp3"},{"Title":"109-V Să-l aclamăm pe Întâiul Născut al lui Iehova!","Url":"https://download-a.akamaihd.net/files/media_music/d6/iasnv1_M_12.mp3"},{"Title":"089-V Iehova te roagă: „Fii înţelept, fiul meu“","Url":"https://download-a.akamaihd.net/files/media_music/9a/iasnv1_M_13.mp3"},{"Title":"101-V Să facem cunoscut adevărul despre Regat","Url":"https://download-a.akamaihd.net/files/media_music/7a/iasnv1_M_14.mp3"},{"Title":"091-V Tatăl meu, Dumnezeul meu şi Prietenul meu","Url":"https://download-a.akamaihd.net/files/media_music/3a/iasnv1_M_15.mp3"},{"Title":"090-V Splendoarea perilor albi","Url":"https://download-a.akamaihd.net/files/media_music/ed/iasnv1_M_16.mp3"},{"Title":"134-V Şi tu, şi eu în lumea nouă!","Url":"https://download-a.akamaihd.net/files/media_music/ae/iasnv1_M_17.mp3"}]}