{"Title":"Sing to Jehovah—Vocal Renditions, Disc 1","Tracks":[{"Title":"065-V \"Nantsi Indlela\"","Url":"https://download-a.akamaihd.net/files/media_music/d6/iasnv1_XO_001.mp3"},{"Title":"063-V Hlala Unyanisekile","Url":"https://download-a.akamaihd.net/files/media_music/1f/iasnv1_XO_002.mp3"},{"Title":"111-V Baya Kubizwa","Url":"https://download-a.akamaihd.net/files/media_music/4e/iasnv1_XO_003.mp3"},{"Title":"110-V Imisebenzi KaThixo Emangalisayo","Url":"https://download-a.akamaihd.net/files/media_music/0a/iasnv1_XO_004.mp3"},{"Title":"075-V Izizathu Zokuvuya Kwethu","Url":"https://download-a.akamaihd.net/files/media_music/b7/iasnv1_XO_005.mp3"},{"Title":"087-V Ngoku Sibanye","Url":"https://download-a.akamaihd.net/files/media_music/46/iasnv1_XO_006.mp3"},{"Title":"036-V 'Oko UThixo Akumanyileyo'","Url":"https://download-a.akamaihd.net/files/media_music/e6/iasnv1_XO_007.mp3"},{"Title":"045-V Qhubela Phambili","Url":"https://download-a.akamaihd.net/files/media_music/6a/iasnv1_XO_008.mp3"},{"Title":"098-V Ukuhlwayela Imbewu YoBukumkani","Url":"https://download-a.akamaihd.net/files/media_music/4c/iasnv1_XO_009.mp3"},{"Title":"084-V \"Ndiyathanda\"","Url":"https://download-a.akamaihd.net/files/media_music/aa/iasnv1_XO_010.mp3"},{"Title":"092-V 'Shumayela ILizwi'","Url":"https://download-a.akamaihd.net/files/media_music/be/iasnv1_XO_011.mp3"},{"Title":"109-V Zukisa IZibulo LikaYehova","Url":"https://download-a.akamaihd.net/files/media_music/c4/iasnv1_XO_012.mp3"},{"Title":"089-V UYehova Ubongoza Esithi: \"Yiba Nobulumko, Nyana Wam\"","Url":"https://download-a.akamaihd.net/files/media_music/aa/iasnv1_XO_013.mp3"},{"Title":"101-V Ukwazisa Inyaniso YoBukumkani","Url":"https://download-a.akamaihd.net/files/media_music/27/iasnv1_XO_014.mp3"},{"Title":"091-V Thixo Wam, Bawo Wam, NoMhlobo Wam","Url":"https://download-a.akamaihd.net/files/media_music/49/iasnv1_XO_015.mp3"},{"Title":"090-V Isithsaba Sokuhomba Zizimvi","Url":"https://download-a.akamaihd.net/files/media_music/9b/iasnv1_XO_016.mp3"},{"Title":"134-V Zibone Ukwihlabathi Elitsha","Url":"https://download-a.akamaihd.net/files/media_music/a4/iasnv1_XO_017.mp3"}]}