{"Title":"Sing to Jehovah—Vocal Renditions, Disc 1","Tracks":[{"Title":"065–V „To je put“","Url":"https://download-a.akamaihd.net/files/media_music/b7/iasnv1_SBO_001.mp3"},{"Title":"063–V Budimo verni","Url":"https://download-a.akamaihd.net/files/media_music/12/iasnv1_SBO_002.mp3"},{"Title":"111–V Bog će u život vratiti","Url":"https://download-a.akamaihd.net/files/media_music/a2/iasnv1_SBO_003.mp3"},{"Title":"110–V Božja divna dela","Url":"https://download-a.akamaihd.net/files/media_music/bc/iasnv1_SBO_004.mp3"},{"Title":"075–V Mnogi razlozi za radost","Url":"https://download-a.akamaihd.net/files/media_music/6c/iasnv1_SBO_005.mp3"},{"Title":"087–V Sada smo jedno","Url":"https://download-a.akamaihd.net/files/media_music/22/iasnv1_SBO_006.mp3"},{"Title":"036–V „Što je Bog sastavio“","Url":"https://download-a.akamaihd.net/files/media_music/1e/iasnv1_SBO_007.mp3"},{"Title":"045–V Napred!","Url":"https://download-a.akamaihd.net/files/media_music/d0/iasnv1_SBO_008.mp3"},{"Title":"098–V Sejmo reč o Kraljevstvu","Url":"https://download-a.akamaihd.net/files/media_music/a0/iasnv1_SBO_009.mp3"},{"Title":"084–V „Hoću“","Url":"https://download-a.akamaihd.net/files/media_music/e5/iasnv1_SBO_010.mp3"},{"Title":"092–V „Propovedaj Reč“","Url":"https://download-a.akamaihd.net/files/media_music/3d/iasnv1_SBO_011.mp3"},{"Title":"109–V Čast dajmo Jehovinom prvencu!","Url":"https://download-a.akamaihd.net/files/media_music/c3/iasnv1_SBO_012.mp3"},{"Title":"089–V Jehova poziva mlade da budu mudri","Url":"https://download-a.akamaihd.net/files/media_music/c0/iasnv1_SBO_013.mp3"},{"Title":"101–V Objavljujmo istinu o Kraljevstvu","Url":"https://download-a.akamaihd.net/files/media_music/33/iasnv1_SBO_014.mp3"},{"Title":"091–V Moj Otac, Bog, Prijatelj","Url":"https://download-a.akamaihd.net/files/media_music/01/iasnv1_SBO_015.mp3"},{"Title":"090–V Lepota sede kose","Url":"https://download-a.akamaihd.net/files/media_music/e3/iasnv1_SBO_016.mp3"},{"Title":"134–V Život u novom svetu","Url":"https://download-a.akamaihd.net/files/media_music/f9/iasnv1_SBO_017.mp3"}]}