{"Title":"Sing to Jehovah—Vocal Renditions, Disc 4","Tracks":[{"Title":"102-V Te giljava i gili bašo Carstvo!","Url":"https://download-a.akamaihd.net/files/media_music/8e/iasnv4_RM_01.mp3"},{"Title":"007-V „Tli volja ka kera“","Url":"https://download-a.akamaihd.net/files/media_music/96/iasnv4_RM_02.mp3"},{"Title":"066-V Ka služinav e Jehovaske sa me vilestar","Url":"https://download-a.akamaihd.net/files/media_music/04/iasnv4_RM_03.mp3"},{"Title":"003-V „O Devel tano mangipa\"","Url":"https://download-a.akamaihd.net/files/media_music/d4/iasnv4_RM_04.mp3"},{"Title":"119-V Te ohrabrina amen ko sostanokija","Url":"https://download-a.akamaihd.net/files/media_music/3c/iasnv4_RM_05.mp3"},{"Title":"027-V Ov tari e Jehovaskiri strana","Url":"https://download-a.akamaihd.net/files/media_music/da/iasnv4_RM_06.mp3"},{"Title":"132-V Gili baši e Jehovaskiri pobeda","Url":"https://download-a.akamaihd.net/files/media_music/52/iasnv4_RM_07.mp3"},{"Title":"012-V Ka ovel večno dživdipe","Url":"https://download-a.akamaihd.net/files/media_music/d4/iasnv4_RM_08.mp3"},{"Title":"004-V Te ovel amen šukar anav anglo Devel","Url":"https://download-a.akamaihd.net/files/media_music/f9/iasnv4_RM_09.mp3"},{"Title":"059-V Dengjem lafi e Devleske","Url":"https://download-a.akamaihd.net/files/media_music/5e/iasnv4_RM_10.mp3"},{"Title":"022-V „O Jehova mlo Pastiri“","Url":"https://download-a.akamaihd.net/files/media_music/a5/iasnv4_RM_11.mp3"},{"Title":"073-V Vilestar te manga amen","Url":"https://download-a.akamaihd.net/files/media_music/80/iasnv4_RM_12.mp3"},{"Title":"097-V Te vakera bašo Carstvo!","Url":"https://download-a.akamaihd.net/files/media_music/6d/iasnv4_RM_13.mp3"},{"Title":"029-V Verno te dživdina","Url":"https://download-a.akamaihd.net/files/media_music/67/iasnv4_RM_14.mp3"},{"Title":"070-V „So i tano amenge najvažno“","Url":"https://download-a.akamaihd.net/files/media_music/28/iasnv4_RM_15.mp3"},{"Title":"006-V Molitva taro e Devleskoro sluga","Url":"https://download-a.akamaihd.net/files/media_music/38/iasnv4_RM_16.mp3"},{"Title":"086-V Amare verna phenja","Url":"https://download-a.akamaihd.net/files/media_music/4d/iasnv4_RM_17.mp3"},{"Title":"131-V O Jehova spasinela pe narodo","Url":"https://download-a.akamaihd.net/files/media_music/28/iasnv4_RM_18.mp3"}]}