{"Title":"Sing to Jehovah—Vocal Renditions, Disc 1","Tracks":[{"Title":"065-G “Kini ang Dalan”","Url":"https://download-a.akamaihd.net/files/media_music/6d/iasnv1_CV_01.mp3"},{"Title":"063-G Magmaunongon Kanunay","Url":"https://download-a.akamaihd.net/files/media_music/e0/iasnv1_CV_02.mp3"},{"Title":"111-G Siya Motawag","Url":"https://download-a.akamaihd.net/files/media_music/cc/iasnv1_CV_03.mp3"},{"Title":"110-G Kahibulongang mga Buhat sa Diyos","Url":"https://download-a.akamaihd.net/files/media_music/ed/iasnv1_CV_04.mp3"},{"Title":"075-G Atong mga Katarongan sa Pagkalipay","Url":"https://download-a.akamaihd.net/files/media_music/eb/iasnv1_CV_05.mp3"},{"Title":"087-G Kita Nahiusa Na","Url":"https://download-a.akamaihd.net/files/media_music/b0/iasnv1_CV_06.mp3"},{"Title":"036-G “Kon Unsay Gihiusa Pagyugo sa Diyos”","Url":"https://download-a.akamaihd.net/files/media_music/db/iasnv1_CV_07.mp3"},{"Title":"045-G Mag-uswag Kita!","Url":"https://download-a.akamaihd.net/files/media_music/97/iasnv1_CV_08.mp3"},{"Title":"098-G Pagpugas sa Binhi sa Gingharian","Url":"https://download-a.akamaihd.net/files/media_music/5a/iasnv1_CV_09.mp3"},{"Title":"084-G “Buot Ko”","Url":"https://download-a.akamaihd.net/files/media_music/e6/iasnv1_CV_10.mp3"},{"Title":"092-G ‘Isangyaw ang Pulong’","Url":"https://download-a.akamaihd.net/files/media_music/5f/iasnv1_CV_11.mp3"},{"Title":"109-G Dayegon Ta ang Panganay ni Jehova!","Url":"https://download-a.akamaihd.net/files/media_music/90/iasnv1_CV_12.mp3"},{"Title":"089-G Si Jehova Naghangyo: “Magmaalamon, Anak Ko”","Url":"https://download-a.akamaihd.net/files/media_music/70/iasnv1_CV_13.mp3"},{"Title":"101-G Pagpahayag sa Kamatuoran sa Gingharian","Url":"https://download-a.akamaihd.net/files/media_music/4b/iasnv1_CV_14.mp3"},{"Title":"091-G Akong Amahan, Akong Diyos ug Higala","Url":"https://download-a.akamaihd.net/files/media_music/9d/iasnv1_CV_15.mp3"},{"Title":"090-G Katahom sa Pagkaubanon","Url":"https://download-a.akamaihd.net/files/media_music/23/iasnv1_CV_16.mp3"},{"Title":"134-G Tan-awa Dihang ang Tanan Bag-o Na","Url":"https://download-a.akamaihd.net/files/media_music/49/iasnv1_CV_17.mp3"}]}