{"Title":"Sing to Jehovah—Vocal Renditions, Disc 3","Tracks":[{"Title":"046-V 耶和华是我们的王！","Url":"https://download-a.akamaihd.net/files/media_music/c5/iasnv3_CHS_01.mp3"},{"Title":"103-V “挨家逐户”","Url":"https://download-a.akamaihd.net/files/media_music/b2/iasnv3_CHS_02.mp3"},{"Title":"077-V 乐意宽恕","Url":"https://download-a.akamaihd.net/files/media_music/71/iasnv3_CHS_03.mp3"},{"Title":"062-V 我们属于哪个神？","Url":"https://download-a.akamaihd.net/files/media_music/25/iasnv3_CHS_04.mp3"},{"Title":"014-V 上帝更新一切","Url":"https://download-a.akamaihd.net/files/media_music/a3/iasnv3_CHS_05.mp3"},{"Title":"114-V 上帝赐给人宝贵的话语","Url":"https://download-a.akamaihd.net/files/media_music/a0/iasnv3_CHS_06.mp3"},{"Title":"120-V 听从而蒙福","Url":"https://download-a.akamaihd.net/files/media_music/59/iasnv3_CHS_07.mp3"},{"Title":"096-V 找出配得的人","Url":"https://download-a.akamaihd.net/files/media_music/d0/iasnv3_CHS_08.mp3"},{"Title":"054-V 我们必须有信心","Url":"https://download-a.akamaihd.net/files/media_music/60/iasnv3_CHS_09.mp3"},{"Title":"083-V 我们必须自制","Url":"https://download-a.akamaihd.net/files/media_music/af/iasnv3_CHS_10.mp3"},{"Title":"126-V 出于爱心的辛劳","Url":"https://download-a.akamaihd.net/files/media_music/5d/iasnv3_CHS_11.mp3"},{"Title":"125-V 忠心地顺从上帝的安排","Url":"https://download-a.akamaihd.net/files/media_music/52/iasnv3_CHS_12.mp3"},{"Title":"040-V 不断先追求王国","Url":"https://download-a.akamaihd.net/files/media_music/71/iasnv3_CHS_13.mp3"},{"Title":"019-V 上帝应许的乐园","Url":"https://download-a.akamaihd.net/files/media_music/d6/iasnv3_CHS_14.mp3"},{"Title":"056-V 愿你倾听我的祷告","Url":"https://download-a.akamaihd.net/files/media_music/36/iasnv3_CHS_15.mp3"},{"Title":"127-V 归于你名下的地方","Url":"https://download-a.akamaihd.net/files/media_music/aa/iasnv3_CHS_16.mp3"},{"Title":"106-V 与耶和华缔结友谊","Url":"https://download-a.akamaihd.net/files/media_music/d3/iasnv3_CHS_17.mp3"},{"Title":"133-V 寻求上帝，必得拯救","Url":"https://download-a.akamaihd.net/files/media_music/aa/iasnv3_CHS_18.mp3"}]}