{"Title":"Sing to Jehovah—Vocal Renditions, Disc 4","Tracks":[{"Title":"102-V 함께 왕국 노래를 부르세!","Url":"https://download-a.akamaihd.net/files/media_music/c4/iasnv4_KO_01.mp3"},{"Title":"007-V 그리스도인 헌신","Url":"https://download-a.akamaihd.net/files/media_music/63/iasnv4_KO_02.mp3"},{"Title":"066-V 영혼을 다해 여호와를 섬기리","Url":"https://download-a.akamaihd.net/files/media_music/3f/iasnv4_KO_03.mp3"},{"Title":"003-V “하느님은 사랑이시다”","Url":"https://download-a.akamaihd.net/files/media_music/f4/iasnv4_KO_04.mp3"},{"Title":"119-V 와서, 새 힘을 얻으라!","Url":"https://download-a.akamaihd.net/files/media_music/df/iasnv4_KO_05.mp3"},{"Title":"027-V 여호와의 편에 서라!","Url":"https://download-a.akamaihd.net/files/media_music/a6/iasnv4_KO_06.mp3"},{"Title":"132-V 승리의 노래","Url":"https://download-a.akamaihd.net/files/media_music/6e/iasnv4_KO_07.mp3"},{"Title":"012-V 영원한 생명의 약속","Url":"https://download-a.akamaihd.net/files/media_music/cb/iasnv4_KO_08.mp3"},{"Title":"004-V 하느님 앞에서 좋은 이름을 얻으라","Url":"https://download-a.akamaihd.net/files/media_music/56/iasnv4_KO_09.mp3"},{"Title":"059-V 우리는 하느님께 헌신했네!","Url":"https://download-a.akamaihd.net/files/media_music/4d/iasnv4_KO_10.mp3"},{"Title":"022-V “여호와는 나의 목자”","Url":"https://download-a.akamaihd.net/files/media_music/e5/iasnv4_KO_11.mp3"},{"Title":"073-V 마음으로 열렬히 사랑하라","Url":"https://download-a.akamaihd.net/files/media_music/c6/iasnv4_KO_12.mp3"},{"Title":"097-V 전진하라, 왕국 봉사자들아!","Url":"https://download-a.akamaihd.net/files/media_music/51/iasnv4_KO_13.mp3"},{"Title":"029-V 충절로 걸으리","Url":"https://download-a.akamaihd.net/files/media_music/df/iasnv4_KO_14.mp3"},{"Title":"070-V ‘더 중요한 것들을 확인하라’","Url":"https://download-a.akamaihd.net/files/media_music/ae/iasnv4_KO_15.mp3"},{"Title":"006-V 하느님의 종의 기도","Url":"https://download-a.akamaihd.net/files/media_music/1d/iasnv4_KO_16.mp3"},{"Title":"086-V 충실한 여인들, 그리스도인 자매들","Url":"https://download-a.akamaihd.net/files/media_music/04/iasnv4_KO_17.mp3"},{"Title":"131-V 여호와—피할 길을 주시는 분","Url":"https://download-a.akamaihd.net/files/media_music/39/iasnv4_KO_18.mp3"}]}