{"Title":"Sing to Jehovah—Vocal Renditions, Disc 4","Tracks":[{"Title":"102-V Makidanggay iti Kanta Maipapan iti Pagarian!","Url":"https://download-a.akamaihd.net/files/media_music/bf/iasnv4_IL_01.mp3"},{"Title":"007-V Nakristianuan a Dedikasion","Url":"https://download-a.akamaihd.net/files/media_music/57/iasnv4_IL_02.mp3"},{"Title":"066-V Panagserbi ken Jehova iti Amin a Kararua","Url":"https://download-a.akamaihd.net/files/media_music/91/iasnv4_IL_03.mp3"},{"Title":"003-V \"Ti Dios ket Ayat\"","Url":"https://download-a.akamaihd.net/files/media_music/3d/iasnv4_IL_04.mp3"},{"Title":"119-V Umaykayo ket Mabang-arankayo","Url":"https://download-a.akamaihd.net/files/media_music/13/iasnv4_IL_05.mp3"},{"Title":"027-V Ni Jehova ti Dasigam!","Url":"https://download-a.akamaihd.net/files/media_music/3c/iasnv4_IL_06.mp3"},{"Title":"132-V Kanta ti Panagballigi","Url":"https://download-a.akamaihd.net/files/media_music/c4/iasnv4_IL_07.mp3"},{"Title":"012-V Naikari ti Biag nga Agnanayon","Url":"https://download-a.akamaihd.net/files/media_music/fb/iasnv4_IL_08.mp3"},{"Title":"004-V Panangaramid iti Naimbag a Nagan iti Dios","Url":"https://download-a.akamaihd.net/files/media_music/83/iasnv4_IL_09.mp3"},{"Title":"059-V Dedikadotayo iti Dios!","Url":"https://download-a.akamaihd.net/files/media_music/49/iasnv4_IL_10.mp3"},{"Title":"022-V Ni Jehova ti Pastorko","Url":"https://download-a.akamaihd.net/files/media_music/2e/iasnv4_IL_11.mp3"},{"Title":"073-V Ipakita ti Nasged ken Naimpusuan nga Ayat","Url":"https://download-a.akamaihd.net/files/media_music/a7/iasnv4_IL_12.mp3"},{"Title":"097-V Inkayo, Dakayo a Ministro ti Pagarian!","Url":"https://download-a.akamaihd.net/files/media_music/b3/iasnv4_IL_13.mp3"},{"Title":"029-V Pannagna iti Kinatarnaw","Url":"https://download-a.akamaihd.net/files/media_music/03/iasnv4_IL_14.mp3"},{"Title":"070-V Siguraduenyo ti Napatpateg a Bambanag","Url":"https://download-a.akamaihd.net/files/media_music/be/iasnv4_IL_15.mp3"},{"Title":"006-V Kararag ti Adipen ti Dios","Url":"https://download-a.akamaihd.net/files/media_music/4d/iasnv4_IL_16.mp3"},{"Title":"086-V Matalek a Babbai","Url":"https://download-a.akamaihd.net/files/media_music/9b/iasnv4_IL_17.mp3"},{"Title":"131-V Ni Jehova ti Mangispal","Url":"https://download-a.akamaihd.net/files/media_music/4f/iasnv4_IL_18.mp3"}]}