{"Title":"Sing to Jehovah—Vocal Renditions, Disc 4","Tracks":[{"Title":"102-В Те гиљава и гили башо Царство!","Url":"https://download-a.akamaihd.net/files/media_music/8e/iasnv4_RMC_01.mp3"},{"Title":"007-В „Тли волја ка кера“","Url":"https://download-a.akamaihd.net/files/media_music/b3/iasnv4_RMC_02.mp3"},{"Title":"066-В Ка служинав е Јеховаске са ме вилестар","Url":"https://download-a.akamaihd.net/files/media_music/8f/iasnv4_RMC_03.mp3"},{"Title":"003-В „О Девел тано мангипа“","Url":"https://download-a.akamaihd.net/files/media_music/c8/iasnv4_RMC_04.mp3"},{"Title":"119-В Те охрабрина амен ко состанокија","Url":"https://download-a.akamaihd.net/files/media_music/48/iasnv4_RMC_05.mp3"},{"Title":"027-В Ов тари е Јеховаскири страна","Url":"https://download-a.akamaihd.net/files/media_music/37/iasnv4_RMC_06.mp3"},{"Title":"132-В Гили баши е Јеховаскири победа","Url":"https://download-a.akamaihd.net/files/media_music/dc/iasnv4_RMC_07.mp3"},{"Title":"012-В Ка овел вечно џивдипе","Url":"https://download-a.akamaihd.net/files/media_music/a1/iasnv4_RMC_08.mp3"},{"Title":"004-В Те овел амен шукар анав англо Девел","Url":"https://download-a.akamaihd.net/files/media_music/dc/iasnv4_RMC_09.mp3"},{"Title":"059-В Денѓем лафи е Девлеске","Url":"https://download-a.akamaihd.net/files/media_music/12/iasnv4_RMC_10.mp3"},{"Title":"022-В „О Јехова мло Пастири“","Url":"https://download-a.akamaihd.net/files/media_music/90/iasnv4_RMC_11.mp3"},{"Title":"073-В Вилестар те манга амен","Url":"https://download-a.akamaihd.net/files/media_music/06/iasnv4_RMC_12.mp3"},{"Title":"097-В Те вакера башо Царство!","Url":"https://download-a.akamaihd.net/files/media_music/7c/iasnv4_RMC_13.mp3"},{"Title":"029-В Верно те џивдина","Url":"https://download-a.akamaihd.net/files/media_music/7d/iasnv4_RMC_14.mp3"},{"Title":"070-В „Со и тано аменге најважно“","Url":"https://download-a.akamaihd.net/files/media_music/28/iasnv4_RMC_15.mp3"},{"Title":"006-В Молитва таро е Девлескоро слуга","Url":"https://download-a.akamaihd.net/files/media_music/8f/iasnv4_RMC_16.mp3"},{"Title":"086-В Амаре верна пхења","Url":"https://download-a.akamaihd.net/files/media_music/2c/iasnv4_RMC_17.mp3"},{"Title":"131-В О Јехова спасинела пе народо","Url":"https://download-a.akamaihd.net/files/media_music/34/iasnv4_RMC_18.mp3"}]}