{"Title":"Sing to Jehovah—Vocal Renditions, Disc 4","Tracks":[{"Title":"102–В Певајмо песму Краљевства!","Url":"https://download-a.akamaihd.net/files/media_music/81/iasnv4_SB_001.mp3"},{"Title":"007–В Предање Богу","Url":"https://download-a.akamaihd.net/files/media_music/0b/iasnv4_SB_002.mp3"},{"Title":"066–В Служимо Јехови свом душом","Url":"https://download-a.akamaihd.net/files/media_music/39/iasnv4_SB_003.mp3"},{"Title":"003–В ’Бог је љубав‘","Url":"https://download-a.akamaihd.net/files/media_music/07/iasnv4_SB_004.mp3"},{"Title":"119–В Састанци нас крепе","Url":"https://download-a.akamaihd.net/files/media_music/4b/iasnv4_SB_005.mp3"},{"Title":"027–В Заузмимо Јеховину страну!","Url":"https://download-a.akamaihd.net/files/media_music/54/iasnv4_SB_006.mp3"},{"Title":"132–В Песма победе","Url":"https://download-a.akamaihd.net/files/media_music/c9/iasnv4_SB_007.mp3"},{"Title":"012–В Обећање вечног живота","Url":"https://download-a.akamaihd.net/files/media_music/e2/iasnv4_SB_008.mp3"},{"Title":"004–В Стецимо добро име код Бога","Url":"https://download-a.akamaihd.net/files/media_music/85/iasnv4_SB_009.mp3"},{"Title":"059–В Предани смо Богу","Url":"https://download-a.akamaihd.net/files/media_music/4f/iasnv4_SB_010.mp3"},{"Title":"022–В „Јехова је мој Пастир“","Url":"https://download-a.akamaihd.net/files/media_music/e0/iasnv4_SB_011.mp3"},{"Title":"073–В Волимо се жарко од срца","Url":"https://download-a.akamaihd.net/files/media_music/86/iasnv4_SB_012.mp3"},{"Title":"097–В Објавитељи Краљевства, напред!","Url":"https://download-a.akamaihd.net/files/media_music/06/iasnv4_SB_013.mp3"},{"Title":"029–В Ходити у беспрекорности","Url":"https://download-a.akamaihd.net/files/media_music/31/iasnv4_SB_014.mp3"},{"Title":"070–В ’Просудимо шта је најважније‘","Url":"https://download-a.akamaihd.net/files/media_music/b8/iasnv4_SB_015.mp3"},{"Title":"006–В Молитва Божјег слуге","Url":"https://download-a.akamaihd.net/files/media_music/c4/iasnv4_SB_016.mp3"},{"Title":"086–В Богобојазне жене","Url":"https://download-a.akamaihd.net/files/media_music/27/iasnv4_SB_017.mp3"},{"Title":"131–В Јехова је наш Избавитељ","Url":"https://download-a.akamaihd.net/files/media_music/66/iasnv4_SB_018.mp3"}]}