{"Title":"Sing to Jehovah—Vocal Renditions, Disc 4","Tracks":[{"Title":"102-V Să intonăm cântul Regatului!","Url":"https://download-a.akamaihd.net/files/media_music/4b/iasnv4_M_01.mp3"},{"Title":"007-V Dedicarea creștină","Url":"https://download-a.akamaihd.net/files/media_music/9c/iasnv4_M_02.mp3"},{"Title":"066-V Să-i slujim lui Iehova din tot sufletul","Url":"https://download-a.akamaihd.net/files/media_music/cb/iasnv4_M_03.mp3"},{"Title":"003-V „Dumnezeu este iubire“","Url":"https://download-a.akamaihd.net/files/media_music/c7/iasnv4_M_04.mp3"},{"Title":"119-V Veniți să primiți înviorare!","Url":"https://download-a.akamaihd.net/files/media_music/05/iasnv4_M_05.mp3"},{"Title":"027-V Stați de partea lui Iehova!","Url":"https://download-a.akamaihd.net/files/media_music/51/iasnv4_M_06.mp3"},{"Title":"132-V Cântul victoriei","Url":"https://download-a.akamaihd.net/files/media_music/25/iasnv4_M_07.mp3"},{"Title":"012-V Ni s-a promis viață veșnică!","Url":"https://download-a.akamaihd.net/files/media_music/d2/iasnv4_M_08.mp3"},{"Title":"004-V Să ne facem un nume bun la Dumnezeu","Url":"https://download-a.akamaihd.net/files/media_music/86/iasnv4_M_09.mp3"},{"Title":"059-V Îi suntem dedicați lui Dumnezeu!","Url":"https://download-a.akamaihd.net/files/media_music/f2/iasnv4_M_10.mp3"},{"Title":"022-V „Iehova este păstorul meu“","Url":"https://download-a.akamaihd.net/files/media_music/46/iasnv4_M_11.mp3"},{"Title":"073-V Să iubim din inimă!","Url":"https://download-a.akamaihd.net/files/media_music/a6/iasnv4_M_12.mp3"},{"Title":"097-V Stați fermi, slujitori ai Regatului!","Url":"https://download-a.akamaihd.net/files/media_music/cc/iasnv4_M_13.mp3"},{"Title":"029-V Voi umbla în integritate","Url":"https://download-a.akamaihd.net/files/media_music/4f/iasnv4_M_14.mp3"},{"Title":"070-V 'Să ne asigurăm de lucrurile mai importante'","Url":"https://download-a.akamaihd.net/files/media_music/24/iasnv4_M_15.mp3"},{"Title":"006-V Rugăciunea slujitorului lui Dumnezeu","Url":"https://download-a.akamaihd.net/files/media_music/2d/iasnv4_M_16.mp3"},{"Title":"086-V Surorile creștine sunt femei fidele","Url":"https://download-a.akamaihd.net/files/media_music/d3/iasnv4_M_17.mp3"},{"Title":"131-V Iehova ne salvează!","Url":"https://download-a.akamaihd.net/files/media_music/71/iasnv4_M_18.mp3"}]}