{"Title":"Kingdom Melodies, Volume 4","Tracks":[{"Title":"174","Url":"https://download-a.akamaihd.net/files/media_music/3e/iam-4_E_01.mp3"},{"Title":"7","Url":"https://download-a.akamaihd.net/files/media_music/b5/iam-4_E_02.mp3"},{"Title":"154","Url":"https://download-a.akamaihd.net/files/media_music/a8/iam-4_E_03.mp3"},{"Title":"43","Url":"https://download-a.akamaihd.net/files/media_music/1f/iam-4_E_04.mp3"},{"Title":"191","Url":"https://download-a.akamaihd.net/files/media_music/bb/iam-4_E_05.mp3"},{"Title":"181","Url":"https://download-a.akamaihd.net/files/media_music/6c/iam-4_E_06.mp3"},{"Title":"13","Url":"https://download-a.akamaihd.net/files/media_music/47/iam-4_E_07.mp3"},{"Title":"1","Url":"https://download-a.akamaihd.net/files/media_music/6a/iam-4_E_08.mp3"},{"Title":"169","Url":"https://download-a.akamaihd.net/files/media_music/e5/iam-4_E_09.mp3"},{"Title":"45","Url":"https://download-a.akamaihd.net/files/media_music/a0/iam-4_E_10.mp3"},{"Title":"126","Url":"https://download-a.akamaihd.net/files/media_music/f5/iam-4_E_11.mp3"},{"Title":"8","Url":"https://download-a.akamaihd.net/files/media_music/d7/iam-4_E_12.mp3"},{"Title":"100","Url":"https://download-a.akamaihd.net/files/media_music/38/iam-4_E_13.mp3"},{"Title":"155","Url":"https://download-a.akamaihd.net/files/media_music/8b/iam-4_E_14.mp3"},{"Title":"164","Url":"https://download-a.akamaihd.net/files/media_music/19/iam-4_E_15.mp3"},{"Title":"209","Url":"https://download-a.akamaihd.net/files/media_music/96/iam-4_E_16.mp3"},{"Title":"196","Url":"https://download-a.akamaihd.net/files/media_music/1f/iam-4_E_17.mp3"},{"Title":"61","Url":"https://download-a.akamaihd.net/files/media_music/2a/iam-4_E_18.mp3"}]}