{"Title":"Kingdom Melodies, Volume 1","Tracks":[{"Title":"195, 224","Url":"https://download-a.akamaihd.net/files/media_music/f4/iam-1_E_01.mp3"},{"Title":"51, 34","Url":"https://download-a.akamaihd.net/files/media_music/28/iam-1_E_02.mp3"},{"Title":"130","Url":"https://download-a.akamaihd.net/files/media_music/22/iam-1_E_03.mp3"},{"Title":"206, 151","Url":"https://download-a.akamaihd.net/files/media_music/23/iam-1_E_04.mp3"},{"Title":"222","Url":"https://download-a.akamaihd.net/files/media_music/7f/iam-1_E_05.mp3"},{"Title":"35, 212","Url":"https://download-a.akamaihd.net/files/media_music/80/iam-1_E_06.mp3"},{"Title":"79, 21","Url":"https://download-a.akamaihd.net/files/media_music/70/iam-1_E_07.mp3"},{"Title":"140, 113","Url":"https://download-a.akamaihd.net/files/media_music/36/iam-1_E_08.mp3"},{"Title":"182, 29","Url":"https://download-a.akamaihd.net/files/media_music/3a/iam-1_E_09.mp3"},{"Title":"88, 85","Url":"https://download-a.akamaihd.net/files/media_music/05/iam-1_E_10.mp3"},{"Title":"26, 59","Url":"https://download-a.akamaihd.net/files/media_music/41/iam-1_E_11.mp3"},{"Title":"89, 84","Url":"https://download-a.akamaihd.net/files/media_music/18/iam-1_E_12.mp3"}]}