{"Title":"Sing to Jehovah—Vocal Renditions, Disc 5","Tracks":[{"Title":"118-V Abrasaen so Sakey tan Sakey","Url":"https://download-a.akamaihd.net/files/media_music/57/iasnv5_PN_01.mp3"},{"Title":"052-V Salimbengan Moy Pusom","Url":"https://download-a.akamaihd.net/files/media_music/34/iasnv5_PN_02.mp3"},{"Title":"013-V Pisasalamat a Pikakasi","Url":"https://download-a.akamaihd.net/files/media_music/2b/iasnv5_PN_03.mp3"},{"Title":"043-V Mansiansian Aliing, Manpabiskeg","Url":"https://download-a.akamaihd.net/files/media_music/ba/iasnv5_PN_04.mp3"},{"Title":"041-V Dayewen si Jehova Legay Kalangweran","Url":"https://download-a.akamaihd.net/files/media_music/5a/iasnv5_PN_05.mp3"},{"Title":"018-V Matoor ya Aro na Dios","Url":"https://download-a.akamaihd.net/files/media_music/47/iasnv5_PN_06.mp3"},{"Title":"010-V ‘Wadia Ak! Ibaki Mo Ak’","Url":"https://download-a.akamaihd.net/files/media_music/7a/iasnv5_PN_07.mp3"},{"Title":"031-V Sikatayoy Tasi nen Jehova!","Url":"https://download-a.akamaihd.net/files/media_music/ff/iasnv5_PN_08.mp3"},{"Title":"005-V Si Kristo, Say Uliran Tayo","Url":"https://download-a.akamaihd.net/files/media_music/cc/iasnv5_PN_09.mp3"},{"Title":"016-V Ondapag ed Panarian na Dios!","Url":"https://download-a.akamaihd.net/files/media_music/45/iasnv5_PN_10.mp3"},{"Title":"053-V Mankimey a Mankakasakey","Url":"https://download-a.akamaihd.net/files/media_music/37/iasnv5_PN_11.mp3"},{"Title":"021-V Maliket so Mapangasi!","Url":"https://download-a.akamaihd.net/files/media_music/58/iasnv5_PN_12.mp3"},{"Title":"015-V Iglogloria na Saray Pinalsa si Jehova","Url":"https://download-a.akamaihd.net/files/media_music/81/iasnv5_PN_13.mp3"},{"Title":"035-V Pisasalamat ed Anos na Dios","Url":"https://download-a.akamaihd.net/files/media_music/61/iasnv5_PN_14.mp3"},{"Title":"009-V Idayew si Jehova a Dios Tayo!","Url":"https://download-a.akamaihd.net/files/media_music/d1/iasnv5_PN_15.mp3"},{"Title":"011-V Paliketen so Puso nen Jehova","Url":"https://download-a.akamaihd.net/files/media_music/32/iasnv5_PN_16.mp3"},{"Title":"023-V Jehova, Biskeg Mi","Url":"https://download-a.akamaihd.net/files/media_music/71/iasnv5_PN_17.mp3"},{"Title":"047-V Iyabawag so Maong a Balita","Url":"https://download-a.akamaihd.net/files/media_music/6a/iasnv5_PN_18.mp3"},{"Title":"067-V Manpikasi ed si Jehova a Naynay","Url":"https://download-a.akamaihd.net/files/media_music/39/iasnv5_PN_19.mp3"},{"Title":"051-V Mansiansia Tayo ed si Jehova","Url":"https://download-a.akamaihd.net/files/media_music/bb/iasnv5_PN_20.mp3"},{"Title":"002-V Misalamat Kami, Jehova","Url":"https://download-a.akamaihd.net/files/media_music/6c/iasnv5_PN_21.mp3"}]}