[{"BookNumber":15,"Name":"Ezra","TotalChapters":10,"Chapters":[{"Chapter":"Chapter 1","Url":"https://download-a.akamaihd.net/files/media_bible/87/nwt_15_Ezr_TAT_01.mp3"},{"Chapter":"Chapter 2","Url":"https://download-a.akamaihd.net/files/media_bible/65/nwt_15_Ezr_TAT_02.mp3"},{"Chapter":"Chapter 3","Url":"https://download-a.akamaihd.net/files/media_bible/26/nwt_15_Ezr_TAT_03.mp3"},{"Chapter":"Chapter 4","Url":"https://download-a.akamaihd.net/files/media_bible/47/nwt_15_Ezr_TAT_04.mp3"},{"Chapter":"Chapter 5","Url":"https://download-a.akamaihd.net/files/media_bible/7f/nwt_15_Ezr_TAT_05.mp3"},{"Chapter":"Chapter 6","Url":"https://download-a.akamaihd.net/files/media_bible/4d/nwt_15_Ezr_TAT_06.mp3"},{"Chapter":"Chapter 7","Url":"https://download-a.akamaihd.net/files/media_bible/d1/nwt_15_Ezr_TAT_07.mp3"},{"Chapter":"Chapter 8","Url":"https://download-a.akamaihd.net/files/media_bible/27/nwt_15_Ezr_TAT_08.mp3"},{"Chapter":"Chapter 9","Url":"https://download-a.akamaihd.net/files/media_bible/29/nwt_15_Ezr_TAT_09.mp3"},{"Chapter":"Chapter 10","Url":"https://download-a.akamaihd.net/files/media_bible/4c/nwt_15_Ezr_TAT_10.mp3"}]},{"BookNumber":16,"Name":"Nehemiah","TotalChapters":13,"Chapters":[{"Chapter":"Chapter 1","Url":"https://download-a.akamaihd.net/files/media_bible/b5/nwt_16_Ne_TAT_01.mp3"},{"Chapter":"Chapter 2","Url":"https://download-a.akamaihd.net/files/media_bible/27/nwt_16_Ne_TAT_02.mp3"},{"Chapter":"Chapter 3","Url":"https://download-a.akamaihd.net/files/media_bible/ca/nwt_16_Ne_TAT_03.mp3"},{"Chapter":"Chapter 4","Url":"https://download-a.akamaihd.net/files/media_bible/c1/nwt_16_Ne_TAT_04.mp3"},{"Chapter":"Chapter 5","Url":"https://download-a.akamaihd.net/files/media_bible/12/nwt_16_Ne_TAT_05.mp3"},{"Chapter":"Chapter 6","Url":"https://download-a.akamaihd.net/files/media_bible/66/nwt_16_Ne_TAT_06.mp3"},{"Chapter":"Chapter 7","Url":"https://download-a.akamaihd.net/files/media_bible/64/nwt_16_Ne_TAT_07.mp3"},{"Chapter":"Chapter 8","Url":"https://download-a.akamaihd.net/files/media_bible/a4/nwt_16_Ne_TAT_08.mp3"},{"Chapter":"Chapter 9","Url":"https://download-a.akamaihd.net/files/media_bible/b1/nwt_16_Ne_TAT_09.mp3"},{"Chapter":"Chapter 10","Url":"https://download-a.akamaihd.net/files/media_bible/58/nwt_16_Ne_TAT_10.mp3"},{"Chapter":"Chapter 11","Url":"https://download-a.akamaihd.net/files/media_bible/da/nwt_16_Ne_TAT_11.mp3"},{"Chapter":"Chapter 12","Url":"https://download-a.akamaihd.net/files/media_bible/82/nwt_16_Ne_TAT_12.mp3"},{"Chapter":"Chapter 13","Url":"https://download-a.akamaihd.net/files/media_bible/7b/nwt_16_Ne_TAT_13.mp3"}]},{"BookNumber":17,"Name":"Esther","TotalChapters":10,"Chapters":[{"Chapter":"Chapter 1","Url":"https://download-a.akamaihd.net/files/media_bible/5c/nwt_17_Es_TAT_01.mp3"},{"Chapter":"Chapter 2","Url":"https://download-a.akamaihd.net/files/media_bible/76/nwt_17_Es_TAT_02.mp3"},{"Chapter":"Chapter 3","Url":"https://download-a.akamaihd.net/files/media_bible/5f/nwt_17_Es_TAT_03.mp3"},{"Chapter":"Chapter 4","Url":"https://download-a.akamaihd.net/files/media_bible/ca/nwt_17_Es_TAT_04.mp3"},{"Chapter":"Chapter 5","Url":"https://download-a.akamaihd.net/files/media_bible/72/nwt_17_Es_TAT_05.mp3"},{"Chapter":"Chapter 6","Url":"https://download-a.akamaihd.net/files/media_bible/19/nwt_17_Es_TAT_06.mp3"},{"Chapter":"Chapter 7","Url":"https://download-a.akamaihd.net/files/media_bible/c1/nwt_17_Es_TAT_07.mp3"},{"Chapter":"Chapter 8","Url":"https://download-a.akamaihd.net/files/media_bible/5f/nwt_17_Es_TAT_08.mp3"},{"Chapter":"Chapter 9","Url":"https://download-a.akamaihd.net/files/media_bible/97/nwt_17_Es_TAT_09.mp3"},{"Chapter":"Chapter 10","Url":"https://download-a.akamaihd.net/files/media_bible/d1/nwt_17_Es_TAT_10.mp3"}]},{"BookNumber":18,"Name":"Job","TotalChapters":42,"Chapters":[{"Chapter":"Chapter 1","Url":"https://download-a.akamaihd.net/files/media_bible/2f/nwt_18_Job_TAT_01.mp3"},{"Chapter":"Chapter 2","Url":"https://download-a.akamaihd.net/files/media_bible/e9/nwt_18_Job_TAT_02.mp3"},{"Chapter":"Chapter 3","Url":"https://download-a.akamaihd.net/files/media_bible/0e/nwt_18_Job_TAT_03.mp3"},{"Chapter":"Chapter 4","Url":"https://download-a.akamaihd.net/files/media_bible/37/nwt_18_Job_TAT_04.mp3"},{"Chapter":"Chapter 5","Url":"https://download-a.akamaihd.net/files/media_bible/83/nwt_18_Job_TAT_05.mp3"},{"Chapter":"Chapter 6","Url":"https://download-a.akamaihd.net/files/media_bible/81/nwt_18_Job_TAT_06.mp3"},{"Chapter":"Chapter 7","Url":"https://download-a.akamaihd.net/files/media_bible/3f/nwt_18_Job_TAT_07.mp3"},{"Chapter":"Chapter 8","Url":"https://download-a.akamaihd.net/files/media_bible/a1/nwt_18_Job_TAT_08.mp3"},{"Chapter":"Chapter 9","Url":"https://download-a.akamaihd.net/files/media_bible/6d/nwt_18_Job_TAT_09.mp3"},{"Chapter":"Chapter 10","Url":"https://download-a.akamaihd.net/files/media_bible/fc/nwt_18_Job_TAT_10.mp3"},{"Chapter":"Chapter 11","Url":"https://download-a.akamaihd.net/files/media_bible/98/nwt_18_Job_TAT_11.mp3"},{"Chapter":"Chapter 12","Url":"https://download-a.akamaihd.net/files/media_bible/99/nwt_18_Job_TAT_12.mp3"},{"Chapter":"Chapter 13","Url":"https://download-a.akamaihd.net/files/media_bible/9c/nwt_18_Job_TAT_13.mp3"},{"Chapter":"Chapter 14","Url":"https://download-a.akamaihd.net/files/media_bible/1a/nwt_18_Job_TAT_14.mp3"},{"Chapter":"Chapter 15","Url":"https://download-a.akamaihd.net/files/media_bible/20/nwt_18_Job_TAT_15.mp3"},{"Chapter":"Chapter 16","Url":"https://download-a.akamaihd.net/files/media_bible/9e/nwt_18_Job_TAT_16.mp3"},{"Chapter":"Chapter 17","Url":"https://download-a.akamaihd.net/files/media_bible/b1/nwt_18_Job_TAT_17.mp3"},{"Chapter":"Chapter 18","Url":"https://download-a.akamaihd.net/files/media_bible/bc/nwt_18_Job_TAT_18.mp3"},{"Chapter":"Chapter 19","Url":"https://download-a.akamaihd.net/files/media_bible/24/nwt_18_Job_TAT_19.mp3"},{"Chapter":"Chapter 20","Url":"https://download-a.akamaihd.net/files/media_bible/5f/nwt_18_Job_TAT_20.mp3"},{"Chapter":"Chapter 21","Url":"https://download-a.akamaihd.net/files/media_bible/69/nwt_18_Job_TAT_21.mp3"},{"Chapter":"Chapter 22","Url":"https://download-a.akamaihd.net/files/media_bible/10/nwt_18_Job_TAT_22.mp3"},{"Chapter":"Chapter 23","Url":"https://download-a.akamaihd.net/files/media_bible/61/nwt_18_Job_TAT_23.mp3"},{"Chapter":"Chapter 24","Url":"https://download-a.akamaihd.net/files/media_bible/0c/nwt_18_Job_TAT_24.mp3"},{"Chapter":"Chapter 25","Url":"https://download-a.akamaihd.net/files/media_bible/b0/nwt_18_Job_TAT_25.mp3"},{"Chapter":"Chapter 26","Url":"https://download-a.akamaihd.net/files/media_bible/5c/nwt_18_Job_TAT_26.mp3"},{"Chapter":"Chapter 27","Url":"https://download-a.akamaihd.net/files/media_bible/e5/nwt_18_Job_TAT_27.mp3"},{"Chapter":"Chapter 28","Url":"https://download-a.akamaihd.net/files/media_bible/f8/nwt_18_Job_TAT_28.mp3"},{"Chapter":"Chapter 29","Url":"https://download-a.akamaihd.net/files/media_bible/63/nwt_18_Job_TAT_29.mp3"},{"Chapter":"Chapter 30","Url":"https://download-a.akamaihd.net/files/media_bible/9f/nwt_18_Job_TAT_30.mp3"},{"Chapter":"Chapter 31","Url":"https://download-a.akamaihd.net/files/media_bible/77/nwt_18_Job_TAT_31.mp3"},{"Chapter":"Chapter 32","Url":"https://download-a.akamaihd.net/files/media_bible/ac/nwt_18_Job_TAT_32.mp3"},{"Chapter":"Chapter 33","Url":"https://download-a.akamaihd.net/files/media_bible/17/nwt_18_Job_TAT_33.mp3"},{"Chapter":"Chapter 34","Url":"https://download-a.akamaihd.net/files/media_bible/6a/nwt_18_Job_TAT_34.mp3"},{"Chapter":"Chapter 35","Url":"https://download-a.akamaihd.net/files/media_bible/46/nwt_18_Job_TAT_35.mp3"},{"Chapter":"Chapter 36","Url":"https://download-a.akamaihd.net/files/media_bible/f9/nwt_18_Job_TAT_36.mp3"},{"Chapter":"Chapter 37","Url":"https://download-a.akamaihd.net/files/media_bible/e9/nwt_18_Job_TAT_37.mp3"},{"Chapter":"Chapter 38","Url":"https://download-a.akamaihd.net/files/media_bible/e0/nwt_18_Job_TAT_38.mp3"},{"Chapter":"Chapter 39","Url":"https://download-a.akamaihd.net/files/media_bible/79/nwt_18_Job_TAT_39.mp3"},{"Chapter":"Chapter 40","Url":"https://download-a.akamaihd.net/files/media_bible/9e/nwt_18_Job_TAT_40.mp3"},{"Chapter":"Chapter 41","Url":"https://download-a.akamaihd.net/files/media_bible/27/nwt_18_Job_TAT_41.mp3"},{"Chapter":"Chapter 42","Url":"https://download-a.akamaihd.net/files/media_bible/1f/nwt_18_Job_TAT_42.mp3"}]},{"BookNumber":20,"Name":"Proverbs","TotalChapters":31,"Chapters":[{"Chapter":"Chapter 1","Url":"https://download-a.akamaihd.net/files/media_bible/29/nwt_20_Pr_TAT_01.mp3"},{"Chapter":"Chapter 2","Url":"https://download-a.akamaihd.net/files/media_bible/ad/nwt_20_Pr_TAT_02.mp3"},{"Chapter":"Chapter 3","Url":"https://download-a.akamaihd.net/files/media_bible/a8/nwt_20_Pr_TAT_03.mp3"},{"Chapter":"Chapter 4","Url":"https://download-a.akamaihd.net/files/media_bible/dd/nwt_20_Pr_TAT_04.mp3"},{"Chapter":"Chapter 5","Url":"https://download-a.akamaihd.net/files/media_bible/44/nwt_20_Pr_TAT_05.mp3"},{"Chapter":"Chapter 6","Url":"https://download-a.akamaihd.net/files/media_bible/c4/nwt_20_Pr_TAT_06.mp3"},{"Chapter":"Chapter 7","Url":"https://download-a.akamaihd.net/files/media_bible/70/nwt_20_Pr_TAT_07.mp3"},{"Chapter":"Chapter 8","Url":"https://download-a.akamaihd.net/files/media_bible/52/nwt_20_Pr_TAT_08.mp3"},{"Chapter":"Chapter 9","Url":"https://download-a.akamaihd.net/files/media_bible/ab/nwt_20_Pr_TAT_09.mp3"},{"Chapter":"Chapter 10","Url":"https://download-a.akamaihd.net/files/media_bible/c3/nwt_20_Pr_TAT_10.mp3"},{"Chapter":"Chapter 11","Url":"https://download-a.akamaihd.net/files/media_bible/b9/nwt_20_Pr_TAT_11.mp3"},{"Chapter":"Chapter 12","Url":"https://download-a.akamaihd.net/files/media_bible/c2/nwt_20_Pr_TAT_12.mp3"},{"Chapter":"Chapter 13","Url":"https://download-a.akamaihd.net/files/media_bible/c4/nwt_20_Pr_TAT_13.mp3"},{"Chapter":"Chapter 14","Url":"https://download-a.akamaihd.net/files/media_bible/3d/nwt_20_Pr_TAT_14.mp3"},{"Chapter":"Chapter 15","Url":"https://download-a.akamaihd.net/files/media_bible/06/nwt_20_Pr_TAT_15.mp3"},{"Chapter":"Chapter 16","Url":"https://download-a.akamaihd.net/files/media_bible/c8/nwt_20_Pr_TAT_16.mp3"},{"Chapter":"Chapter 17","Url":"https://download-a.akamaihd.net/files/media_bible/ff/nwt_20_Pr_TAT_17.mp3"},{"Chapter":"Chapter 18","Url":"https://download-a.akamaihd.net/files/media_bible/50/nwt_20_Pr_TAT_18.mp3"},{"Chapter":"Chapter 19","Url":"https://download-a.akamaihd.net/files/media_bible/f6/nwt_20_Pr_TAT_19.mp3"},{"Chapter":"Chapter 20","Url":"https://download-a.akamaihd.net/files/media_bible/eb/nwt_20_Pr_TAT_20.mp3"},{"Chapter":"Chapter 21","Url":"https://download-a.akamaihd.net/files/media_bible/23/nwt_20_Pr_TAT_21.mp3"},{"Chapter":"Chapter 22","Url":"https://download-a.akamaihd.net/files/media_bible/fd/nwt_20_Pr_TAT_22.mp3"},{"Chapter":"Chapter 23","Url":"https://download-a.akamaihd.net/files/media_bible/34/nwt_20_Pr_TAT_23.mp3"},{"Chapter":"Chapter 24","Url":"https://download-a.akamaihd.net/files/media_bible/5a/nwt_20_Pr_TAT_24.mp3"},{"Chapter":"Chapter 25","Url":"https://download-a.akamaihd.net/files/media_bible/a6/nwt_20_Pr_TAT_25.mp3"},{"Chapter":"Chapter 26","Url":"https://download-a.akamaihd.net/files/media_bible/a7/nwt_20_Pr_TAT_26.mp3"},{"Chapter":"Chapter 27","Url":"https://download-a.akamaihd.net/files/media_bible/09/nwt_20_Pr_TAT_27.mp3"},{"Chapter":"Chapter 28","Url":"https://download-a.akamaihd.net/files/media_bible/b5/nwt_20_Pr_TAT_28.mp3"},{"Chapter":"Chapter 29","Url":"https://download-a.akamaihd.net/files/media_bible/52/nwt_20_Pr_TAT_29.mp3"},{"Chapter":"Chapter 30","Url":"https://download-a.akamaihd.net/files/media_bible/8c/nwt_20_Pr_TAT_30.mp3"},{"Chapter":"Chapter 31","Url":"https://download-a.akamaihd.net/files/media_bible/06/nwt_20_Pr_TAT_31.mp3"}]},{"BookNumber":21,"Name":"Ecclesiastes","TotalChapters":12,"Chapters":[{"Chapter":"Chapter 1","Url":"https://download-a.akamaihd.net/files/media_bible/41/nwt_21_Ec_TAT_01.mp3"},{"Chapter":"Chapter 2","Url":"https://download-a.akamaihd.net/files/media_bible/b3/nwt_21_Ec_TAT_02.mp3"},{"Chapter":"Chapter 3","Url":"https://download-a.akamaihd.net/files/media_bible/30/nwt_21_Ec_TAT_03.mp3"},{"Chapter":"Chapter 4","Url":"https://download-a.akamaihd.net/files/media_bible/d0/nwt_21_Ec_TAT_04.mp3"},{"Chapter":"Chapter 5","Url":"https://download-a.akamaihd.net/files/media_bible/97/nwt_21_Ec_TAT_05.mp3"},{"Chapter":"Chapter 6","Url":"https://download-a.akamaihd.net/files/media_bible/bc/nwt_21_Ec_TAT_06.mp3"},{"Chapter":"Chapter 7","Url":"https://download-a.akamaihd.net/files/media_bible/0f/nwt_21_Ec_TAT_07.mp3"},{"Chapter":"Chapter 8","Url":"https://download-a.akamaihd.net/files/media_bible/db/nwt_21_Ec_TAT_08.mp3"},{"Chapter":"Chapter 9","Url":"https://download-a.akamaihd.net/files/media_bible/1e/nwt_21_Ec_TAT_09.mp3"},{"Chapter":"Chapter 10","Url":"https://download-a.akamaihd.net/files/media_bible/bd/nwt_21_Ec_TAT_10.mp3"},{"Chapter":"Chapter 11","Url":"https://download-a.akamaihd.net/files/media_bible/be/nwt_21_Ec_TAT_11.mp3"},{"Chapter":"Chapter 12","Url":"https://download-a.akamaihd.net/files/media_bible/94/nwt_21_Ec_TAT_12.mp3"}]},{"BookNumber":22,"Name":"Song of Solomon (Canticles)","TotalChapters":8,"Chapters":[{"Chapter":"Chapter 1","Url":"https://download-a.akamaihd.net/files/media_bible/19/nwt_22_Ca_TAT_01.mp3"},{"Chapter":"Chapter 2","Url":"https://download-a.akamaihd.net/files/media_bible/1f/nwt_22_Ca_TAT_02.mp3"},{"Chapter":"Chapter 3","Url":"https://download-a.akamaihd.net/files/media_bible/4c/nwt_22_Ca_TAT_03.mp3"},{"Chapter":"Chapter 4","Url":"https://download-a.akamaihd.net/files/media_bible/e3/nwt_22_Ca_TAT_04.mp3"},{"Chapter":"Chapter 5","Url":"https://download-a.akamaihd.net/files/media_bible/91/nwt_22_Ca_TAT_05.mp3"},{"Chapter":"Chapter 6","Url":"https://download-a.akamaihd.net/files/media_bible/c3/nwt_22_Ca_TAT_06.mp3"},{"Chapter":"Chapter 7","Url":"https://download-a.akamaihd.net/files/media_bible/4a/nwt_22_Ca_TAT_07.mp3"},{"Chapter":"Chapter 8","Url":"https://download-a.akamaihd.net/files/media_bible/6d/nwt_22_Ca_TAT_08.mp3"}]},{"BookNumber":25,"Name":"Lamentations","TotalChapters":5,"Chapters":[{"Chapter":"Chapter 1","Url":"https://download-a.akamaihd.net/files/media_bible/5b/nwt_25_La_TAT_01.mp3"},{"Chapter":"Chapter 2","Url":"https://download-a.akamaihd.net/files/media_bible/da/nwt_25_La_TAT_02.mp3"},{"Chapter":"Chapter 3","Url":"https://download-a.akamaihd.net/files/media_bible/06/nwt_25_La_TAT_03.mp3"},{"Chapter":"Chapter 4","Url":"https://download-a.akamaihd.net/files/media_bible/15/nwt_25_La_TAT_04.mp3"},{"Chapter":"Chapter 5","Url":"https://download-a.akamaihd.net/files/media_bible/0a/nwt_25_La_TAT_05.mp3"}]},{"BookNumber":29,"Name":"Joel","TotalChapters":3,"Chapters":[{"Chapter":"Chapter 1","Url":"https://download-a.akamaihd.net/files/media_bible/11/nwt_29_Joe_TAT_01.mp3"},{"Chapter":"Chapter 2","Url":"https://download-a.akamaihd.net/files/media_bible/6f/nwt_29_Joe_TAT_02.mp3"},{"Chapter":"Chapter 3","Url":"https://download-a.akamaihd.net/files/media_bible/f7/nwt_29_Joe_TAT_03.mp3"}]},{"BookNumber":30,"Name":"Amos","TotalChapters":9,"Chapters":[{"Chapter":"Chapter 1","Url":"https://download-a.akamaihd.net/files/media_bible/1b/nwt_30_Am_TAT_01.mp3"},{"Chapter":"Chapter 2","Url":"https://download-a.akamaihd.net/files/media_bible/1e/nwt_30_Am_TAT_02.mp3"},{"Chapter":"Chapter 3","Url":"https://download-a.akamaihd.net/files/media_bible/5c/nwt_30_Am_TAT_03.mp3"},{"Chapter":"Chapter 4","Url":"https://download-a.akamaihd.net/files/media_bible/41/nwt_30_Am_TAT_04.mp3"},{"Chapter":"Chapter 5","Url":"https://download-a.akamaihd.net/files/media_bible/ec/nwt_30_Am_TAT_05.mp3"},{"Chapter":"Chapter 6","Url":"https://download-a.akamaihd.net/files/media_bible/50/nwt_30_Am_TAT_06.mp3"},{"Chapter":"Chapter 7","Url":"https://download-a.akamaihd.net/files/media_bible/11/nwt_30_Am_TAT_07.mp3"},{"Chapter":"Chapter 8","Url":"https://download-a.akamaihd.net/files/media_bible/cb/nwt_30_Am_TAT_08.mp3"},{"Chapter":"Chapter 9","Url":"https://download-a.akamaihd.net/files/media_bible/c8/nwt_30_Am_TAT_09.mp3"}]},{"BookNumber":31,"Name":"Obadiah","TotalChapters":1,"Chapters":[{"Chapter":"Chapter 1","Url":"https://download-a.akamaihd.net/files/media_bible/06/nwt_31_Ob_TAT_01.mp3"}]},{"BookNumber":32,"Name":"Jonah","TotalChapters":4,"Chapters":[{"Chapter":"Chapter 1","Url":"https://download-a.akamaihd.net/files/media_bible/32/nwt_32_Jon_TAT_01.mp3"},{"Chapter":"Chapter 2","Url":"https://download-a.akamaihd.net/files/media_bible/29/nwt_32_Jon_TAT_02.mp3"},{"Chapter":"Chapter 3","Url":"https://download-a.akamaihd.net/files/media_bible/7d/nwt_32_Jon_TAT_03.mp3"},{"Chapter":"Chapter 4","Url":"https://download-a.akamaihd.net/files/media_bible/f7/nwt_32_Jon_TAT_04.mp3"}]},{"BookNumber":34,"Name":"Nahum","TotalChapters":3,"Chapters":[{"Chapter":"Chapter 1","Url":"https://download-a.akamaihd.net/files/media_bible/d1/nwt_34_Na_TAT_01.mp3"},{"Chapter":"Chapter 2","Url":"https://download-a.akamaihd.net/files/media_bible/4b/nwt_34_Na_TAT_02.mp3"},{"Chapter":"Chapter 3","Url":"https://download-a.akamaihd.net/files/media_bible/cc/nwt_34_Na_TAT_03.mp3"}]},{"BookNumber":36,"Name":"Zephaniah","TotalChapters":3,"Chapters":[{"Chapter":"Chapter 1","Url":"https://download-a.akamaihd.net/files/media_bible/d8/nwt_36_Zep_TAT_01.mp3"},{"Chapter":"Chapter 2","Url":"https://download-a.akamaihd.net/files/media_bible/9f/nwt_36_Zep_TAT_02.mp3"},{"Chapter":"Chapter 3","Url":"https://download-a.akamaihd.net/files/media_bible/b0/nwt_36_Zep_TAT_03.mp3"}]},{"BookNumber":37,"Name":"Haggai","TotalChapters":2,"Chapters":[{"Chapter":"Chapter 1","Url":"https://download-a.akamaihd.net/files/media_bible/df/nwt_37_Hag_TAT_01.mp3"},{"Chapter":"Chapter 2","Url":"https://download-a.akamaihd.net/files/media_bible/8d/nwt_37_Hag_TAT_02.mp3"}]},{"BookNumber":38,"Name":"Zechariah","TotalChapters":14,"Chapters":[{"Chapter":"Chapter 1","Url":"https://download-a.akamaihd.net/files/media_bible/16/nwt_38_Zec_TAT_01.mp3"},{"Chapter":"Chapter 2","Url":"https://download-a.akamaihd.net/files/media_bible/dd/nwt_38_Zec_TAT_02.mp3"},{"Chapter":"Chapter 3","Url":"https://download-a.akamaihd.net/files/media_bible/ea/nwt_38_Zec_TAT_03.mp3"},{"Chapter":"Chapter 4","Url":"https://download-a.akamaihd.net/files/media_bible/f2/nwt_38_Zec_TAT_04.mp3"},{"Chapter":"Chapter 5","Url":"https://download-a.akamaihd.net/files/media_bible/14/nwt_38_Zec_TAT_05.mp3"},{"Chapter":"Chapter 6","Url":"https://download-a.akamaihd.net/files/media_bible/1a/nwt_38_Zec_TAT_06.mp3"},{"Chapter":"Chapter 7","Url":"https://download-a.akamaihd.net/files/media_bible/5e/nwt_38_Zec_TAT_07.mp3"},{"Chapter":"Chapter 8","Url":"https://download-a.akamaihd.net/files/media_bible/22/nwt_38_Zec_TAT_08.mp3"},{"Chapter":"Chapter 9","Url":"https://download-a.akamaihd.net/files/media_bible/55/nwt_38_Zec_TAT_09.mp3"},{"Chapter":"Chapter 10","Url":"https://download-a.akamaihd.net/files/media_bible/68/nwt_38_Zec_TAT_10.mp3"},{"Chapter":"Chapter 11","Url":"https://download-a.akamaihd.net/files/media_bible/36/nwt_38_Zec_TAT_11.mp3"},{"Chapter":"Chapter 12","Url":"https://download-a.akamaihd.net/files/media_bible/1a/nwt_38_Zec_TAT_12.mp3"},{"Chapter":"Chapter 13","Url":"https://download-a.akamaihd.net/files/media_bible/87/nwt_38_Zec_TAT_13.mp3"},{"Chapter":"Chapter 14","Url":"https://download-a.akamaihd.net/files/media_bible/69/nwt_38_Zec_TAT_14.mp3"}]},{"BookNumber":39,"Name":"Malachi","TotalChapters":4,"Chapters":[{"Chapter":"Chapter 1","Url":"https://download-a.akamaihd.net/files/media_bible/a3/nwt_39_Mal_TAT_01.mp3"},{"Chapter":"Chapter 2","Url":"https://download-a.akamaihd.net/files/media_bible/66/nwt_39_Mal_TAT_02.mp3"},{"Chapter":"Chapter 3","Url":"https://download-a.akamaihd.net/files/media_bible/07/nwt_39_Mal_TAT_03.mp3"},{"Chapter":"Chapter 4","Url":"https://download-a.akamaihd.net/files/media_bible/ca/nwt_39_Mal_TAT_04.mp3"}]},{"BookNumber":40,"Name":"Matthew","TotalChapters":28,"Chapters":[{"Chapter":"Chapter 1","Url":"https://download-a.akamaihd.net/files/media_bible/c9/nwt_40_Mt_TAT_01.mp3"},{"Chapter":"Chapter 2","Url":"https://download-a.akamaihd.net/files/media_bible/bc/nwt_40_Mt_TAT_02.mp3"},{"Chapter":"Chapter 3","Url":"https://download-a.akamaihd.net/files/media_bible/2e/nwt_40_Mt_TAT_03.mp3"},{"Chapter":"Chapter 4","Url":"https://download-a.akamaihd.net/files/media_bible/0d/nwt_40_Mt_TAT_04.mp3"},{"Chapter":"Chapter 5","Url":"https://download-a.akamaihd.net/files/media_bible/e9/nwt_40_Mt_TAT_05.mp3"},{"Chapter":"Chapter 6","Url":"https://download-a.akamaihd.net/files/media_bible/25/nwt_40_Mt_TAT_06.mp3"},{"Chapter":"Chapter 7","Url":"https://download-a.akamaihd.net/files/media_bible/f4/nwt_40_Mt_TAT_07.mp3"},{"Chapter":"Chapter 8","Url":"https://download-a.akamaihd.net/files/media_bible/e5/nwt_40_Mt_TAT_08.mp3"},{"Chapter":"Chapter 9","Url":"https://download-a.akamaihd.net/files/media_bible/15/nwt_40_Mt_TAT_09.mp3"},{"Chapter":"Chapter 10","Url":"https://download-a.akamaihd.net/files/media_bible/a5/nwt_40_Mt_TAT_10.mp3"},{"Chapter":"Chapter 11","Url":"https://download-a.akamaihd.net/files/media_bible/89/nwt_40_Mt_TAT_11.mp3"},{"Chapter":"Chapter 12","Url":"https://download-a.akamaihd.net/files/media_bible/40/nwt_40_Mt_TAT_12.mp3"},{"Chapter":"Chapter 13","Url":"https://download-a.akamaihd.net/files/media_bible/2d/nwt_40_Mt_TAT_13.mp3"},{"Chapter":"Chapter 14","Url":"https://download-a.akamaihd.net/files/media_bible/84/nwt_40_Mt_TAT_14.mp3"},{"Chapter":"Chapter 15","Url":"https://download-a.akamaihd.net/files/media_bible/90/nwt_40_Mt_TAT_15.mp3"},{"Chapter":"Chapter 16","Url":"https://download-a.akamaihd.net/files/media_bible/07/nwt_40_Mt_TAT_16.mp3"},{"Chapter":"Chapter 17","Url":"https://download-a.akamaihd.net/files/media_bible/23/nwt_40_Mt_TAT_17.mp3"},{"Chapter":"Chapter 18","Url":"https://download-a.akamaihd.net/files/media_bible/bd/nwt_40_Mt_TAT_18.mp3"},{"Chapter":"Chapter 19","Url":"https://download-a.akamaihd.net/files/media_bible/3e/nwt_40_Mt_TAT_19.mp3"},{"Chapter":"Chapter 20","Url":"https://download-a.akamaihd.net/files/media_bible/36/nwt_40_Mt_TAT_20.mp3"},{"Chapter":"Chapter 21","Url":"https://download-a.akamaihd.net/files/media_bible/51/nwt_40_Mt_TAT_21.mp3"},{"Chapter":"Chapter 22","Url":"https://download-a.akamaihd.net/files/media_bible/3b/nwt_40_Mt_TAT_22.mp3"},{"Chapter":"Chapter 23","Url":"https://download-a.akamaihd.net/files/media_bible/30/nwt_40_Mt_TAT_23.mp3"},{"Chapter":"Chapter 24","Url":"https://download-a.akamaihd.net/files/media_bible/fd/nwt_40_Mt_TAT_24.mp3"},{"Chapter":"Chapter 25","Url":"https://download-a.akamaihd.net/files/media_bible/0d/nwt_40_Mt_TAT_25.mp3"},{"Chapter":"Chapter 26","Url":"https://download-a.akamaihd.net/files/media_bible/c4/nwt_40_Mt_TAT_26.mp3"},{"Chapter":"Chapter 27","Url":"https://download-a.akamaihd.net/files/media_bible/b3/nwt_40_Mt_TAT_27.mp3"},{"Chapter":"Chapter 28","Url":"https://download-a.akamaihd.net/files/media_bible/39/nwt_40_Mt_TAT_28.mp3"}]},{"BookNumber":41,"Name":"Mark","TotalChapters":16,"Chapters":[{"Chapter":"Chapter 1","Url":"https://download-a.akamaihd.net/files/media_bible/4b/nwt_41_Mr_TAT_01.mp3"},{"Chapter":"Chapter 2","Url":"https://download-a.akamaihd.net/files/media_bible/d9/nwt_41_Mr_TAT_02.mp3"},{"Chapter":"Chapter 3","Url":"https://download-a.akamaihd.net/files/media_bible/88/nwt_41_Mr_TAT_03.mp3"},{"Chapter":"Chapter 4","Url":"https://download-a.akamaihd.net/files/media_bible/38/nwt_41_Mr_TAT_04.mp3"},{"Chapter":"Chapter 5","Url":"https://download-a.akamaihd.net/files/media_bible/30/nwt_41_Mr_TAT_05.mp3"},{"Chapter":"Chapter 6","Url":"https://download-a.akamaihd.net/files/media_bible/13/nwt_41_Mr_TAT_06.mp3"},{"Chapter":"Chapter 7","Url":"https://download-a.akamaihd.net/files/media_bible/3c/nwt_41_Mr_TAT_07.mp3"},{"Chapter":"Chapter 8","Url":"https://download-a.akamaihd.net/files/media_bible/2b/nwt_41_Mr_TAT_08.mp3"},{"Chapter":"Chapter 9","Url":"https://download-a.akamaihd.net/files/media_bible/60/nwt_41_Mr_TAT_09.mp3"},{"Chapter":"Chapter 10","Url":"https://download-a.akamaihd.net/files/media_bible/20/nwt_41_Mr_TAT_10.mp3"},{"Chapter":"Chapter 11","Url":"https://download-a.akamaihd.net/files/media_bible/80/nwt_41_Mr_TAT_11.mp3"},{"Chapter":"Chapter 12","Url":"https://download-a.akamaihd.net/files/media_bible/ad/nwt_41_Mr_TAT_12.mp3"},{"Chapter":"Chapter 13","Url":"https://download-a.akamaihd.net/files/media_bible/75/nwt_41_Mr_TAT_13.mp3"},{"Chapter":"Chapter 14","Url":"https://download-a.akamaihd.net/files/media_bible/00/nwt_41_Mr_TAT_14.mp3"},{"Chapter":"Chapter 15","Url":"https://download-a.akamaihd.net/files/media_bible/46/nwt_41_Mr_TAT_15.mp3"},{"Chapter":"Chapter 16","Url":"https://download-a.akamaihd.net/files/media_bible/3f/nwt_41_Mr_TAT_16.mp3"}]},{"BookNumber":42,"Name":"Luke","TotalChapters":24,"Chapters":[{"Chapter":"Chapter 1","Url":"https://download-a.akamaihd.net/files/media_bible/ab/nwt_42_Lu_TAT_01.mp3"},{"Chapter":"Chapter 2","Url":"https://download-a.akamaihd.net/files/media_bible/08/nwt_42_Lu_TAT_02.mp3"},{"Chapter":"Chapter 3","Url":"https://download-a.akamaihd.net/files/media_bible/c4/nwt_42_Lu_TAT_03.mp3"},{"Chapter":"Chapter 4","Url":"https://download-a.akamaihd.net/files/media_bible/a9/nwt_42_Lu_TAT_04.mp3"},{"Chapter":"Chapter 5","Url":"https://download-a.akamaihd.net/files/media_bible/0d/nwt_42_Lu_TAT_05.mp3"},{"Chapter":"Chapter 6","Url":"https://download-a.akamaihd.net/files/media_bible/d6/nwt_42_Lu_TAT_06.mp3"},{"Chapter":"Chapter 7","Url":"https://download-a.akamaihd.net/files/media_bible/8f/nwt_42_Lu_TAT_07.mp3"},{"Chapter":"Chapter 8","Url":"https://download-a.akamaihd.net/files/media_bible/c1/nwt_42_Lu_TAT_08.mp3"},{"Chapter":"Chapter 9","Url":"https://download-a.akamaihd.net/files/media_bible/27/nwt_42_Lu_TAT_09.mp3"},{"Chapter":"Chapter 10","Url":"https://download-a.akamaihd.net/files/media_bible/84/nwt_42_Lu_TAT_10.mp3"},{"Chapter":"Chapter 11","Url":"https://download-a.akamaihd.net/files/media_bible/d5/nwt_42_Lu_TAT_11.mp3"},{"Chapter":"Chapter 12","Url":"https://download-a.akamaihd.net/files/media_bible/47/nwt_42_Lu_TAT_12.mp3"},{"Chapter":"Chapter 13","Url":"https://download-a.akamaihd.net/files/media_bible/7b/nwt_42_Lu_TAT_13.mp3"},{"Chapter":"Chapter 14","Url":"https://download-a.akamaihd.net/files/media_bible/a1/nwt_42_Lu_TAT_14.mp3"},{"Chapter":"Chapter 15","Url":"https://download-a.akamaihd.net/files/media_bible/2f/nwt_42_Lu_TAT_15.mp3"},{"Chapter":"Chapter 16","Url":"https://download-a.akamaihd.net/files/media_bible/e6/nwt_42_Lu_TAT_16.mp3"},{"Chapter":"Chapter 17","Url":"https://download-a.akamaihd.net/files/media_bible/83/nwt_42_Lu_TAT_17.mp3"},{"Chapter":"Chapter 18","Url":"https://download-a.akamaihd.net/files/media_bible/cf/nwt_42_Lu_TAT_18.mp3"},{"Chapter":"Chapter 19","Url":"https://download-a.akamaihd.net/files/media_bible/8a/nwt_42_Lu_TAT_19.mp3"},{"Chapter":"Chapter 20","Url":"https://download-a.akamaihd.net/files/media_bible/19/nwt_42_Lu_TAT_20.mp3"},{"Chapter":"Chapter 21","Url":"https://download-a.akamaihd.net/files/media_bible/67/nwt_42_Lu_TAT_21.mp3"},{"Chapter":"Chapter 22","Url":"https://download-a.akamaihd.net/files/media_bible/16/nwt_42_Lu_TAT_22.mp3"},{"Chapter":"Chapter 23","Url":"https://download-a.akamaihd.net/files/media_bible/15/nwt_42_Lu_TAT_23.mp3"},{"Chapter":"Chapter 24","Url":"https://download-a.akamaihd.net/files/media_bible/d4/nwt_42_Lu_TAT_24.mp3"}]},{"BookNumber":43,"Name":"John","TotalChapters":21,"Chapters":[{"Chapter":"Chapter 1","Url":"https://download-a.akamaihd.net/files/media_bible/b7/nwt_43_Joh_TAT_01.mp3"},{"Chapter":"Chapter 2","Url":"https://download-a.akamaihd.net/files/media_bible/ee/nwt_43_Joh_TAT_02.mp3"},{"Chapter":"Chapter 3","Url":"https://download-a.akamaihd.net/files/media_bible/b9/nwt_43_Joh_TAT_03.mp3"},{"Chapter":"Chapter 4","Url":"https://download-a.akamaihd.net/files/media_bible/14/nwt_43_Joh_TAT_04.mp3"},{"Chapter":"Chapter 5","Url":"https://download-a.akamaihd.net/files/media_bible/b7/nwt_43_Joh_TAT_05.mp3"},{"Chapter":"Chapter 6","Url":"https://download-a.akamaihd.net/files/media_bible/50/nwt_43_Joh_TAT_06.mp3"},{"Chapter":"Chapter 7","Url":"https://download-a.akamaihd.net/files/media_bible/53/nwt_43_Joh_TAT_07.mp3"},{"Chapter":"Chapter 8","Url":"https://download-a.akamaihd.net/files/media_bible/fd/nwt_43_Joh_TAT_08.mp3"},{"Chapter":"Chapter 9","Url":"https://download-a.akamaihd.net/files/media_bible/b7/nwt_43_Joh_TAT_09.mp3"},{"Chapter":"Chapter 10","Url":"https://download-a.akamaihd.net/files/media_bible/aa/nwt_43_Joh_TAT_10.mp3"},{"Chapter":"Chapter 11","Url":"https://download-a.akamaihd.net/files/media_bible/fe/nwt_43_Joh_TAT_11.mp3"},{"Chapter":"Chapter 12","Url":"https://download-a.akamaihd.net/files/media_bible/bf/nwt_43_Joh_TAT_12.mp3"},{"Chapter":"Chapter 13","Url":"https://download-a.akamaihd.net/files/media_bible/45/nwt_43_Joh_TAT_13.mp3"},{"Chapter":"Chapter 14","Url":"https://download-a.akamaihd.net/files/media_bible/1f/nwt_43_Joh_TAT_14.mp3"},{"Chapter":"Chapter 15","Url":"https://download-a.akamaihd.net/files/media_bible/40/nwt_43_Joh_TAT_15.mp3"},{"Chapter":"Chapter 16","Url":"https://download-a.akamaihd.net/files/media_bible/38/nwt_43_Joh_TAT_16.mp3"},{"Chapter":"Chapter 17","Url":"https://download-a.akamaihd.net/files/media_bible/55/nwt_43_Joh_TAT_17.mp3"},{"Chapter":"Chapter 18","Url":"https://download-a.akamaihd.net/files/media_bible/f3/nwt_43_Joh_TAT_18.mp3"},{"Chapter":"Chapter 19","Url":"https://download-a.akamaihd.net/files/media_bible/ed/nwt_43_Joh_TAT_19.mp3"},{"Chapter":"Chapter 20","Url":"https://download-a.akamaihd.net/files/media_bible/47/nwt_43_Joh_TAT_20.mp3"},{"Chapter":"Chapter 21","Url":"https://download-a.akamaihd.net/files/media_bible/0c/nwt_43_Joh_TAT_21.mp3"}]},{"BookNumber":48,"Name":"Galatians","TotalChapters":6,"Chapters":[{"Chapter":"Chapter 1","Url":"https://download-a.akamaihd.net/files/media_bible/bf/nwt_48_Ga_TAT_01.mp3"},{"Chapter":"Chapter 2","Url":"https://download-a.akamaihd.net/files/media_bible/d3/nwt_48_Ga_TAT_02.mp3"},{"Chapter":"Chapter 3","Url":"https://download-a.akamaihd.net/files/media_bible/c3/nwt_48_Ga_TAT_03.mp3"},{"Chapter":"Chapter 4","Url":"https://download-a.akamaihd.net/files/media_bible/7c/nwt_48_Ga_TAT_04.mp3"},{"Chapter":"Chapter 5","Url":"https://download-a.akamaihd.net/files/media_bible/24/nwt_48_Ga_TAT_05.mp3"},{"Chapter":"Chapter 6","Url":"https://download-a.akamaihd.net/files/media_bible/34/nwt_48_Ga_TAT_06.mp3"}]},{"BookNumber":52,"Name":"1 Thessalonians","TotalChapters":5,"Chapters":[{"Chapter":"Chapter 1","Url":"https://download-a.akamaihd.net/files/media_bible/05/nwt_52_1Th_TAT_01.mp3"},{"Chapter":"Chapter 2","Url":"https://download-a.akamaihd.net/files/media_bible/e8/nwt_52_1Th_TAT_02.mp3"},{"Chapter":"Chapter 3","Url":"https://download-a.akamaihd.net/files/media_bible/f5/nwt_52_1Th_TAT_03.mp3"},{"Chapter":"Chapter 4","Url":"https://download-a.akamaihd.net/files/media_bible/93/nwt_52_1Th_TAT_04.mp3"},{"Chapter":"Chapter 5","Url":"https://download-a.akamaihd.net/files/media_bible/7f/nwt_52_1Th_TAT_05.mp3"}]},{"BookNumber":53,"Name":"2 Thessalonians","TotalChapters":3,"Chapters":[{"Chapter":"Chapter 1","Url":"https://download-a.akamaihd.net/files/media_bible/4e/nwt_53_2Th_TAT_01.mp3"},{"Chapter":"Chapter 2","Url":"https://download-a.akamaihd.net/files/media_bible/e4/nwt_53_2Th_TAT_02.mp3"},{"Chapter":"Chapter 3","Url":"https://download-a.akamaihd.net/files/media_bible/fd/nwt_53_2Th_TAT_03.mp3"}]},{"BookNumber":57,"Name":"Philemon","TotalChapters":1,"Chapters":[{"Chapter":"Chapter 1","Url":"https://download-a.akamaihd.net/files/media_bible/96/nwt_57_Phm_TAT_01.mp3"}]},{"BookNumber":65,"Name":"Jude","TotalChapters":1,"Chapters":[{"Chapter":"Chapter 1","Url":"https://download-a.akamaihd.net/files/media_bible/53/nwt_65_Jude_TAT_01.mp3"}]}]