{"Title":"Sing to Jehovah—Vocal Renditions, Disc 5","Tracks":[{"Title":"118-V Mikpritni njëri-tjetrin","Url":"https://download-a.akamaihd.net/files/media_music/e3/iasnv5_AL_01.mp3"},{"Title":"052-V Ruaj zemrën","Url":"https://download-a.akamaihd.net/files/media_music/31/iasnv5_AL_02.mp3"},{"Title":"013-V Lutja e falënderimit","Url":"https://download-a.akamaihd.net/files/media_music/9b/iasnv5_AL_03.mp3"},{"Title":"043-V Rri zgjuar, qëndro i patundur, bëhu i fuqishëm","Url":"https://download-a.akamaihd.net/files/media_music/cb/iasnv5_AL_04.mp3"},{"Title":"041-V Adhuro Jehovain në rininë tënde","Url":"https://download-a.akamaihd.net/files/media_music/1c/iasnv5_AL_05.mp3"},{"Title":"018-V Dashuria besnike e Perëndisë","Url":"https://download-a.akamaihd.net/files/media_music/0f/iasnv5_AL_06.mp3"},{"Title":"010-V Ja ku jam, mё dёrgo!","Url":"https://download-a.akamaihd.net/files/media_music/95/iasnv5_AL_07.mp3"},{"Title":"031-V Jemi Dëshmitarë të Jehovait!","Url":"https://download-a.akamaihd.net/files/media_music/16/iasnv5_AL_08.mp3"},{"Title":"005-V Krishti, shembulli ynë","Url":"https://download-a.akamaihd.net/files/media_music/2f/iasnv5_AL_09.mp3"},{"Title":"016-V Nxitoni drejt Mbretërisë së Perëndisë!","Url":"https://download-a.akamaihd.net/files/media_music/7f/iasnv5_AL_10.mp3"},{"Title":"053-V Të punojmë së bashku në unitet","Url":"https://download-a.akamaihd.net/files/media_music/67/iasnv5_AL_11.mp3"},{"Title":"021-V Lum të mëshirshmit!","Url":"https://download-a.akamaihd.net/files/media_music/82/iasnv5_AL_12.mp3"},{"Title":"015-V Krijimi zbulon lavdinë e Jehovait","Url":"https://download-a.akamaihd.net/files/media_music/83/iasnv5_AL_13.mp3"},{"Title":"035-V Mirënjohës për durimin hyjnor","Url":"https://download-a.akamaihd.net/files/media_music/b2/iasnv5_AL_14.mp3"},{"Title":"009-V Lёvdoni Jehovain, Perёndinё tonё!","Url":"https://download-a.akamaihd.net/files/media_music/e2/iasnv5_AL_15.mp3"},{"Title":"011-V T’i gëzojmë zemrën Jehovait","Url":"https://download-a.akamaihd.net/files/media_music/8f/iasnv5_AL_16.mp3"},{"Title":"023-V Jehovai, forca jonë","Url":"https://download-a.akamaihd.net/files/media_music/bc/iasnv5_AL_17.mp3"},{"Title":"047-V Të përhapim lajmin e mirë","Url":"https://download-a.akamaihd.net/files/media_music/e0/iasnv5_AL_18.mp3"},{"Title":"067-V Çdo ditë të lutem, o Jah!","Url":"https://download-a.akamaihd.net/files/media_music/bc/iasnv5_AL_19.mp3"},{"Title":"051-V Të lidhemi ngushtë me Jehovain","Url":"https://download-a.akamaihd.net/files/media_music/c1/iasnv5_AL_20.mp3"},{"Title":"002-V Të falënderojmë, o Jehova!","Url":"https://download-a.akamaihd.net/files/media_music/44/iasnv5_AL_21.mp3"}]}