{"Title":"Sing to Jehovah—Vocal Renditions, Disc 1","Tracks":[{"Title":"065-V “Nzila Yo Yai”","Url":"https://download-a.akamaihd.net/files/media_music/33/iasnv1_MK_001.mp3"},{"Title":"063-V Vanda Kwikama","Url":"https://download-a.akamaihd.net/files/media_music/ad/iasnv1_MK_002.mp3"},{"Title":"111-V Yandi Tabinga","Url":"https://download-a.akamaihd.net/files/media_music/b9/iasnv1_MK_003.mp3"},{"Title":"110-V Bisalu ya Kuyituka ya Nzambi","Url":"https://download-a.akamaihd.net/files/media_music/7b/iasnv1_MK_004.mp3"},{"Title":"075-V Bikuma ya Kyese na Beto","Url":"https://download-a.akamaihd.net/files/media_music/2f/iasnv1_MK_005.mp3"},{"Title":"087-V Ntangu Yai Beto Kele Muntu Mosi","Url":"https://download-a.akamaihd.net/files/media_music/aa/iasnv1_MK_006.mp3"},{"Title":"036-V “Yina ya Nzambi Me Vukisaka”","Url":"https://download-a.akamaihd.net/files/media_music/7f/iasnv1_MK_007.mp3"},{"Title":"045-V Kwendaka na Ntwala!","Url":"https://download-a.akamaihd.net/files/media_music/54/iasnv1_MK_008.mp3"},{"Title":"098-V Beno Kuna Nkeni ya Kimfumu","Url":"https://download-a.akamaihd.net/files/media_music/a8/iasnv1_MK_009.mp3"},{"Title":"084-V “Mono Mezola”","Url":"https://download-a.akamaihd.net/files/media_music/e8/iasnv1_MK_010.mp3"},{"Title":"092-V “Longa Nsangu”","Url":"https://download-a.akamaihd.net/files/media_music/10/iasnv1_MK_011.mp3"},{"Title":"109-V Beto Kembila Mwana-Ntete  ya Yehowa!","Url":"https://download-a.akamaihd.net/files/media_music/82/iasnv1_MK_012.mp3"},{"Title":"089-V Ndongisila ya Yehowa:  “Mwana na Mu, Vanda Mayele”","Url":"https://download-a.akamaihd.net/files/media_music/07/iasnv1_MK_013.mp3"},{"Title":"101-V Beto Zabisa Kyeleka  ya Kimfumu","Url":"https://download-a.akamaihd.net/files/media_music/8f/iasnv1_MK_014.mp3"},{"Title":"091-V Tata na Mono, Nzambi na Mono,  mpi Nduku na Mono","Url":"https://download-a.akamaihd.net/files/media_music/a6/iasnv1_MK_015.mp3"},{"Title":"090-V Kitoko ya Nsuki ya Mpembe","Url":"https://download-a.akamaihd.net/files/media_music/5f/iasnv1_MK_016.mp3"},{"Title":"134-V Kudimona Ntangu Bima  Yonso Tavanda ya Mpa","Url":"https://download-a.akamaihd.net/files/media_music/e3/iasnv1_MK_017.mp3"}]}