{"Title":"Sing to Jehovah—Vocal Renditions, Disc 1","Tracks":[{"Title":"065-V „Toto je tá cesta“","Url":"https://download-a.akamaihd.net/files/media_music/52/iasnv1_V_001.mp3"},{"Title":"063-V Vždy verne oddaní","Url":"https://download-a.akamaihd.net/files/media_music/80/iasnv1_V_002.mp3"},{"Title":"111-V On zavolá","Url":"https://download-a.akamaihd.net/files/media_music/e9/iasnv1_V_003.mp3"},{"Title":"110-V Božie obdivuhodné diela","Url":"https://download-a.akamaihd.net/files/media_music/ec/iasnv1_V_004.mp3"},{"Title":"075-V Naše dôvody na radosť","Url":"https://download-a.akamaihd.net/files/media_music/8a/iasnv1_V_005.mp3"},{"Title":"087-V Už jedno sme","Url":"https://download-a.akamaihd.net/files/media_music/32/iasnv1_V_006.mp3"},{"Title":"036-V Čo Boh spojil","Url":"https://download-a.akamaihd.net/files/media_music/8a/iasnv1_V_007.mp3"},{"Title":"045-V Stále vpred!","Url":"https://download-a.akamaihd.net/files/media_music/dc/iasnv1_V_008.mp3"},{"Title":"098-V Rozsievať semeno Kráľovstva","Url":"https://download-a.akamaihd.net/files/media_music/3c/iasnv1_V_009.mp3"},{"Title":"084-V „Chcem“","Url":"https://download-a.akamaihd.net/files/media_music/1f/iasnv1_V_010.mp3"},{"Title":"092-V „Zvestuj slovo!“","Url":"https://download-a.akamaihd.net/files/media_music/4d/iasnv1_V_011.mp3"},{"Title":"109-V Zdrav Jehovovho prvorodeného!","Url":"https://download-a.akamaihd.net/files/media_music/92/iasnv1_V_012.mp3"},{"Title":"089-V Jehovovo vrúcne nabádanie: „Buď múdry, syn môj“","Url":"https://download-a.akamaihd.net/files/media_music/64/iasnv1_V_013.mp3"},{"Title":"101-V Oznamovať pravdu o Božom Kráľovstve","Url":"https://download-a.akamaihd.net/files/media_music/07/iasnv1_V_014.mp3"},{"Title":"091-V Môj Boh — môj Otec a Priateľ","Url":"https://download-a.akamaihd.net/files/media_music/f2/iasnv1_V_015.mp3"},{"Title":"090-V Krása v šedinách","Url":"https://download-a.akamaihd.net/files/media_music/b9/iasnv1_V_016.mp3"},{"Title":"134-V Keď budú všetky veci nové","Url":"https://download-a.akamaihd.net/files/media_music/80/iasnv1_V_017.mp3"}]}