{"Title":"Sing to Jehovah—Vocal Renditions, Disc 3","Tracks":[{"Title":"046-V Iehova e Regele nostru!","Url":"https://download-a.akamaihd.net/files/media_music/eb/iasnv3_M_01.mp3"},{"Title":"103-V „Din casă în casă“","Url":"https://download-a.akamaihd.net/files/media_music/56/iasnv3_M_02.mp3"},{"Title":"077-V Să iertăm!","Url":"https://download-a.akamaihd.net/files/media_music/82/iasnv3_M_03.mp3"},{"Title":"062-V Tu cui îi aparții?","Url":"https://download-a.akamaihd.net/files/media_music/52/iasnv3_M_04.mp3"},{"Title":"014-V Toate lucrurile noi","Url":"https://download-a.akamaihd.net/files/media_music/0b/iasnv3_M_05.mp3"},{"Title":"114-V Cartea lui Dumnezeu — o comoară!","Url":"https://download-a.akamaihd.net/files/media_music/32/iasnv3_M_06.mp3"},{"Title":"120-V Să ascultăm ca să fim binecuvântați!","Url":"https://download-a.akamaihd.net/files/media_music/9d/iasnv3_M_07.mp3"},{"Title":"096-V Căutați-i pe cei merituoși","Url":"https://download-a.akamaihd.net/files/media_music/02/iasnv3_M_08.mp3"},{"Title":"054-V Trebuie să avem credință","Url":"https://download-a.akamaihd.net/files/media_music/8b/iasnv3_M_09.mp3"},{"Title":"083-V Avem nevoie de stăpânire de sine","Url":"https://download-a.akamaihd.net/files/media_music/9e/iasnv3_M_10.mp3"},{"Title":"126-V Am lucrat cu mult drag","Url":"https://download-a.akamaihd.net/files/media_music/bf/iasnv3_M_11.mp3"},{"Title":"125-V Să ne supunem loial ordinii teocratice","Url":"https://download-a.akamaihd.net/files/media_music/ae/iasnv3_M_12.mp3"},{"Title":"040-V Continuați să căutați mai întâi Regatul!","Url":"https://download-a.akamaihd.net/files/media_music/ad/iasnv3_M_13.mp3"},{"Title":"019-V Dumnezeu ne promite Paradisul","Url":"https://download-a.akamaihd.net/files/media_music/63/iasnv3_M_14.mp3"},{"Title":"056-V Pleacă-ți urechea la ruga mea!","Url":"https://download-a.akamaihd.net/files/media_music/f5/iasnv3_M_15.mp3"},{"Title":"127-V Un locaș pentru numele tău","Url":"https://download-a.akamaihd.net/files/media_music/7b/iasnv3_M_16.mp3"},{"Title":"106-V Să câștigăm prietenia lui Iehova!","Url":"https://download-a.akamaihd.net/files/media_music/4a/iasnv3_M_17.mp3"},{"Title":"133-V Căutați-l pe Dumnezeu și veți fi salvați!","Url":"https://download-a.akamaihd.net/files/media_music/e5/iasnv3_M_18.mp3"}]}