{"Title":"Sing to Jehovah—Vocal Renditions, Disc 1","Tracks":[{"Title":"065-V Eik šiuo keliu!","Url":"https://download-a.akamaihd.net/files/media_music/fc/iasnv1_L_001.mp3"},{"Title":"063-V Visada ištikimi","Url":"https://download-a.akamaihd.net/files/media_music/f0/iasnv1_L_002.mp3"},{"Title":"111-V Jis pašauks","Url":"https://download-a.akamaihd.net/files/media_music/69/iasnv1_L_003.mp3"},{"Title":"110-V Nuostabūs Dievo darbai","Url":"https://download-a.akamaihd.net/files/media_music/54/iasnv1_L_004.mp3"},{"Title":"075-V Linksmybė širdy karaliauja","Url":"https://download-a.akamaihd.net/files/media_music/f0/iasnv1_L_005.mp3"},{"Title":"087-V Mudu tapome viena","Url":"https://download-a.akamaihd.net/files/media_music/26/iasnv1_L_006.mp3"},{"Title":"036-V Ką Dievas sujungė","Url":"https://download-a.akamaihd.net/files/media_music/15/iasnv1_L_007.mp3"},{"Title":"045-V Vis pirmyn!","Url":"https://download-a.akamaihd.net/files/media_music/b3/iasnv1_L_008.mp3"},{"Title":"098-V Sėkime Karalystės sėklas","Url":"https://download-a.akamaihd.net/files/media_music/3d/iasnv1_L_009.mp3"},{"Title":"084-V „Noriu“","Url":"https://download-a.akamaihd.net/files/media_music/59/iasnv1_L_010.mp3"},{"Title":"092-V Žodį skelbk","Url":"https://download-a.akamaihd.net/files/media_music/e6/iasnv1_L_011.mp3"},{"Title":"109-V Kristui nusilenkim!","Url":"https://download-a.akamaihd.net/files/media_music/1b/iasnv1_L_012.mp3"},{"Title":"089-V „Būk išmintingas, mano sūnau“, — prašo Jehova","Url":"https://download-a.akamaihd.net/files/media_music/39/iasnv1_L_013.mp3"},{"Title":"101-V Kelias į tiesą","Url":"https://download-a.akamaihd.net/files/media_music/4c/iasnv1_L_014.mp3"},{"Title":"091-V Mano Tėvas, mano Dievas ir Draugas","Url":"https://download-a.akamaihd.net/files/media_music/64/iasnv1_L_015.mp3"},{"Title":"090-V Žili plaukai — gražus vainikas","Url":"https://download-a.akamaihd.net/files/media_music/af/iasnv1_L_016.mp3"},{"Title":"134-V Praverk duris į naująjį pasaulį","Url":"https://download-a.akamaihd.net/files/media_music/05/iasnv1_L_017.mp3"}]}