{"Title":"Sing to Jehovah—Vocal Renditions, Disc 4","Tracks":[{"Title":"102-V 齐唱王国之歌！","Url":"https://download-a.akamaihd.net/files/media_music/6c/iasnv4_CNS_01.mp3"},{"Title":"007-V 基督徒的献身","Url":"https://download-a.akamaihd.net/files/media_music/2d/iasnv4_CNS_02.mp3"},{"Title":"066-V 全心全意事奉耶和华","Url":"https://download-a.akamaihd.net/files/media_music/bf/iasnv4_CNS_03.mp3"},{"Title":"003-V “上帝就是爱”","Url":"https://download-a.akamaihd.net/files/media_music/61/iasnv4_CNS_04.mp3"},{"Title":"119-V 來吧！你必享安舒","Url":"https://download-a.akamaihd.net/files/media_music/cb/iasnv4_CNS_05.mp3"},{"Title":"027-V 拥护耶和华","Url":"https://download-a.akamaihd.net/files/media_music/2b/iasnv4_CNS_06.mp3"},{"Title":"132-V 胜利之歌","Url":"https://download-a.akamaihd.net/files/media_music/39/iasnv4_CNS_07.mp3"},{"Title":"012-V 上帝应许的永生","Url":"https://download-a.akamaihd.net/files/media_music/e4/iasnv4_CNS_08.mp3"},{"Title":"004-V 在上帝面前建立美名","Url":"https://download-a.akamaihd.net/files/media_music/fa/iasnv4_CNS_09.mp3"},{"Title":"059-V 我们献了身给上帝！","Url":"https://download-a.akamaihd.net/files/media_music/16/iasnv4_CNS_10.mp3"},{"Title":"022-V “耶和华是我的牧者”","Url":"https://download-a.akamaihd.net/files/media_music/74/iasnv4_CNS_11.mp3"},{"Title":"073-V 从心里热切地相爱","Url":"https://download-a.akamaihd.net/files/media_music/74/iasnv4_CNS_12.mp3"},{"Title":"097-V 王国传道员, 勇往向前！","Url":"https://download-a.akamaihd.net/files/media_music/60/iasnv4_CNS_13.mp3"},{"Title":"029-V 行事忠义","Url":"https://download-a.akamaihd.net/files/media_music/b4/iasnv4_CNS_14.mp3"},{"Title":"070-V “看清哪些事更为重要”","Url":"https://download-a.akamaihd.net/files/media_music/0e/iasnv4_CNS_15.mp3"},{"Title":"006-V 上帝仆人的祷告","Url":"https://download-a.akamaihd.net/files/media_music/bf/iasnv4_CNS_16.mp3"},{"Title":"086-V 忠信的妇女基督徒姊妹","Url":"https://download-a.akamaihd.net/files/media_music/3d/iasnv4_CNS_17.mp3"},{"Title":"131-V 耶和华是救人脱险的上帝","Url":"https://download-a.akamaihd.net/files/media_music/e8/iasnv4_CNS_18.mp3"}]}