{"Title":"Sing to Jehovah—Vocal Renditions, Disc 2","Tracks":[{"Title":"074-P Nsangaji ya Yehova","Url":"https://download-a.akamaihd.net/files/media_music/ac/iasnv2_KU_01.mp3"},{"Title":"095-P “Tompai Mumone’mba Yehova I Muyampe”","Url":"https://download-a.akamaihd.net/files/media_music/19/iasnv2_KU_02.mp3"},{"Title":"069-P Bandaije Mashinda Obe","Url":"https://download-a.akamaihd.net/files/media_music/65/iasnv2_KU_03.mp3"},{"Title":"130-P Kingelengele kya Būmi","Url":"https://download-a.akamaihd.net/files/media_music/a1/iasnv2_KU_04.mp3"},{"Title":"060-P Ukakukomeja","Url":"https://download-a.akamaihd.net/files/media_music/7f/iasnv2_KU_05.mp3"},{"Title":"107-P Iyai ku Lūlu lwa Yehova","Url":"https://download-a.akamaihd.net/files/media_music/4e/iasnv2_KU_06.mp3"},{"Title":"088-P Bana I Kilobekwa kya Kudi Leza","Url":"https://download-a.akamaihd.net/files/media_music/d6/iasnv2_KU_07.mp3"},{"Title":"081-P “Betuvudijijeko Lwitabijo”","Url":"https://download-a.akamaihd.net/files/media_music/05/iasnv2_KU_08.mp3"},{"Title":"058-P Lulombelo Lwami lwa Kwipāna","Url":"https://download-a.akamaihd.net/files/media_music/a3/iasnv2_KU_09.mp3"},{"Title":"108-P Tendelai Yehova pa Bulopwe Bwandi","Url":"https://download-a.akamaihd.net/files/media_music/c4/iasnv2_KU_10.mp3"},{"Title":"116-P Mwinya Wenda Weñenya Nakampata","Url":"https://download-a.akamaihd.net/files/media_music/1a/iasnv2_KU_11.mp3"},{"Title":"123-P Bakumbi—Byabuntu ku Bantu","Url":"https://download-a.akamaihd.net/files/media_music/ab/iasnv2_KU_12.mp3"},{"Title":"124-P Mwibatambulei na Kizaji","Url":"https://download-a.akamaihd.net/files/media_music/bd/iasnv2_KU_13.mp3"},{"Title":"061-P Mfwaninwe Kwikala Muntu wa Muswelo’ka?","Url":"https://download-a.akamaihd.net/files/media_music/d4/iasnv2_KU_14.mp3"},{"Title":"064-P Lama Bubine Abe Mwine","Url":"https://download-a.akamaihd.net/files/media_music/12/iasnv2_KU_15.mp3"},{"Title":"008-P Bidibwa bya ku Kyolwa bya Mfumwetu","Url":"https://download-a.akamaihd.net/files/media_music/54/iasnv2_KU_16.mp3"},{"Title":"068-P Lulombelo lwa Muntu Mwityepeje","Url":"https://download-a.akamaihd.net/files/media_music/6e/iasnv2_KU_17.mp3"},{"Title":"057-P Mifwatakanyo ya Mutyima Wami","Url":"https://download-a.akamaihd.net/files/media_music/ee/iasnv2_KU_18.mp3"},{"Title":"085-P Mpalo Mivule Itamba Kudi Yehova","Url":"https://download-a.akamaihd.net/files/media_music/a3/iasnv2_KU_19.mp3"}]}