{"Title":"Sing to Jehovah—Vocal Renditions, Disc 5","Tracks":[{"Title":"118-Z Vítejme se navzájem","Url":"https://download-a.akamaihd.net/files/media_music/b0/iasnv5_B_01.mp3"},{"Title":"052-Z Střež své srdce","Url":"https://download-a.akamaihd.net/files/media_music/fa/iasnv5_B_02.mp3"},{"Title":"013-Z Modlitba díkůvzdání","Url":"https://download-a.akamaihd.net/files/media_music/ba/iasnv5_B_03.mp3"},{"Title":"043-Z Buďme bdělí, zůstaňme pevní","Url":"https://download-a.akamaihd.net/files/media_music/1c/iasnv5_B_04.mp3"},{"Title":"041-Z Mladí, uctívejte Jehovu","Url":"https://download-a.akamaihd.net/files/media_music/d7/iasnv5_B_05.mp3"},{"Title":"018-Z Boží věrná láska","Url":"https://download-a.akamaihd.net/files/media_music/ff/iasnv5_B_06.mp3"},{"Title":"010-Z ‚Zde jsem! Pošli mne.‘","Url":"https://download-a.akamaihd.net/files/media_music/23/iasnv5_B_07.mp3"},{"Title":"031-Z Jsme Jehovovi svědkové!","Url":"https://download-a.akamaihd.net/files/media_music/06/iasnv5_B_08.mp3"},{"Title":"005-Z Kristus je náš vzor","Url":"https://download-a.akamaihd.net/files/media_music/dc/iasnv5_B_09.mp3"},{"Title":"016-Z Vlož důvěru v Boží Království!","Url":"https://download-a.akamaihd.net/files/media_music/53/iasnv5_B_10.mp3"},{"Title":"053-Z Služme Bohu v jednotě","Url":"https://download-a.akamaihd.net/files/media_music/53/iasnv5_B_11.mp3"},{"Title":"021-Z Šťastní jsou milosrdní","Url":"https://download-a.akamaihd.net/files/media_music/bc/iasnv5_B_12.mp3"},{"Title":"015-Z Stvoření odhaluje Jehovovu slávu","Url":"https://download-a.akamaihd.net/files/media_music/5c/iasnv5_B_13.mp3"},{"Title":"035-Z Jsme vděční za Boží trpělivost","Url":"https://download-a.akamaihd.net/files/media_music/8f/iasnv5_B_14.mp3"},{"Title":"009-Z Chvalme Jehovu, našeho Boha!","Url":"https://download-a.akamaihd.net/files/media_music/6c/iasnv5_B_15.mp3"},{"Title":"011-Z Rozradostňujme Jehovovo srdce","Url":"https://download-a.akamaihd.net/files/media_music/4b/iasnv5_B_16.mp3"},{"Title":"023-Z Jehova nám dává sílu","Url":"https://download-a.akamaihd.net/files/media_music/4e/iasnv5_B_17.mp3"},{"Title":"047-Z Oznamujme dobrou zprávu","Url":"https://download-a.akamaihd.net/files/media_music/ba/iasnv5_B_18.mp3"},{"Title":"067-Z Modli se k Jehovovi","Url":"https://download-a.akamaihd.net/files/media_music/5f/iasnv5_B_19.mp3"},{"Title":"051-Z Toužíme být v blízkosti Jehovy","Url":"https://download-a.akamaihd.net/files/media_music/c9/iasnv5_B_20.mp3"},{"Title":"002-Z Děkujeme ti, Jehovo","Url":"https://download-a.akamaihd.net/files/media_music/10/iasnv5_B_21.mp3"}]}