{"Title":"Sing to Jehovah—Vocal Renditions, Disc 4","Tracks":[{"Title":"102-C Canta la canción del Reino","Url":"https://download-a.akamaihd.net/files/media_music/6b/iasnv4_S_01.mp3"},{"Title":"007-C Dedicación cristiana","Url":"https://download-a.akamaihd.net/files/media_music/33/iasnv4_S_02.mp3"},{"Title":"066-C Serviré a Jehová de todo corazón","Url":"https://download-a.akamaihd.net/files/media_music/c4/iasnv4_S_03.mp3"},{"Title":"003-C “Dios es amor”","Url":"https://download-a.akamaihd.net/files/media_music/b7/iasnv4_S_04.mp3"},{"Title":"119-C Ven a recibir ánimo","Url":"https://download-a.akamaihd.net/files/media_music/78/iasnv4_S_05.mp3"},{"Title":"027-C ¡Ponte del lado de Jehová!","Url":"https://download-a.akamaihd.net/files/media_music/a8/iasnv4_S_06.mp3"},{"Title":"132-C Canción de victoria","Url":"https://download-a.akamaihd.net/files/media_music/33/iasnv4_S_07.mp3"},{"Title":"012-C La promesa de vida eterna","Url":"https://download-a.akamaihd.net/files/media_music/5f/iasnv4_S_08.mp3"},{"Title":"004-C Un buen nombre ante Dios","Url":"https://download-a.akamaihd.net/files/media_music/4f/iasnv4_S_09.mp3"},{"Title":"059-C Dedicados a Dios","Url":"https://download-a.akamaihd.net/files/media_music/35/iasnv4_S_10.mp3"},{"Title":"022-C “Jehová es mi Pastor”","Url":"https://download-a.akamaihd.net/files/media_music/e5/iasnv4_S_11.mp3"},{"Title":"073-C Amémonos de todo corazón","Url":"https://download-a.akamaihd.net/files/media_music/38/iasnv4_S_12.mp3"},{"Title":"097-C ¡Adelante, ministros del Reino!","Url":"https://download-a.akamaihd.net/files/media_music/1a/iasnv4_S_13.mp3"},{"Title":"029-C Andaré en mi integridad","Url":"https://download-a.akamaihd.net/files/media_music/48/iasnv4_S_14.mp3"},{"Title":"070-C Asegúrate de lo más importante","Url":"https://download-a.akamaihd.net/files/media_music/30/iasnv4_S_15.mp3"},{"Title":"006-C La oración del siervo de Dios","Url":"https://download-a.akamaihd.net/files/media_music/96/iasnv4_S_16.mp3"},{"Title":"086-C Fieles siervas de Dios","Url":"https://download-a.akamaihd.net/files/media_music/8c/iasnv4_S_17.mp3"},{"Title":"131-C Jehová es mi Roca de salvación","Url":"https://download-a.akamaihd.net/files/media_music/ca/iasnv4_S_18.mp3"}]}