{"Title":"Sing to Jehovah—Vocal Renditions, Disc 5","Tracks":[{"Title":"118-V Abrasaenyo ti Maysa ken Maysa","Url":"https://download-a.akamaihd.net/files/media_music/18/iasnv5_IL_01.mp3"},{"Title":"052-V Saluadam ti Pusom","Url":"https://download-a.akamaihd.net/files/media_music/9a/iasnv5_IL_02.mp3"},{"Title":"013-V Kararag ti Panagyaman","Url":"https://download-a.akamaihd.net/files/media_music/83/iasnv5_IL_03.mp3"},{"Title":"043-V Agtalinaed a Nasalukag, Agtakder a Sititibker, Bumileg","Url":"https://download-a.akamaihd.net/files/media_music/ea/iasnv5_IL_04.mp3"},{"Title":"041-V Dayawem ni Jehova Bayat ti Kinaagtutubom","Url":"https://download-a.akamaihd.net/files/media_music/2d/iasnv5_IL_05.mp3"},{"Title":"018-V Nasungdo nga Ayat ti Dios","Url":"https://download-a.akamaihd.net/files/media_music/1b/iasnv5_IL_06.mp3"},{"Title":"010-V \"Adtoyak! Ibaonnak”","Url":"https://download-a.akamaihd.net/files/media_music/45/iasnv5_IL_07.mp3"},{"Title":"031-V Saksinatayo ni Jehova!","Url":"https://download-a.akamaihd.net/files/media_music/e2/iasnv5_IL_08.mp3"},{"Title":"005-V Ni Kristo nga Ulidantayo","Url":"https://download-a.akamaihd.net/files/media_music/48/iasnv5_IL_09.mp3"},{"Title":"016-V Agkamangkayo iti Pagarian ti Dios!","Url":"https://download-a.akamaihd.net/files/media_music/ac/iasnv5_IL_10.mp3"},{"Title":"053-V Panagtrabaho a Sangsangkatunos","Url":"https://download-a.akamaihd.net/files/media_music/04/iasnv5_IL_11.mp3"},{"Title":"021-V Naragsak Dagiti Naasi!","Url":"https://download-a.akamaihd.net/files/media_music/a1/iasnv5_IL_12.mp3"},{"Title":"015-V Ipalgak ti Sangaparsuaan ti Dayag ni Jehova","Url":"https://download-a.akamaihd.net/files/media_music/33/iasnv5_IL_13.mp3"},{"Title":"035-V Panagyaman iti Kinaanus ti Dios","Url":"https://download-a.akamaihd.net/files/media_music/13/iasnv5_IL_14.mp3"},{"Title":"009-V Idayawtayo ni Jehova a Diostayo!","Url":"https://download-a.akamaihd.net/files/media_music/13/iasnv5_IL_15.mp3"},{"Title":"011-V Panangparagsak iti Puso ni Jehova","Url":"https://download-a.akamaihd.net/files/media_music/d5/iasnv5_IL_16.mp3"},{"Title":"023-V Jehova, Sika ti Pigsami","Url":"https://download-a.akamaihd.net/files/media_music/c4/iasnv5_IL_17.mp3"},{"Title":"047-V Ikasaba ti Naimbag a Damag","Url":"https://download-a.akamaihd.net/files/media_music/f9/iasnv5_IL_18.mp3"},{"Title":"067-V Inaldaw nga Agkararagka ken Jehova","Url":"https://download-a.akamaihd.net/files/media_music/af/iasnv5_IL_19.mp3"},{"Title":"051-V Kumpettayo ken Jehova","Url":"https://download-a.akamaihd.net/files/media_music/3a/iasnv5_IL_20.mp3"},{"Title":"002-V Agyamankami Kenka, Jehova","Url":"https://download-a.akamaihd.net/files/media_music/c2/iasnv5_IL_21.mp3"}]}