{"Title":"Sing to Jehovah—Vocal Renditions, Disc 2","Tracks":[{"Title":"074–В Радостта от Йехова","Url":"https://download-a.akamaihd.net/files/media_music/82/iasnv2_BL_001.mp3"},{"Title":"095–В „Опитайте и вижте, че Йехова е добър“","Url":"https://download-a.akamaihd.net/files/media_music/fe/iasnv2_BL_002.mp3"},{"Title":"069–В Позволи ми да опозная пътищата ти","Url":"https://download-a.akamaihd.net/files/media_music/95/iasnv2_BL_003.mp3"},{"Title":"130–В Чудесният дар на живота","Url":"https://download-a.akamaihd.net/files/media_music/7e/iasnv2_BL_004.mp3"},{"Title":"060–В С Бога си силен и непоколебим","Url":"https://download-a.akamaihd.net/files/media_music/77/iasnv2_BL_005.mp3"},{"Title":"107–В Елате на планината на Йехова","Url":"https://download-a.akamaihd.net/files/media_music/6c/iasnv2_BL_006.mp3"},{"Title":"088–В Децата са наследство от Йехова","Url":"https://download-a.akamaihd.net/files/media_music/42/iasnv2_BL_007.mp3"},{"Title":"081–В „Дай ни още вяра“","Url":"https://download-a.akamaihd.net/files/media_music/ea/iasnv2_BL_008.mp3"},{"Title":"058–В Молитва за отдаване на Бога","Url":"https://download-a.akamaihd.net/files/media_music/c8/iasnv2_BL_009.mp3"},{"Title":"108–В Да славим Йехова за Царството му","Url":"https://download-a.akamaihd.net/files/media_music/bc/iasnv2_BL_010.mp3"},{"Title":"116–В Светлината става по–ярка","Url":"https://download-a.akamaihd.net/files/media_music/c7/iasnv2_BL_011.mp3"},{"Title":"123–В Пастирите — „дарове във вид на хора“","Url":"https://download-a.akamaihd.net/files/media_music/1a/iasnv2_BL_012.mp3"},{"Title":"124–В Проявявай гостоприемство","Url":"https://download-a.akamaihd.net/files/media_music/56/iasnv2_BL_013.mp3"},{"Title":"061–В Какъв човек трябва да бъда?","Url":"https://download-a.akamaihd.net/files/media_music/5b/iasnv2_BL_014.mp3"},{"Title":"064–В Живей според истината","Url":"https://download-a.akamaihd.net/files/media_music/82/iasnv2_BL_015.mp3"},{"Title":"008–В Вечерята на Господаря","Url":"https://download-a.akamaihd.net/files/media_music/32/iasnv2_BL_016.mp3"},{"Title":"068–В Молитва на съкрушения","Url":"https://download-a.akamaihd.net/files/media_music/86/iasnv2_BL_017.mp3"},{"Title":"057–В Размишленията на сърцето ми","Url":"https://download-a.akamaihd.net/files/media_music/90/iasnv2_BL_018.mp3"},{"Title":"085–В Йехова ще те възнагради","Url":"https://download-a.akamaihd.net/files/media_music/3d/iasnv2_BL_019.mp3"}]}