{"Title":"Sing to Jehovah—Vocal Renditions, Disc 1","Tracks":[{"Title":"065-V “Saya so Dalan”","Url":"https://download-a.akamaihd.net/files/media_music/7f/iasnv1_PN_01.mp3"},{"Title":"063-V Lawas Matoor","Url":"https://download-a.akamaihd.net/files/media_music/e2/iasnv1_PN_02.mp3"},{"Title":"111-V Sikatoy Ontawag","Url":"https://download-a.akamaihd.net/files/media_music/9b/iasnv1_PN_03.mp3"},{"Title":"110-V Saray Makapakelaw a Kimey na Dios","Url":"https://download-a.akamaihd.net/files/media_music/50/iasnv1_PN_04.mp3"},{"Title":"075-V Saray Rason Pian Manliket","Url":"https://download-a.akamaihd.net/files/media_music/21/iasnv1_PN_05.mp3"},{"Title":"087-V Saksakey Ta La Natan","Url":"https://download-a.akamaihd.net/files/media_music/b6/iasnv1_PN_06.mp3"},{"Title":"036-V “Say Impankasakey na Dios”","Url":"https://download-a.akamaihd.net/files/media_music/ad/iasnv1_PN_07.mp3"},{"Title":"045-V Mantultuloy!","Url":"https://download-a.akamaihd.net/files/media_music/71/iasnv1_PN_08.mp3"},{"Title":"098-V Pangitanem ed Bini na Panarian","Url":"https://download-a.akamaihd.net/files/media_music/fd/iasnv1_PN_09.mp3"},{"Title":"084-V “Labay Ko”","Url":"https://download-a.akamaihd.net/files/media_music/2a/iasnv1_PN_10.mp3"},{"Title":"092-V ‘Ipulong so Salita’","Url":"https://download-a.akamaihd.net/files/media_music/13/iasnv1_PN_11.mp3"},{"Title":"109-V Itandoro so Panguloan nen Jehova!","Url":"https://download-a.akamaihd.net/files/media_music/f5/iasnv1_PN_12.mp3"},{"Title":"089-V Maaron Bilin nen Jehova: ‘Onkabat Ka, Ana’ko’","Url":"https://download-a.akamaihd.net/files/media_music/cd/iasnv1_PN_13.mp3"},{"Title":"101-V Ipakabat so Katuaan na Panarian","Url":"https://download-a.akamaihd.net/files/media_music/81/iasnv1_PN_14.mp3"},{"Title":"091-V Amak, Dios Ko tan Kaarok","Url":"https://download-a.akamaihd.net/files/media_music/78/iasnv1_PN_15.mp3"},{"Title":"090-V Karakpan na Ubanan ya Ulo","Url":"https://download-a.akamaihd.net/files/media_music/48/iasnv1_PN_16.mp3"},{"Title":"134-V Isip Mon Wadman Ka Sano Balo Lan Amin","Url":"https://download-a.akamaihd.net/files/media_music/2f/iasnv1_PN_17.mp3"}]}