{"Title":"Sing to Jehovah—Vocal Renditions, Disc 2","Tracks":[{"Title":"074-V An Kalipay ni Jehova","Url":"https://download-a.akamaihd.net/files/media_music/c5/iasnv2_SA_01.mp3"},{"Title":"095-V “Tilawi Niyo Ngan Kitaa nga hi Jehova Maopay”","Url":"https://download-a.akamaihd.net/files/media_music/f5/iasnv2_SA_02.mp3"},{"Title":"069-V Tutdui Ako han Imo mga Dalan","Url":"https://download-a.akamaihd.net/files/media_music/8e/iasnv2_SA_03.mp3"},{"Title":"130-V An Milagro nga Kinabuhi","Url":"https://download-a.akamaihd.net/files/media_music/90/iasnv2_SA_04.mp3"},{"Title":"060-V Papakusgon Ka Niya","Url":"https://download-a.akamaihd.net/files/media_music/53/iasnv2_SA_05.mp3"},{"Title":"107-V Sagka ha Bukid ni Jehova","Url":"https://download-a.akamaihd.net/files/media_music/f4/iasnv2_SA_06.mp3"},{"Title":"088-V An mga Anak Igintapod ha mga Kag-anak","Url":"https://download-a.akamaihd.net/files/media_music/c5/iasnv2_SA_07.mp3"},{"Title":"081-V “Dugangi an Amon Pagtoo”","Url":"https://download-a.akamaihd.net/files/media_music/53/iasnv2_SA_08.mp3"},{"Title":"058-V An Akon Pag-ampo ha Pagdedikar","Url":"https://download-a.akamaihd.net/files/media_music/fc/iasnv2_SA_09.mp3"},{"Title":"108-V Dayawa hi Jehova Tungod han Iya Ginhadian","Url":"https://download-a.akamaihd.net/files/media_music/5a/iasnv2_SA_10.mp3"},{"Title":"116-V An Kapawa Nagtitikalamrag","Url":"https://download-a.akamaihd.net/files/media_music/e8/iasnv2_SA_11.mp3"},{"Title":"123-V Mga Paramangno—Regalo nga Kalalakin-an","Url":"https://download-a.akamaihd.net/files/media_music/54/iasnv2_SA_12.mp3"},{"Title":"124-V Abiabiha Hira","Url":"https://download-a.akamaihd.net/files/media_music/58/iasnv2_SA_13.mp3"},{"Title":"061-V Kon Ano an Akon Sadang Magin Pagkatawo","Url":"https://download-a.akamaihd.net/files/media_music/c5/iasnv2_SA_14.mp3"},{"Title":"064-V Magkinabuhi Uyon ha Kamatuoran","Url":"https://download-a.akamaihd.net/files/media_music/b0/iasnv2_SA_15.mp3"},{"Title":"008-V An Panihapon han Ginoo","Url":"https://download-a.akamaihd.net/files/media_music/c7/iasnv2_SA_16.mp3"},{"Title":"068-V Pag-ampo han mga Ubos","Url":"https://download-a.akamaihd.net/files/media_music/5e/iasnv2_SA_17.mp3"},{"Title":"057-V An Akon Ginpapamalandong","Url":"https://download-a.akamaihd.net/files/media_music/cc/iasnv2_SA_18.mp3"},{"Title":"085-V Hingpit nga Bendisyon ni Jehova","Url":"https://download-a.akamaihd.net/files/media_music/17/iasnv2_SA_19.mp3"}]}