{"Title":"Sing to Jehovah—Vocal Renditions, Disc 4","Tracks":[{"Title":"102-Z Připoj se k písni o Království","Url":"https://download-a.akamaihd.net/files/media_music/83/iasnv4_B_01.mp3"},{"Title":"007-Z Jsme zasvěcení křesťané","Url":"https://download-a.akamaihd.net/files/media_music/29/iasnv4_B_02.mp3"},{"Title":"066-Z Služ Jehovovi celou duší","Url":"https://download-a.akamaihd.net/files/media_music/94/iasnv4_B_03.mp3"},{"Title":"003-Z „Bůh je láska“","Url":"https://download-a.akamaihd.net/files/media_music/36/iasnv4_B_04.mp3"},{"Title":"119-Z Získávejme povzbuzení","Url":"https://download-a.akamaihd.net/files/media_music/03/iasnv4_B_05.mp3"},{"Title":"027-Z Postavme se na stranu Jehovy","Url":"https://download-a.akamaihd.net/files/media_music/13/iasnv4_B_06.mp3"},{"Title":"132-Z Píseň vítězství","Url":"https://download-a.akamaihd.net/files/media_music/61/iasnv4_B_07.mp3"},{"Title":"012-Z Slib věčného života","Url":"https://download-a.akamaihd.net/files/media_music/57/iasnv4_B_08.mp3"},{"Title":"004-Z Měj dobré jméno u Boha","Url":"https://download-a.akamaihd.net/files/media_music/59/iasnv4_B_09.mp3"},{"Title":"059-Z Jsme zasvěceni Bohu","Url":"https://download-a.akamaihd.net/files/media_music/f4/iasnv4_B_10.mp3"},{"Title":"022-Z „Jehova je můj Pastýř“","Url":"https://download-a.akamaihd.net/files/media_music/67/iasnv4_B_11.mp3"},{"Title":"073-Z Milujme jeden druhého vřele ze srdce","Url":"https://download-a.akamaihd.net/files/media_music/fa/iasnv4_B_12.mp3"},{"Title":"097-Z Vpřed, služebníci Království!","Url":"https://download-a.akamaihd.net/files/media_music/b8/iasnv4_B_13.mp3"},{"Title":"029-Z Chci žít v ryzosti","Url":"https://download-a.akamaihd.net/files/media_music/27/iasnv4_B_14.mp3"},{"Title":"070-Z ‚Ujišťujme se o důležitějších věcech‘","Url":"https://download-a.akamaihd.net/files/media_music/65/iasnv4_B_15.mp3"},{"Title":"006-Z Modlitba Božího služebníka","Url":"https://download-a.akamaihd.net/files/media_music/58/iasnv4_B_16.mp3"},{"Title":"086-Z Věrné ženy a křesťanské sestry","Url":"https://download-a.akamaihd.net/files/media_music/72/iasnv4_B_17.mp3"},{"Title":"131-Z Jehova opatřuje únik","Url":"https://download-a.akamaihd.net/files/media_music/01/iasnv4_B_18.mp3"}]}