{"Title":"Sing to Jehovah—Vocal Renditions, Disc 2","Tracks":[{"Title":"074-V Gëzimi i Jehovait","Url":"https://download-a.akamaihd.net/files/media_music/6e/iasnv2_AL_01.mp3"},{"Title":"095-V «Provoni dhe shijoni se sa i mirë është Jehovai!»","Url":"https://download-a.akamaihd.net/files/media_music/17/iasnv2_AL_02.mp3"},{"Title":"069-V Më bëj të njoh udhët e tua","Url":"https://download-a.akamaihd.net/files/media_music/13/iasnv2_AL_03.mp3"},{"Title":"130-V Mrekullia e jetës","Url":"https://download-a.akamaihd.net/files/media_music/b1/iasnv2_AL_04.mp3"},{"Title":"060-V Ai të bën të fortë","Url":"https://download-a.akamaihd.net/files/media_music/52/iasnv2_AL_05.mp3"},{"Title":"107-V Ejani në malin e Jehovait!","Url":"https://download-a.akamaihd.net/files/media_music/db/iasnv2_AL_06.mp3"},{"Title":"088-V Fëmijët na i ka besuar Perëndia","Url":"https://download-a.akamaihd.net/files/media_music/a5/iasnv2_AL_07.mp3"},{"Title":"081-V «Na jep më shumë besim»","Url":"https://download-a.akamaihd.net/files/media_music/88/iasnv2_AL_08.mp3"},{"Title":"058-V Lutja ime e kushtimit","Url":"https://download-a.akamaihd.net/files/media_music/a6/iasnv2_AL_09.mp3"},{"Title":"108-V Lëvdoni Jehovain për Mbretërinë e tij","Url":"https://download-a.akamaihd.net/files/media_music/a1/iasnv2_AL_10.mp3"},{"Title":"116-V Drita shkëlqen gjithnjë e më shumë","Url":"https://download-a.akamaihd.net/files/media_music/da/iasnv2_AL_11.mp3"},{"Title":"123-V Barinjtë, dhurata në njerëz","Url":"https://download-a.akamaihd.net/files/media_music/8f/iasnv2_AL_12.mp3"},{"Title":"124-V Jini mikpritës","Url":"https://download-a.akamaihd.net/files/media_music/fe/iasnv2_AL_13.mp3"},{"Title":"061-V Ç'lloj personi duhet të jem?","Url":"https://download-a.akamaihd.net/files/media_music/00/iasnv2_AL_14.mp3"},{"Title":"064-V Jetoje të vërtetën","Url":"https://download-a.akamaihd.net/files/media_music/6c/iasnv2_AL_15.mp3"},{"Title":"008-V Darka e Zotërisë","Url":"https://download-a.akamaihd.net/files/media_music/c3/iasnv2_AL_16.mp3"},{"Title":"068-V Lutja e të përvuajturit","Url":"https://download-a.akamaihd.net/files/media_music/8c/iasnv2_AL_17.mp3"},{"Title":"057-V Meditimi i zemrës sime","Url":"https://download-a.akamaihd.net/files/media_music/4b/iasnv2_AL_18.mp3"},{"Title":"085-V Të shpërblyer nga Jehovai","Url":"https://download-a.akamaihd.net/files/media_music/57/iasnv2_AL_19.mp3"}]}