{"Title":"Sing to Jehovah—Vocal Renditions, Disc 1","Tracks":[{"Title":"065-V “这才是正路”","Url":"https://download-a.akamaihd.net/files/media_music/0b/iasnv1_CHS_001.mp3"},{"Title":"063-V 一心忠贞不二","Url":"https://download-a.akamaihd.net/files/media_music/77/iasnv1_CHS_002.mp3"},{"Title":"111-V 他必呼唤","Url":"https://download-a.akamaihd.net/files/media_music/a2/iasnv1_CHS_003.mp3"},{"Title":"110-V 上帝的奇妙作为","Url":"https://download-a.akamaihd.net/files/media_music/95/iasnv1_CHS_004.mp3"},{"Title":"075-V 喜乐的因由","Url":"https://download-a.akamaihd.net/files/media_music/0e/iasnv1_CHS_005.mp3"},{"Title":"087-V 现在我们成为一体","Url":"https://download-a.akamaihd.net/files/media_music/a3/iasnv1_CHS_006.mp3"},{"Title":"036-V “上帝使他们同负一轭”","Url":"https://download-a.akamaihd.net/files/media_music/63/iasnv1_CHS_007.mp3"},{"Title":"045-V 奋力前进！","Url":"https://download-a.akamaihd.net/files/media_music/82/iasnv1_CHS_008.mp3"},{"Title":"098-V 撒播王国的种子","Url":"https://download-a.akamaihd.net/files/media_music/72/iasnv1_CHS_009.mp3"},{"Title":"084-V “我很愿意”","Url":"https://download-a.akamaihd.net/files/media_music/de/iasnv1_CHS_010.mp3"},{"Title":"092-V “务要传讲神圣的话语”","Url":"https://download-a.akamaihd.net/files/media_music/5d/iasnv1_CHS_011.mp3"},{"Title":"109-V 向耶和华的长子欢呼！","Url":"https://download-a.akamaihd.net/files/media_music/69/iasnv1_CHS_012.mp3"},{"Title":"089-V 耶和华亲切地说：“我儿，你要有智慧”","Url":"https://download-a.akamaihd.net/files/media_music/71/iasnv1_CHS_013.mp3"},{"Title":"101-V 宣扬王国的真理","Url":"https://download-a.akamaihd.net/files/media_music/21/iasnv1_CHS_014.mp3"},{"Title":"091-V 我的上帝、慈父和良朋","Url":"https://download-a.akamaihd.net/files/media_music/62/iasnv1_CHS_015.mp3"},{"Title":"090-V 白发是冠冕","Url":"https://download-a.akamaihd.net/files/media_music/14/iasnv1_CHS_016.mp3"},{"Title":"134-V 看，你和我、一切都更新了！","Url":"https://download-a.akamaihd.net/files/media_music/78/iasnv1_CHS_017.mp3"}]}