{"Title":"Sing to Jehovah—Vocal Renditions, Disc 1","Tracks":[{"Title":"065-K «Dette er veien»","Url":"https://download-a.akamaihd.net/files/media_music/e1/iasnv1_N_001.mp3"},{"Title":"063-K Vær alltid lojal","Url":"https://download-a.akamaihd.net/files/media_music/eb/iasnv1_N_002.mp3"},{"Title":"111-K 'Han skal rope'","Url":"https://download-a.akamaihd.net/files/media_music/cd/iasnv1_N_003.mp3"},{"Title":"110-K Guds underfulle gjerninger","Url":"https://download-a.akamaihd.net/files/media_music/b6/iasnv1_N_004.mp3"},{"Title":"075-K Våre grunner til glede","Url":"https://download-a.akamaihd.net/files/media_music/5f/iasnv1_N_005.mp3"},{"Title":"087-K Nå er vi ett","Url":"https://download-a.akamaihd.net/files/media_music/f6/iasnv1_N_006.mp3"},{"Title":"036-K «Det som Gud har forent»","Url":"https://download-a.akamaihd.net/files/media_music/5a/iasnv1_N_007.mp3"},{"Title":"045-K Gjør framskritt!","Url":"https://download-a.akamaihd.net/files/media_music/61/iasnv1_N_008.mp3"},{"Title":"098-K Så Rikets såkorn!","Url":"https://download-a.akamaihd.net/files/media_music/8b/iasnv1_N_009.mp3"},{"Title":"084-K 'Det vil jeg'","Url":"https://download-a.akamaihd.net/files/media_music/2d/iasnv1_N_010.mp3"},{"Title":"092-K Forkynn Guds Ord!","Url":"https://download-a.akamaihd.net/files/media_music/2a/iasnv1_N_011.mp3"},{"Title":"109-K Hyll Guds Førstefødte!","Url":"https://download-a.akamaihd.net/files/media_music/10/iasnv1_N_012.mp3"},{"Title":"089-K Jehovas varme oppfordring: «Vær vis, min sønn»","Url":"https://download-a.akamaihd.net/files/media_music/a5/iasnv1_N_013.mp3"},{"Title":"101-K Kunngjør sannheten om Riket","Url":"https://download-a.akamaihd.net/files/media_music/e8/iasnv1_N_014.mp3"},{"Title":"091-K Min Far, min Gud og Venn","Url":"https://download-a.akamaihd.net/files/media_music/f2/iasnv1_N_015.mp3"},{"Title":"090-K Grått hår – en vakker krone","Url":"https://download-a.akamaihd.net/files/media_music/7d/iasnv1_N_016.mp3"},{"Title":"134-K Se deg selv når alt er nytt","Url":"https://download-a.akamaihd.net/files/media_music/87/iasnv1_N_017.mp3"}]}