{"Title":"Sing to Jehovah—Vocal Renditions, Disc 1","Tracks":[{"Title":"065-පි “යා යුතු හරි මඟ”","Url":"https://download-a.akamaihd.net/files/media_music/4d/iasnv1_SN_001.mp3"},{"Title":"063-පි යෙහෝවා දෙවිට ළැදි වෙමු","Url":"https://download-a.akamaihd.net/files/media_music/82/iasnv1_SN_002.mp3"},{"Title":"111-පි දෙවි හඬගසයි","Url":"https://download-a.akamaihd.net/files/media_music/d3/iasnv1_SN_003.mp3"},{"Title":"110-පි දෙවිගේ පුදුමාකාර ක්‍රියා","Url":"https://download-a.akamaihd.net/files/media_music/f4/iasnv1_SN_004.mp3"},{"Title":"075-පි අපේ ප්‍රීතිය නිමා නොවෙයි","Url":"https://download-a.akamaihd.net/files/media_music/22/iasnv1_SN_005.mp3"},{"Title":"087-පි අප දැන් එක් කෙනෙකු මෙන් වේ","Url":"https://download-a.akamaihd.net/files/media_music/f4/iasnv1_SN_006.mp3"},{"Title":"036-පි දෙවි එක් කළ දේ වෙන් නොකරන්න","Url":"https://download-a.akamaihd.net/files/media_music/a8/iasnv1_SN_007.mp3"},{"Title":"045-පි දියුණු වන්න","Url":"https://download-a.akamaihd.net/files/media_music/7e/iasnv1_SN_008.mp3"},{"Title":"098-පි රාජ්‍යයේ බීජ වපුරමු","Url":"https://download-a.akamaihd.net/files/media_music/19/iasnv1_SN_009.mp3"},{"Title":"084-පි “මා කැමතියි”","Url":"https://download-a.akamaihd.net/files/media_music/91/iasnv1_SN_010.mp3"},{"Title":"092-පි “දෙවිගේ පණිවිඩය ගැන දේශනා කරන්න”","Url":"https://download-a.akamaihd.net/files/media_music/ac/iasnv1_SN_011.mp3"},{"Title":"109-පි පසසමු දෙවිගේ කුලුඳුල් පුත්‍රයාව","Url":"https://download-a.akamaihd.net/files/media_music/37/iasnv1_SN_012.mp3"},{"Title":"089-පි යෙහෝවා දෙවිගේ ආයාචනය, “මාගේ පුත්‍රය”","Url":"https://download-a.akamaihd.net/files/media_music/ef/iasnv1_SN_013.mp3"},{"Title":"101-පි දෙවිගේ රාජ්‍යයේ සත්‍යය දන්වමු","Url":"https://download-a.akamaihd.net/files/media_music/1e/iasnv1_SN_014.mp3"},{"Title":"091-පි යෙහෝවා දෙවි මාගේ පියා හා මිතුරායි","Url":"https://download-a.akamaihd.net/files/media_music/93/iasnv1_SN_015.mp3"},{"Title":"090-පි පැසුණු හිසකෙස් අලංකාරය","Url":"https://download-a.akamaihd.net/files/media_music/7b/iasnv1_SN_016.mp3"},{"Title":"134-පි සියල්ල අලුත් වන විට ඔබත් සිටීවිද?","Url":"https://download-a.akamaihd.net/files/media_music/db/iasnv1_SN_017.mp3"}]}