{"Title":"Sing to Jehovah—Vocal Renditions, Disc 5","Tracks":[{"Title":"118-V Welcome One Another","Url":"https://download-a.akamaihd.net/files/media_music/02/iasnv5_E_01.mp3"},{"Title":"052-V Guard Your Heart","Url":"https://download-a.akamaihd.net/files/media_music/76/iasnv5_E_02.mp3"},{"Title":"013-V A Prayer of Thanksgiving","Url":"https://download-a.akamaihd.net/files/media_music/dc/iasnv5_E_03.mp3"},{"Title":"043-V Stay Awake, Stand Firm, Grow Mighty","Url":"https://download-a.akamaihd.net/files/media_music/84/iasnv5_E_04.mp3"},{"Title":"041-V Worship Jehovah During Youth","Url":"https://download-a.akamaihd.net/files/media_music/9b/iasnv5_E_05.mp3"},{"Title":"018-V God's Loyal Love","Url":"https://download-a.akamaihd.net/files/media_music/d4/iasnv5_E_06.mp3"},{"Title":"010-V \"Here I Am! Send Me\"","Url":"https://download-a.akamaihd.net/files/media_music/8e/iasnv5_E_07.mp3"},{"Title":"031-V We Are Jehovah's Witnesses!","Url":"https://download-a.akamaihd.net/files/media_music/be/iasnv5_E_08.mp3"},{"Title":"005-V Christ, Our Exemplar","Url":"https://download-a.akamaihd.net/files/media_music/0f/iasnv5_E_09.mp3"},{"Title":"016-V Flee to God's Kingdom!","Url":"https://download-a.akamaihd.net/files/media_music/d8/iasnv5_E_10.mp3"},{"Title":"053-V Working Together in Unity","Url":"https://download-a.akamaihd.net/files/media_music/83/iasnv5_E_11.mp3"},{"Title":"021-V Happy, the Merciful!","Url":"https://download-a.akamaihd.net/files/media_music/32/iasnv5_E_12.mp3"},{"Title":"015-V Creation Reveals Jehovah's Glory","Url":"https://download-a.akamaihd.net/files/media_music/db/iasnv5_E_13.mp3"},{"Title":"035-V Gratitude for Divine Patience","Url":"https://download-a.akamaihd.net/files/media_music/62/iasnv5_E_14.mp3"},{"Title":"009-V Praise Jehovah, Our God!","Url":"https://download-a.akamaihd.net/files/media_music/09/iasnv5_E_15.mp3"},{"Title":"011-V Making Jehovah's Heart Glad","Url":"https://download-a.akamaihd.net/files/media_music/a5/iasnv5_E_16.mp3"},{"Title":"023-V Jehovah, Our Strength","Url":"https://download-a.akamaihd.net/files/media_music/02/iasnv5_E_17.mp3"},{"Title":"047-V Declare the Good News","Url":"https://download-a.akamaihd.net/files/media_music/de/iasnv5_E_18.mp3"},{"Title":"067-V Pray to Jehovah Each Day","Url":"https://download-a.akamaihd.net/files/media_music/cb/iasnv5_E_19.mp3"},{"Title":"051-V We Cleave to Jehovah","Url":"https://download-a.akamaihd.net/files/media_music/43/iasnv5_E_20.mp3"},{"Title":"002-V We Thank You, Jehovah","Url":"https://download-a.akamaihd.net/files/media_music/14/iasnv5_E_21.mp3"}]}