{"Title":"Sing to Jehovah—Vocal Renditions, Disc 1","Tracks":[{"Title":"065-V “Ini an Dalan”","Url":"https://download-a.akamaihd.net/files/media_music/71/iasnv1_SA_01.mp3"},{"Title":"063-V Maunungon Pirme","Url":"https://download-a.akamaihd.net/files/media_music/27/iasnv1_SA_02.mp3"},{"Title":"111-V Hiya Matawag","Url":"https://download-a.akamaihd.net/files/media_music/e4/iasnv1_SA_03.mp3"},{"Title":"110-V An Urusahon nga mga Buhat han Dios","Url":"https://download-a.akamaihd.net/files/media_music/94/iasnv1_SA_04.mp3"},{"Title":"075-V Mga Hinungdan han Aton Kalipay","Url":"https://download-a.akamaihd.net/files/media_music/78/iasnv1_SA_05.mp3"},{"Title":"087-V Kita Yana Uusa Na","Url":"https://download-a.akamaihd.net/files/media_music/ab/iasnv1_SA_06.mp3"},{"Title":"036-V “An Gintig-ob han Dios”","Url":"https://download-a.akamaihd.net/files/media_music/80/iasnv1_SA_07.mp3"},{"Title":"045-V Mag-uswag!","Url":"https://download-a.akamaihd.net/files/media_music/f6/iasnv1_SA_08.mp3"},{"Title":"098-V Pagsabwag han Binhi han Ginhadian","Url":"https://download-a.akamaihd.net/files/media_music/91/iasnv1_SA_09.mp3"},{"Title":"084-V “Hingyap Ko”","Url":"https://download-a.akamaihd.net/files/media_music/10/iasnv1_SA_10.mp3"},{"Title":"092-V Isangyaw an Pulong","Url":"https://download-a.akamaihd.net/files/media_music/56/iasnv1_SA_11.mp3"},{"Title":"109-V Dayawa an Suhag ni Jehova!","Url":"https://download-a.akamaihd.net/files/media_music/ef/iasnv1_SA_12.mp3"},{"Title":"089-V “Anak Ko, Magmakinaadmananon Ka”","Url":"https://download-a.akamaihd.net/files/media_music/e2/iasnv1_SA_13.mp3"},{"Title":"101-V Ipasamwak an Kamatuoran han Ginhadian","Url":"https://download-a.akamaihd.net/files/media_music/7f/iasnv1_SA_14.mp3"},{"Title":"091-V Akon Amay, Akon Dios Ngan Sangkay","Url":"https://download-a.akamaihd.net/files/media_music/e8/iasnv1_SA_15.mp3"},{"Title":"090-V Pagkamaopay Kitaon an Ulo nga Ubanon","Url":"https://download-a.akamaihd.net/files/media_music/cc/iasnv1_SA_16.mp3"},{"Title":"134-V Handurawa an Bag-o nga Kalibotan","Url":"https://download-a.akamaihd.net/files/media_music/37/iasnv1_SA_17.mp3"}]}