{"Title":"Sing to Jehovah—Vocal Renditions, Disc 1","Tracks":[{"Title":"065-K \"Yol Budur\"","Url":"https://download-a.akamaihd.net/files/media_music/b0/iasnv1_TK_01.mp3"},{"Title":"063-K Vefalı Olun","Url":"https://download-a.akamaihd.net/files/media_music/db/iasnv1_TK_02.mp3"},{"Title":"111-K O Çağıracak","Url":"https://download-a.akamaihd.net/files/media_music/47/iasnv1_TK_03.mp3"},{"Title":"110-K Tanrı'nın Muhteşem İşleri","Url":"https://download-a.akamaihd.net/files/media_music/b9/iasnv1_TK_04.mp3"},{"Title":"075-K Sevinme Nedenlerimiz","Url":"https://download-a.akamaihd.net/files/media_music/27/iasnv1_TK_05.mp3"},{"Title":"087-K Artık Tek Beden Olduk","Url":"https://download-a.akamaihd.net/files/media_music/2f/iasnv1_TK_06.mp3"},{"Title":"036-K Tanrımız Birleştirdi","Url":"https://download-a.akamaihd.net/files/media_music/29/iasnv1_TK_07.mp3"},{"Title":"045-K İleri!","Url":"https://download-a.akamaihd.net/files/media_music/d8/iasnv1_TK_08.mp3"},{"Title":"098-K Krallık Tohumunu Ekin","Url":"https://download-a.akamaihd.net/files/media_music/e0/iasnv1_TK_09.mp3"},{"Title":"084-K “İsterim”","Url":"https://download-a.akamaihd.net/files/media_music/29/iasnv1_TK_10.mp3"},{"Title":"092-K \"Tanrı'nın Sözünü Duyur\"","Url":"https://download-a.akamaihd.net/files/media_music/b8/iasnv1_TK_11.mp3"},{"Title":"109-K Yehova'nın Oğlunu Selamlayın!","Url":"https://download-a.akamaihd.net/files/media_music/00/iasnv1_TK_12.mp3"},{"Title":"089-K Yehova'nın Sıcak Çağrısı: \"Oğlum Hikmetli Ol\"","Url":"https://download-a.akamaihd.net/files/media_music/d5/iasnv1_TK_13.mp3"},{"Title":"101-K Kralıkla İlgili Hakikati Bildirin","Url":"https://download-a.akamaihd.net/files/media_music/ba/iasnv1_TK_14.mp3"},{"Title":"091-K Babam, Tanrım, Dostum","Url":"https://download-a.akamaihd.net/files/media_music/98/iasnv1_TK_15.mp3"},{"Title":"090-K Ağarmış Saçların Güzelliği","Url":"https://download-a.akamaihd.net/files/media_music/86/iasnv1_TK_16.mp3"},{"Title":"134-K Kendini Yeni Dünyada Gör","Url":"https://download-a.akamaihd.net/files/media_music/66/iasnv1_TK_17.mp3"}]}