{"Title":"Sing to Jehovah—Vocal Renditions, Disc 6","Tracks":[{"Title":"030-V Kjo është dita e lavdishme e Jehovait","Url":"https://download-a.akamaihd.net/files/media_music/1f/iasnv6_AL_01.mp3"},{"Title":"121-V Inkurajoni njëri-tjetrin","Url":"https://download-a.akamaihd.net/files/media_music/28/iasnv6_AL_02.mp3"},{"Title":"033-V Mos u frikësoni prej tyre!","Url":"https://download-a.akamaihd.net/files/media_music/ee/iasnv6_AL_03.mp3"},{"Title":"025-V Të provojmë se jemi dishepuj","Url":"https://download-a.akamaihd.net/files/media_music/87/iasnv6_AL_04.mp3"},{"Title":"042-V «Ndihmoni të dobëtit»","Url":"https://download-a.akamaihd.net/files/media_music/db/iasnv6_AL_05.mp3"},{"Title":"032-V Ji i palëkundur dhe i patundur!","Url":"https://download-a.akamaihd.net/files/media_music/bd/iasnv6_AL_06.mp3"},{"Title":"071-V Fryma e shenjtë: Dhuratë e Perëndisë","Url":"https://download-a.akamaihd.net/files/media_music/bc/iasnv6_AL_07.mp3"},{"Title":"093-V Le të ndriçojë drita juaj","Url":"https://download-a.akamaihd.net/files/media_music/ca/iasnv6_AL_08.mp3"},{"Title":"105-V Qiejt shpallin lavdinë e Perëndisë","Url":"https://download-a.akamaihd.net/files/media_music/4e/iasnv6_AL_09.mp3"},{"Title":"072-V Të kultivojmë cilësinë e dashurisë","Url":"https://download-a.akamaihd.net/files/media_music/dd/iasnv6_AL_10.mp3"},{"Title":"026-V Ec me Perëndinë!","Url":"https://download-a.akamaihd.net/files/media_music/aa/iasnv6_AL_11.mp3"},{"Title":"129-V Të rrokim shpresën tonë","Url":"https://download-a.akamaihd.net/files/media_music/81/iasnv6_AL_12.mp3"},{"Title":"038-V Hidhja barrën Jehovait","Url":"https://download-a.akamaihd.net/files/media_music/03/iasnv6_AL_13.mp3"},{"Title":"135-V Të qëndrojmë deri në fund","Url":"https://download-a.akamaihd.net/files/media_music/18/iasnv6_AL_14.mp3"},{"Title":"044-V Të marrim pjesë me gëzim në korrje","Url":"https://download-a.akamaihd.net/files/media_music/27/iasnv6_AL_15.mp3"},{"Title":"080-V Cilësia e mirësisë","Url":"https://download-a.akamaihd.net/files/media_music/f7/iasnv6_AL_16.mp3"},{"Title":"037-V Shkrimet janë të fymëzuara nga Perëndia","Url":"https://download-a.akamaihd.net/files/media_music/1f/iasnv6_AL_17.mp3"},{"Title":"049-V Jehovai është streha ime","Url":"https://download-a.akamaihd.net/files/media_music/2f/iasnv6_AL_18.mp3"},{"Title":"020-V Beko mbledhjet tona!","Url":"https://download-a.akamaihd.net/files/media_music/7e/iasnv6_AL_19.mp3"},{"Title":"034-V Të jetojmë në lartësinë e emrit që mbajmë","Url":"https://download-a.akamaihd.net/files/media_music/28/iasnv6_AL_20.mp3"},{"Title":"001-V Virtytet e Jehovait","Url":"https://download-a.akamaihd.net/files/media_music/7a/iasnv6_AL_21.mp3"}]}