{"Title":"Sing to Jehovah—Vocal Renditions, Disc 2","Tracks":[{"Title":"074 - (В) Радость Иеговы","Url":"https://download-a.akamaihd.net/files/media_music/0e/iasnv2_U_001.mp3"},{"Title":"095 - (В) «Вкусите и узнайте, как добр Иегова»","Url":"https://download-a.akamaihd.net/files/media_music/54/iasnv2_U_002.mp3"},{"Title":"069 - (В) Открой мне твои пути","Url":"https://download-a.akamaihd.net/files/media_music/90/iasnv2_U_003.mp3"},{"Title":"130 - (В) Жизнь — чудесный дар","Url":"https://download-a.akamaihd.net/files/media_music/85/iasnv2_U_004.mp3"},{"Title":"060 - (В) Бог наделит тебя силой","Url":"https://download-a.akamaihd.net/files/media_music/3e/iasnv2_U_005.mp3"},{"Title":"107 - (В) Придите на гору Иеговы","Url":"https://download-a.akamaihd.net/files/media_music/43/iasnv2_U_006.mp3"},{"Title":"088 - (В) Дети — наследство от Иеговы","Url":"https://download-a.akamaihd.net/files/media_music/b2/iasnv2_U_007.mp3"},{"Title":"081 - (В) «Дай нам больше веры»","Url":"https://download-a.akamaihd.net/files/media_music/dd/iasnv2_U_008.mp3"},{"Title":"058 - (В) Молитва посвящения","Url":"https://download-a.akamaihd.net/files/media_music/d9/iasnv2_U_009.mp3"},{"Title":"108 - (В) Восхваляйте Иегову за его Царство","Url":"https://download-a.akamaihd.net/files/media_music/d0/iasnv2_U_010.mp3"},{"Title":"116 - (В) Свет становится ярче","Url":"https://download-a.akamaihd.net/files/media_music/c1/iasnv2_U_011.mp3"},{"Title":"123 - (В) Пастыри — «дары в виде людей»","Url":"https://download-a.akamaihd.net/files/media_music/db/iasnv2_U_012.mp3"},{"Title":"124 - (В) Проявляйте радушие","Url":"https://download-a.akamaihd.net/files/media_music/d7/iasnv2_U_013.mp3"},{"Title":"061 - (В) Каким человеком мне следует быть?","Url":"https://download-a.akamaihd.net/files/media_music/15/iasnv2_U_014.mp3"},{"Title":"064 - (В) Освой истину","Url":"https://download-a.akamaihd.net/files/media_music/b7/iasnv2_U_015.mp3"},{"Title":"008 - (В) Вечеря Господня","Url":"https://download-a.akamaihd.net/files/media_music/ee/iasnv2_U_016.mp3"},{"Title":"068 - (В) Молитва сокрушённого духом","Url":"https://download-a.akamaihd.net/files/media_music/31/iasnv2_U_017.mp3"},{"Title":"057 - (В) Размышления сердца","Url":"https://download-a.akamaihd.net/files/media_music/7c/iasnv2_U_018.mp3"},{"Title":"085 - (В) Иегова тебя вознаградит","Url":"https://download-a.akamaihd.net/files/media_music/3c/iasnv2_U_019.mp3"}]}