{"Title":"Sing to Jehovah—Vocal Renditions, Disc 2","Tracks":[{"Title":"074-K Yehova’nın Verdiği Sevinç","Url":"https://download-a.akamaihd.net/files/media_music/bc/iasnv2_TK_01.mp3"},{"Title":"095-K “Yehova’nın İyiliğini Tadın ve Görün”","Url":"https://download-a.akamaihd.net/files/media_music/cf/iasnv2_TK_02.mp3"},{"Title":"069-K Bana Yollarını Göster","Url":"https://download-a.akamaihd.net/files/media_music/75/iasnv2_TK_03.mp3"},{"Title":"130-K Yaşam Bir Mucize","Url":"https://download-a.akamaihd.net/files/media_music/65/iasnv2_TK_04.mp3"},{"Title":"060-K Tanrı Bizi Güçlendirecek","Url":"https://download-a.akamaihd.net/files/media_music/8b/iasnv2_TK_05.mp3"},{"Title":"107-K Yehova’nın Dağına Gelin","Url":"https://download-a.akamaihd.net/files/media_music/1d/iasnv2_TK_06.mp3"},{"Title":"088-K Çocuklar Tanrı’dan Bir Emanet","Url":"https://download-a.akamaihd.net/files/media_music/65/iasnv2_TK_07.mp3"},{"Title":"081-K “İmanımızı Artır”","Url":"https://download-a.akamaihd.net/files/media_music/a9/iasnv2_TK_08.mp3"},{"Title":"058-K Duayla Kendimi Adıyorum","Url":"https://download-a.akamaihd.net/files/media_music/90/iasnv2_TK_09.mp3"},{"Title":"108-K Krallığı İçin Yehova’yı Yüceltin","Url":"https://download-a.akamaihd.net/files/media_music/c7/iasnv2_TK_10.mp3"},{"Title":"116-K Işık Giderek Parlıyor","Url":"https://download-a.akamaihd.net/files/media_music/42/iasnv2_TK_11.mp3"},{"Title":"123-K Hediye Olan Çobanlar","Url":"https://download-a.akamaihd.net/files/media_music/2e/iasnv2_TK_12.mp3"},{"Title":"124-K Konuksever Olun","Url":"https://download-a.akamaihd.net/files/media_music/b7/iasnv2_TK_13.mp3"},{"Title":"061-K Nasıl Bir Kişi Olmalıyım?","Url":"https://download-a.akamaihd.net/files/media_music/10/iasnv2_TK_14.mp3"},{"Title":"064-K Hakikati Benimseyin","Url":"https://download-a.akamaihd.net/files/media_music/08/iasnv2_TK_15.mp3"},{"Title":"008-K Efendimizin Akşam Yemeği","Url":"https://download-a.akamaihd.net/files/media_music/eb/iasnv2_TK_16.mp3"},{"Title":"068-K Düşkünün Duası","Url":"https://download-a.akamaihd.net/files/media_music/d6/iasnv2_TK_17.mp3"},{"Title":"057-K Yüreğimden Geçen Düşünceler","Url":"https://download-a.akamaihd.net/files/media_music/07/iasnv2_TK_18.mp3"},{"Title":"085-K Yehova Bol Bol Ödüllendirir","Url":"https://download-a.akamaihd.net/files/media_music/d8/iasnv2_TK_19.mp3"}]}