{"Title":"Sing to Jehovah—Vocal Renditions, Disc 2","Tracks":[{"Title":"074-C El gozo de Jehová","Url":"https://download-a.akamaihd.net/files/media_music/c6/iasnv2_S_01.mp3"},{"Title":"095-C “Gusten y vean que Jehová es bueno”","Url":"https://download-a.akamaihd.net/files/media_music/61/iasnv2_S_02.mp3"},{"Title":"069-C Hazme conocer tus caminos","Url":"https://download-a.akamaihd.net/files/media_music/9b/iasnv2_S_03.mp3"},{"Title":"130-C El milagro de la vida","Url":"https://download-a.akamaihd.net/files/media_music/25/iasnv2_S_04.mp3"},{"Title":"060-C Jehová te dará fuerzas","Url":"https://download-a.akamaihd.net/files/media_music/1d/iasnv2_S_05.mp3"},{"Title":"107-C Subamos a la montaña de Jehová","Url":"https://download-a.akamaihd.net/files/media_music/b1/iasnv2_S_06.mp3"},{"Title":"088-C Los hijos son un regalo de Dios","Url":"https://download-a.akamaihd.net/files/media_music/71/iasnv2_S_07.mp3"},{"Title":"081-C “Danos más fe”","Url":"https://download-a.akamaihd.net/files/media_music/ee/iasnv2_S_08.mp3"},{"Title":"058-C Mi oración de dedicación","Url":"https://download-a.akamaihd.net/files/media_music/1b/iasnv2_S_09.mp3"},{"Title":"108-C Alabemos a Jehová por su Reino","Url":"https://download-a.akamaihd.net/files/media_music/25/iasnv2_S_10.mp3"},{"Title":"116-C La luz va en aumento","Url":"https://download-a.akamaihd.net/files/media_music/f9/iasnv2_S_11.mp3"},{"Title":"123-C Nuestros pastores son un regalo de Dios","Url":"https://download-a.akamaihd.net/files/media_music/ca/iasnv2_S_12.mp3"},{"Title":"124-C Sigue la senda de la hospitalidad","Url":"https://download-a.akamaihd.net/files/media_music/fc/iasnv2_S_13.mp3"},{"Title":"061-C Qué clase de persona debo ser","Url":"https://download-a.akamaihd.net/files/media_music/87/iasnv2_S_14.mp3"},{"Title":"064-C Vive la verdad","Url":"https://download-a.akamaihd.net/files/media_music/c6/iasnv2_S_15.mp3"},{"Title":"008-C La Cena del Señor","Url":"https://download-a.akamaihd.net/files/media_music/22/iasnv2_S_16.mp3"},{"Title":"068-C Oración del abatido","Url":"https://download-a.akamaihd.net/files/media_music/f3/iasnv2_S_17.mp3"},{"Title":"057-C “La meditación de mi corazón”","Url":"https://download-a.akamaihd.net/files/media_music/a5/iasnv2_S_18.mp3"},{"Title":"085-C Que Jehová te bendiga","Url":"https://download-a.akamaihd.net/files/media_music/44/iasnv2_S_19.mp3"}]}