{"Title":"Sing to Jehovah—Vocal Renditions, Disc 5","Tracks":[{"Title":"118 - (В) Принимайте друг друга радушно","Url":"https://download-a.akamaihd.net/files/media_music/ca/iasnv5_U_01.mp3"},{"Title":"052 - (В) «Береги своё сердце»","Url":"https://download-a.akamaihd.net/files/media_music/86/iasnv5_U_02.mp3"},{"Title":"013 - (В) Молитва благодарности","Url":"https://download-a.akamaihd.net/files/media_music/d5/iasnv5_U_03.mp3"},{"Title":"043 - (В) Будьте бодры, стойки и твёрды","Url":"https://download-a.akamaihd.net/files/media_music/96/iasnv5_U_04.mp3"},{"Title":"041 - (В) Служи Иегове с юности","Url":"https://download-a.akamaihd.net/files/media_music/1c/iasnv5_U_05.mp3"},{"Title":"018 - (В) Божья преданная любовь","Url":"https://download-a.akamaihd.net/files/media_music/19/iasnv5_U_06.mp3"},{"Title":"010 - (В) «Вот я! Пошли меня»","Url":"https://download-a.akamaihd.net/files/media_music/fb/iasnv5_U_07.mp3"},{"Title":"031 - (В) Мы — Свидетели Иеговы!","Url":"https://download-a.akamaihd.net/files/media_music/2b/iasnv5_U_08.mp3"},{"Title":"005 - (В) Христос — наш пример","Url":"https://download-a.akamaihd.net/files/media_music/1f/iasnv5_U_09.mp3"},{"Title":"016 - (В) Бегите к Царству Бога!","Url":"https://download-a.akamaihd.net/files/media_music/f3/iasnv5_U_10.mp3"},{"Title":"053 - (В) Трудимся в единстве","Url":"https://download-a.akamaihd.net/files/media_music/e5/iasnv5_U_11.mp3"},{"Title":"021 - (В) Счастливы милосердные","Url":"https://download-a.akamaihd.net/files/media_music/59/iasnv5_U_12.mp3"},{"Title":"015 - (В) Творение прославляет Иегову","Url":"https://download-a.akamaihd.net/files/media_music/c3/iasnv5_U_13.mp3"},{"Title":"035 - (В) Благодарны за Божье терпение","Url":"https://download-a.akamaihd.net/files/media_music/b6/iasnv5_U_14.mp3"},{"Title":"009 - (В) Восхваляйте Иегову, нашего Бога!","Url":"https://download-a.akamaihd.net/files/media_music/27/iasnv5_U_15.mp3"},{"Title":"011 - (В) Радуй сердце Иеговы","Url":"https://download-a.akamaihd.net/files/media_music/fb/iasnv5_U_16.mp3"},{"Title":"023 - (В) Иегова — наша сила","Url":"https://download-a.akamaihd.net/files/media_music/6d/iasnv5_U_17.mp3"},{"Title":"047 - (В) Возвещаем благую весть","Url":"https://download-a.akamaihd.net/files/media_music/44/iasnv5_U_18.mp3"},{"Title":"067 - (В) Молись Иегове каждый день","Url":"https://download-a.akamaihd.net/files/media_music/65/iasnv5_U_19.mp3"},{"Title":"051 - (В) Мы преданы Иегове","Url":"https://download-a.akamaihd.net/files/media_music/08/iasnv5_U_20.mp3"},{"Title":"002 - (В) Спасибо, Иегова","Url":"https://download-a.akamaihd.net/files/media_music/62/iasnv5_U_21.mp3"}]}