{"Title":"Sing to Jehovah—Vocal Renditions, Disc 5","Tracks":[{"Title":"118-V 서로 환영하라","Url":"https://download-a.akamaihd.net/files/media_music/6f/iasnv5_KO_01.mp3"},{"Title":"052-V 마음을 지키라","Url":"https://download-a.akamaihd.net/files/media_music/80/iasnv5_KO_02.mp3"},{"Title":"013-V 감사의 기도","Url":"https://download-a.akamaihd.net/files/media_music/bf/iasnv5_KO_03.mp3"},{"Title":"043-V 깨어 굳건히 서서 강하게 되라","Url":"https://download-a.akamaihd.net/files/media_music/39/iasnv5_KO_04.mp3"},{"Title":"041-V젊을 때 여호와를 숭배하라","Url":"https://download-a.akamaihd.net/files/media_music/09/iasnv5_KO_05.mp3"},{"Title":"018-V 하느님의 충성스러운 사랑","Url":"https://download-a.akamaihd.net/files/media_music/99/iasnv5_KO_06.mp3"},{"Title":"010-V ‘내가 여기 있나이다! 나를 보내 주소서’","Url":"https://download-a.akamaihd.net/files/media_music/4f/iasnv5_KO_07.mp3"},{"Title":"031-V 우리는 여호와의 증인!","Url":"https://download-a.akamaihd.net/files/media_music/0b/iasnv5_KO_08.mp3"},{"Title":"005-V 그리스도—우리의 모범","Url":"https://download-a.akamaihd.net/files/media_music/61/iasnv5_KO_09.mp3"},{"Title":"016-V 하느님의 왕국으로 도피하라!","Url":"https://download-a.akamaihd.net/files/media_music/f2/iasnv5_KO_10.mp3"},{"Title":"053-V 연합하여 함께 일하리","Url":"https://download-a.akamaihd.net/files/media_music/93/iasnv5_KO_11.mp3"},{"Title":"021-V 자비로운 사람들은 행복하다!","Url":"https://download-a.akamaihd.net/files/media_music/c2/iasnv5_KO_12.mp3"},{"Title":"015-V 창조물이 여호와의 영광을 알리네","Url":"https://download-a.akamaihd.net/files/media_music/9a/iasnv5_KO_13.mp3"},{"Title":"035-V 하느님의 참으심에 감사하리","Url":"https://download-a.akamaihd.net/files/media_music/82/iasnv5_KO_14.mp3"},{"Title":"009-V 우리 하느님 여호와를 찬양하라!","Url":"https://download-a.akamaihd.net/files/media_music/e3/iasnv5_KO_15.mp3"},{"Title":"011-V 여호와의 마음을 기쁘게 하리","Url":"https://download-a.akamaihd.net/files/media_music/5a/iasnv5_KO_16.mp3"},{"Title":"023-V 여호와, 우리의 힘","Url":"https://download-a.akamaihd.net/files/media_music/d3/iasnv5_KO_17.mp3"},{"Title":"047-V 좋은 소식을 선포하라","Url":"https://download-a.akamaihd.net/files/media_music/d7/iasnv5_KO_18.mp3"},{"Title":"067-V 여호와께 날마다 기도하라","Url":"https://download-a.akamaihd.net/files/media_music/2c/iasnv5_KO_19.mp3"},{"Title":"051-V 우리는 여호와께 고착한다","Url":"https://download-a.akamaihd.net/files/media_music/dc/iasnv5_KO_20.mp3"},{"Title":"002-V 여호와여, 감사합니다","Url":"https://download-a.akamaihd.net/files/media_music/87/iasnv5_KO_21.mp3"}]}