{"Title":"Sing to Jehovah—Vocal Renditions, Disc 1","Tracks":[{"Title":"141-V “Kutsvaka Shamwari Dzorugare”","Url":"https://download-a.akamaihd.net/files/media_music/8e/iasnv1_CA_01.mp3"},{"Title":"147-V “Pfuma Chaiyo”","Url":"https://download-a.akamaihd.net/files/media_music/4f/iasnv1_CA_02.mp3"},{"Title":"149-V Kutenda Kudzikinurwa Kwatakaitwa","Url":"https://download-a.akamaihd.net/files/media_music/28/iasnv1_CA_03.mp3"},{"Title":"136-V Umambo Hwavapo—Ngahuuye!","Url":"https://download-a.akamaihd.net/files/media_music/45/iasnv1_CA_04.mp3"},{"Title":"137-V Tipeiwo Ushingi","Url":"https://download-a.akamaihd.net/files/media_music/e8/iasnv1_CA_05.mp3"},{"Title":"144-V Kana Vachida Upenyu","Url":"https://download-a.akamaihd.net/files/media_music/73/iasnv1_CA_06.mp3"},{"Title":"140-V Upenyu hwaPiyona","Url":"https://download-a.akamaihd.net/files/media_music/8f/iasnv1_CA_07.mp3"},{"Title":"150-V Kuwedzera Basa Redu","Url":"https://download-a.akamaihd.net/files/media_music/cf/iasnv1_CA_08.mp3"},{"Title":"142-V Kuparidzira Vanhu Vemarudzi Ose","Url":"https://download-a.akamaihd.net/files/media_music/b8/iasnv1_CA_09.mp3"},{"Title":"143-V Chiedza Munyika Ine Rima","Url":"https://download-a.akamaihd.net/files/media_music/32/iasnv1_CA_10.mp3"},{"Title":"145-V Kugadzirira Kunoparidza","Url":"https://download-a.akamaihd.net/files/media_music/6f/iasnv1_CA_11.mp3"},{"Title":"138-V Jehovha Ndiro Zita Renyu","Url":"https://download-a.akamaihd.net/files/media_music/dc/iasnv1_CA_12.mp3"},{"Title":"148-V Makatipa Mwanakomana Wenyu","Url":"https://download-a.akamaihd.net/files/media_music/62/iasnv1_CA_13.mp3"},{"Title":"139-V Vadzidzisei Kumira Vakasimba","Url":"https://download-a.akamaihd.net/files/media_music/1d/iasnv1_CA_14.mp3"},{"Title":"146-V Makazviitira Ini","Url":"https://download-a.akamaihd.net/files/media_music/02/iasnv1_CA_15.mp3"}]}