{"Title":"Sing to Jehovah—Vocal Renditions, Disc 1","Tracks":[{"Title":"065-V ‘Edhere na Ọna’","Url":"https://download-a.akamaihd.net/files/media_music/a3/iasnv1_IS_001.mp3"},{"Title":"063-V Hae Roma Kpotọ","Url":"https://download-a.akamaihd.net/files/media_music/14/iasnv1_IS_002.mp3"},{"Title":"111-V “O Ti Se”","Url":"https://download-a.akamaihd.net/files/media_music/99/iasnv1_IS_003.mp3"},{"Title":"110-V Iruo Igbunu Ọghẹnẹ","Url":"https://download-a.akamaihd.net/files/media_music/01/iasnv1_IS_004.mp3"},{"Title":"075-V Eware nọ E be k’Omai Evawere","Url":"https://download-a.akamaihd.net/files/media_music/c7/iasnv1_IS_005.mp3"},{"Title":"087-V Ma Zihe Ruọ Ọvo No","Url":"https://download-a.akamaihd.net/files/media_music/38/iasnv1_IS_006.mp3"},{"Title":"036-V “Onọ Ọghẹnẹ O Kugbe No\"","Url":"https://download-a.akamaihd.net/files/media_music/0d/iasnv1_IS_007.mp3"},{"Title":"045-V Nyaharo!","Url":"https://download-a.akamaihd.net/files/media_music/e4/iasnv1_IS_008.mp3"},{"Title":"098-V Ẹkọ Ubi Uvie Na","Url":"https://download-a.akamaihd.net/files/media_music/27/iasnv1_IS_009.mp3"},{"Title":"084-V \"O Ruomẹ\"","Url":"https://download-a.akamaihd.net/files/media_music/54/iasnv1_IS_010.mp3"},{"Title":"92-V “Vuẹ Ẹme Na”","Url":"https://download-a.akamaihd.net/files/media_music/87/iasnv1_IS_011.mp3"},{"Title":"109-V Wha Koyẹ kẹ Ọmọ-Otuyẹ Jihova!","Url":"https://download-a.akamaihd.net/files/media_music/f7/iasnv1_IS_012.mp3"},{"Title":"089-V Uvi Ayare Jihova: ‘Ọmọ Mẹ, Wo Areghẹ’","Url":"https://download-a.akamaihd.net/files/media_music/3f/iasnv1_IS_013.mp3"},{"Title":"101-V Ta Uzẹme Uvie na Via","Url":"https://download-a.akamaihd.net/files/media_music/c2/iasnv1_IS_014.mp3"},{"Title":"091-V Ọsẹ Mẹ, Ọghẹnẹ Mẹ, gbe Ogbẹnyusu Mẹ","Url":"https://download-a.akamaihd.net/files/media_music/ed/iasnv1_IS_015.mp3"},{"Title":"090-V Erru nọ Ọ Rrọ Owho","Url":"https://download-a.akamaihd.net/files/media_music/f1/iasnv1_IS_016.mp3"},{"Title":"134-V “Ruẹ Oma Ra Evaọ Akpọ Ọkpokpọ Na”","Url":"https://download-a.akamaihd.net/files/media_music/1e/iasnv1_IS_017.mp3"}]}