{"Title":"Sing to Jehovah—Vocal Renditions, Disc 2","Tracks":[{"Title":"074-V Kyese ya Yehowa","Url":"https://download-a.akamaihd.net/files/media_music/1b/iasnv2_MK_01.mp3"},{"Title":"095-V ‘Meka mpi Mona nde Nzambi Ke Mbote’","Url":"https://download-a.akamaihd.net/files/media_music/aa/iasnv2_MK_02.mp3"},{"Title":"069-V Songa Mono Banzila na Nge","Url":"https://download-a.akamaihd.net/files/media_music/87/iasnv2_MK_03.mp3"},{"Title":"130-V Kimangu ya Luzingu","Url":"https://download-a.akamaihd.net/files/media_music/a8/iasnv2_MK_04.mp3"},{"Title":"060-V Yandi Takumisa Nge Ngolo","Url":"https://download-a.akamaihd.net/files/media_music/fd/iasnv2_MK_05.mp3"},{"Title":"107-V Beno Kwisa na Ngumba ya Yehowa","Url":"https://download-a.akamaihd.net/files/media_music/ea/iasnv2_MK_06.mp3"},{"Title":"088-V Bana Kele Dikabu ya Mekatuka na Nzambi","Url":"https://download-a.akamaihd.net/files/media_music/4b/iasnv2_MK_07.mp3"},{"Title":"081-V “Yika Beto Lukwikilu”","Url":"https://download-a.akamaihd.net/files/media_music/0e/iasnv2_MK_08.mp3"},{"Title":"058-V Kisambu na Munu ya Kudipesa","Url":"https://download-a.akamaihd.net/files/media_music/8e/iasnv2_MK_09.mp3"},{"Title":"108-V Kumisa Yehowa Sambu na Kimfumu na Yandi","Url":"https://download-a.akamaihd.net/files/media_music/24/iasnv2_MK_10.mp3"},{"Title":"116-V Nsemo Kusema Dyaka Mingi","Url":"https://download-a.akamaihd.net/files/media_music/8a/iasnv2_MK_11.mp3"},{"Title":"123-V Bangungudi Ke Makabu ya Bantu","Url":"https://download-a.akamaihd.net/files/media_music/54/iasnv2_MK_12.mp3"},{"Title":"124-V Beno Yamba Bo","Url":"https://download-a.akamaihd.net/files/media_music/d8/iasnv2_MK_13.mp3"},{"Title":"061-V Mutindu ya Muntu Yina Mu Fwete Vanda","Url":"https://download-a.akamaihd.net/files/media_music/89/iasnv2_MK_14.mp3"},{"Title":"064-V Yayi Kyeleka","Url":"https://download-a.akamaihd.net/files/media_music/88/iasnv2_MK_15.mp3"},{"Title":"008-V Madya ya Nkokila ya Mfumu","Url":"https://download-a.akamaihd.net/files/media_music/78/iasnv2_MK_16.mp3"},{"Title":"068-V Kisambu ya Nsukami","Url":"https://download-a.akamaihd.net/files/media_music/7d/iasnv2_MK_17.mp3"},{"Title":"057-V Mambu ya Mono Keyindulaka","Url":"https://download-a.akamaihd.net/files/media_music/13/iasnv2_MK_18.mp3"},{"Title":"085-V Nsendo ya Mvimba Yina Yehowa Kepesaka","Url":"https://download-a.akamaihd.net/files/media_music/91/iasnv2_MK_19.mp3"}]}