{"Title":"Sing to Jehovah—Vocal Renditions, Disc 2","Tracks":[{"Title":"074-Z Jehova je naší radostí","Url":"https://download-a.akamaihd.net/files/media_music/05/iasnv2_B_01.mp3"},{"Title":"095-Z „Ochutnejte a vizte, že Jehova je dobrý“","Url":"https://download-a.akamaihd.net/files/media_music/27/iasnv2_B_02.mp3"},{"Title":"069-Z Dej mi poznat své cesty","Url":"https://download-a.akamaihd.net/files/media_music/e8/iasnv2_B_03.mp3"},{"Title":"130-Z Zázrak života","Url":"https://download-a.akamaihd.net/files/media_music/95/iasnv2_B_04.mp3"},{"Title":"060-Z Bůh ti dá sílu","Url":"https://download-a.akamaihd.net/files/media_music/52/iasnv2_B_05.mp3"},{"Title":"107-Z Vystupme na Jehovovu horu","Url":"https://download-a.akamaihd.net/files/media_music/97/iasnv2_B_06.mp3"},{"Title":"088-Z Děti jsou dědictvím od Jehovy","Url":"https://download-a.akamaihd.net/files/media_music/e5/iasnv2_B_07.mp3"},{"Title":"081-Z „Dej nám více víry“","Url":"https://download-a.akamaihd.net/files/media_music/4d/iasnv2_B_08.mp3"},{"Title":"058-Z Modlitba zasvěcení","Url":"https://download-a.akamaihd.net/files/media_music/a3/iasnv2_B_09.mp3"},{"Title":"108-Z Děkujte Jehovovi za jeho Království","Url":"https://download-a.akamaihd.net/files/media_music/43/iasnv2_B_10.mp3"},{"Title":"116-Z Světlo svítí stále víc","Url":"https://download-a.akamaihd.net/files/media_music/c5/iasnv2_B_11.mp3"},{"Title":"123-Z Pastýři — dary v podobě lidí","Url":"https://download-a.akamaihd.net/files/media_music/51/iasnv2_B_12.mp3"},{"Title":"124-Z Buďme pohostinní","Url":"https://download-a.akamaihd.net/files/media_music/10/iasnv2_B_13.mp3"},{"Title":"061-Z Jakým člověkem bych měl být","Url":"https://download-a.akamaihd.net/files/media_music/55/iasnv2_B_14.mp3"},{"Title":"064-Z Stále v pravdě stůj","Url":"https://download-a.akamaihd.net/files/media_music/56/iasnv2_B_15.mp3"},{"Title":"008-Z Pánova večeře","Url":"https://download-a.akamaihd.net/files/media_music/53/iasnv2_B_16.mp3"},{"Title":"068-Z Modlitba ztrápeného","Url":"https://download-a.akamaihd.net/files/media_music/1b/iasnv2_B_17.mp3"},{"Title":"057-Z Rozjímání mého srdce","Url":"https://download-a.akamaihd.net/files/media_music/6a/iasnv2_B_18.mp3"},{"Title":"085-Z Bohatá odměna od Jehovy","Url":"https://download-a.akamaihd.net/files/media_music/0e/iasnv2_B_19.mp3"}]}