{"Title":"Sing to Jehovah—Vocal Renditions, Disc 2","Tracks":[{"Title":"074-V Disanka dia Yehowa","Url":"https://download-a.akamaihd.net/files/media_music/fe/iasnv2_SH_01.mp3"},{"Title":"095-V ‘Teta, ulabule, umvue ne: Yehowa udi muakane’","Url":"https://download-a.akamaihd.net/files/media_music/a1/iasnv2_SH_02.mp3"},{"Title":"069-V Ummanyishe njila yebe","Url":"https://download-a.akamaihd.net/files/media_music/dc/iasnv2_SH_03.mp3"},{"Title":"130-V Muoyo ntshishima","Url":"https://download-a.akamaihd.net/files/media_music/98/iasnv2_SH_04.mp3"},{"Title":"060-V Neakukoleshe","Url":"https://download-a.akamaihd.net/files/media_music/4a/iasnv2_SH_05.mp3"},{"Title":"107-V Luayi ku mukuna wa Yehowa","Url":"https://download-a.akamaihd.net/files/media_music/38/iasnv2_SH_06.mp3"},{"Title":"088-V Bana ntshieya tshia kudi Nzambi","Url":"https://download-a.akamaihd.net/files/media_music/2d/iasnv2_SH_07.mp3"},{"Title":"081-V ‘Udiundishe ditabuja dietu’","Url":"https://download-a.akamaihd.net/files/media_music/1d/iasnv2_SH_08.mp3"},{"Title":"058-V Disambila dia didilambula","Url":"https://download-a.akamaihd.net/files/media_music/ba/iasnv2_SH_09.mp3"},{"Title":"108-V Tumbishayi Yehowa bua Bukalenge buende!","Url":"https://download-a.akamaihd.net/files/media_music/92/iasnv2_SH_10.mp3"},{"Title":"116-V Butoke budi buenda anu buvula","Url":"https://download-a.akamaihd.net/files/media_music/7e/iasnv2_SH_11.mp3"},{"Title":"123-V Balami mmapa mikale bantu","Url":"https://download-a.akamaihd.net/files/media_music/5d/iasnv2_SH_12.mp3"},{"Title":"124-V Nubakidile bimpe","Url":"https://download-a.akamaihd.net/files/media_music/7e/iasnv2_SH_13.mp3"},{"Title":"061-V Ngikale muntu wa mushindu kayi?","Url":"https://download-a.akamaihd.net/files/media_music/8f/iasnv2_SH_14.mp3"},{"Title":"064-V Unange bulelela bikole","Url":"https://download-a.akamaihd.net/files/media_music/20/iasnv2_SH_15.mp3"},{"Title":"008-V Didia dia Mukalenge","Url":"https://download-a.akamaihd.net/files/media_music/7a/iasnv2_SH_16.mp3"},{"Title":"068-V Kulomba kua muntu mupuekele","Url":"https://download-a.akamaihd.net/files/media_music/d9/iasnv2_SH_17.mp3"},{"Title":"057-V Meji andi ngelangana  mu muoyo wanyi","Url":"https://download-a.akamaihd.net/files/media_music/3a/iasnv2_SH_18.mp3"},{"Title":"085-V Yehowa neakupe difutu diebe dionso","Url":"https://download-a.akamaihd.net/files/media_music/c8/iasnv2_SH_19.mp3"}]}