{"Title":"Sing to Jehovah—Vocal Renditions, Disc 4","Tracks":[{"Title":"102-K Stem i sangen om Riket!","Url":"https://download-a.akamaihd.net/files/media_music/f5/iasnv4_N_01.mp3"},{"Title":"007-K Kristen innvielse","Url":"https://download-a.akamaihd.net/files/media_music/c5/iasnv4_N_02.mp3"},{"Title":"066-K Jeg vil tjene Jehova av hele min sjel","Url":"https://download-a.akamaihd.net/files/media_music/4c/iasnv4_N_03.mp3"},{"Title":"003-K «Gud er kjærlighet»","Url":"https://download-a.akamaihd.net/files/media_music/0e/iasnv4_N_04.mp3"},{"Title":"119-K Kom og få ny styrke!","Url":"https://download-a.akamaihd.net/files/media_music/09/iasnv4_N_05.mp3"},{"Title":"027-K Stå fast for Jehova!","Url":"https://download-a.akamaihd.net/files/media_music/e4/iasnv4_N_06.mp3"},{"Title":"132-K En seierssang","Url":"https://download-a.akamaihd.net/files/media_music/32/iasnv4_N_07.mp3"},{"Title":"012-K Løftet om evig liv","Url":"https://download-a.akamaihd.net/files/media_music/e8/iasnv4_N_08.mp3"},{"Title":"004-K Et godt navn hos Gud","Url":"https://download-a.akamaihd.net/files/media_music/1f/iasnv4_N_09.mp3"},{"Title":"059-K Vi er innvigd til Gud","Url":"https://download-a.akamaihd.net/files/media_music/e0/iasnv4_N_10.mp3"},{"Title":"022-K «Jehova er min Hyrde»","Url":"https://download-a.akamaihd.net/files/media_music/6a/iasnv4_N_11.mp3"},{"Title":"073-K Elsk hverandre inderlig av hjertet","Url":"https://download-a.akamaihd.net/files/media_music/15/iasnv4_N_12.mp3"},{"Title":"097-K Fremad, dere tjenere for Riket!","Url":"https://download-a.akamaihd.net/files/media_music/2a/iasnv4_N_13.mp3"},{"Title":"029-K Å vandre ulastelig","Url":"https://download-a.akamaihd.net/files/media_music/82/iasnv4_N_14.mp3"},{"Title":"070-K ’Forviss dere om de viktigere ting’","Url":"https://download-a.akamaihd.net/files/media_music/9c/iasnv4_N_15.mp3"},{"Title":"006-K Guds tjeneres bønn","Url":"https://download-a.akamaihd.net/files/media_music/d5/iasnv4_N_16.mp3"},{"Title":"086-K Trofaste kvinner","Url":"https://download-a.akamaihd.net/files/media_music/e4/iasnv4_N_17.mp3"},{"Title":"131-K Jehova, vår Redningsmann","Url":"https://download-a.akamaihd.net/files/media_music/86/iasnv4_N_18.mp3"}]}