{"Title":"Sing to Jehovah—Vocal Renditions, Disc 2","Tracks":[{"Title":"074-V Ɔngɛnɔngɛnɔ wa Jehowa","Url":"https://download-a.akamaihd.net/files/media_music/6a/iasnv2_OT_01.mp3"},{"Title":"095-V ‘Nyɔlɛtɛ ko nyayeya dia Jehowa ekɔ ɔlɔlɔ’","Url":"https://download-a.akamaihd.net/files/media_music/6d/iasnv2_OT_02.mp3"},{"Title":"069-V Ombetsha mboka yayɛ","Url":"https://download-a.akamaihd.net/files/media_music/87/iasnv2_OT_03.mp3"},{"Title":"130-V Dihindo dia lɔsɛnɔ","Url":"https://download-a.akamaihd.net/files/media_music/05/iasnv2_OT_04.mp3"},{"Title":"060-V Nde ayokokeketsha","Url":"https://download-a.akamaihd.net/files/media_music/77/iasnv2_OT_05.mp3"},{"Title":"107-V Nyoye l’okongo wa Jehowa","Url":"https://download-a.akamaihd.net/files/media_music/45/iasnv2_OT_06.mp3"},{"Title":"088-V Ana wekɔ sango di’oma le Nzambi","Url":"https://download-a.akamaihd.net/files/media_music/f5/iasnv2_OT_07.mp3"},{"Title":"081-V ‘Otosha mbetawɔ k’efula’","Url":"https://download-a.akamaihd.net/files/media_music/17/iasnv2_OT_08.mp3"},{"Title":"058-V Dɔmbɛlɔ dia ndjakimɔ","Url":"https://download-a.akamaihd.net/files/media_music/9b/iasnv2_OT_09.mp3"},{"Title":"108-V Totombole Jehowa l’ɔtɛ wa Diolelo diande","Url":"https://download-a.akamaihd.net/files/media_music/d4/iasnv2_OT_10.mp3"},{"Title":"116-V Osase wekɔ lo taleke mpɛta","Url":"https://download-a.akamaihd.net/files/media_music/c6/iasnv2_OT_11.mp3"},{"Title":"123-V Alami wekɔ apami wele oko weshasha","Url":"https://download-a.akamaihd.net/files/media_music/75/iasnv2_OT_12.mp3"},{"Title":"124-V Nyâlongole dimɛna","Url":"https://download-a.akamaihd.net/files/media_music/6f/iasnv2_OT_13.mp3"},{"Title":"061-V Woho akɔna w’onto wahombami monga?","Url":"https://download-a.akamaihd.net/files/media_music/8f/iasnv2_OT_14.mp3"},{"Title":"064-V Akambo wa mɛtɛ wayale waso","Url":"https://download-a.akamaihd.net/files/media_music/2a/iasnv2_OT_15.mp3"},{"Title":"008-V Dambo dia dikɔlɔ dia Nkumadiɔndjɔ","Url":"https://download-a.akamaihd.net/files/media_music/75/iasnv2_OT_16.mp3"},{"Title":"068-V Dɔmbɛlɔ dia kanga okitshakitsha","Url":"https://download-a.akamaihd.net/files/media_music/fd/iasnv2_OT_17.mp3"},{"Title":"057-V Ekanelo ka yimba k’otema ami","Url":"https://download-a.akamaihd.net/files/media_music/b1/iasnv2_OT_18.mp3"},{"Title":"085-V Difuto di’ɔlɔlɔ di’oma le Jehowa","Url":"https://download-a.akamaihd.net/files/media_music/b4/iasnv2_OT_19.mp3"}]}