{"Title":"Sing to Jehovah—Vocal Renditions, Disc 1","Tracks":[{"Title":"065-K ”Detta är vägen”","Url":"https://download-a.akamaihd.net/files/media_music/b3/iasnv1_Z_001.mp3"},{"Title":"063-K Helt lojala","Url":"https://download-a.akamaihd.net/files/media_music/a9/iasnv1_Z_002.mp3"},{"Title":"111-K Tröstens löfte","Url":"https://download-a.akamaihd.net/files/media_music/f3/iasnv1_Z_003.mp3"},{"Title":"110-K Guds underbara verk","Url":"https://download-a.akamaihd.net/files/media_music/94/iasnv1_Z_004.mp3"},{"Title":"075-K En sång om vår glädje","Url":"https://download-a.akamaihd.net/files/media_music/24/iasnv1_Z_005.mp3"},{"Title":"087-K Nu är vi ett","Url":"https://download-a.akamaihd.net/files/media_music/26/iasnv1_Z_006.mp3"},{"Title":"036-K ”Vad Gud har fogat samman”","Url":"https://download-a.akamaihd.net/files/media_music/b5/iasnv1_Z_007.mp3"},{"Title":"045-K Gå framåt!","Url":"https://download-a.akamaihd.net/files/media_music/0d/iasnv1_Z_008.mp3"},{"Title":"098-K Sprid sanningens säd","Url":"https://download-a.akamaihd.net/files/media_music/24/iasnv1_Z_009.mp3"},{"Title":"084-K ”Jag vill”","Url":"https://download-a.akamaihd.net/files/media_music/b4/iasnv1_Z_010.mp3"},{"Title":"092-K Sprid Guds ord!","Url":"https://download-a.akamaihd.net/files/media_music/36/iasnv1_Z_011.mp3"},{"Title":"109-K Hylla Jehovas förstfödde!","Url":"https://download-a.akamaihd.net/files/media_music/03/iasnv1_Z_012.mp3"},{"Title":"089-K Jehovas innerliga vädjan: ”Var vis, min son”","Url":"https://download-a.akamaihd.net/files/media_music/67/iasnv1_Z_013.mp3"},{"Title":"101-K Vi sprider sanningens ljus","Url":"https://download-a.akamaihd.net/files/media_music/a3/iasnv1_Z_014.mp3"},{"Title":"091-K Min Fader, min Gud och vän","Url":"https://download-a.akamaihd.net/files/media_music/56/iasnv1_Z_015.mp3"},{"Title":"090-K Grått hår - en skönhetens krona","Url":"https://download-a.akamaihd.net/files/media_music/1b/iasnv1_Z_016.mp3"},{"Title":"134-K Se dig själv i den nya världen","Url":"https://download-a.akamaihd.net/files/media_music/64/iasnv1_Z_017.mp3"}]}