{"Title":"Sing to Jehovah—Vocal Renditions, Disc 1","Tracks":[{"Title":"065-V «Kjo është udha»","Url":"https://download-a.akamaihd.net/files/media_music/ce/iasnv1_AL_01.mp3"},{"Title":"063-V Të rrimë besnikë","Url":"https://download-a.akamaihd.net/files/media_music/1d/iasnv1_AL_02.mp3"},{"Title":"111-V ‘Unë thërras!’","Url":"https://download-a.akamaihd.net/files/media_music/bb/iasnv1_AL_03.mp3"},{"Title":"110-V Veprat e mrekullueshme të Perëndisë","Url":"https://download-a.akamaihd.net/files/media_music/1a/iasnv1_AL_04.mp3"},{"Title":"075-V Arsyet e gëzimit tonë","Url":"https://download-a.akamaihd.net/files/media_music/78/iasnv1_AL_05.mp3"},{"Title":"087-V Tani jemi një","Url":"https://download-a.akamaihd.net/files/media_music/10/iasnv1_AL_06.mp3"},{"Title":"036-V «Atë që Perëndia e ka bashkuar»","Url":"https://download-a.akamaihd.net/files/media_music/98/iasnv1_AL_07.mp3"},{"Title":"045-V Përparo!","Url":"https://download-a.akamaihd.net/files/media_music/c4/iasnv1_AL_08.mp3"},{"Title":"098-V Mbillni farёn e Mbretёrisё","Url":"https://download-a.akamaihd.net/files/media_music/54/iasnv1_AL_09.mp3"},{"Title":"084-V 'Po, dua!'","Url":"https://download-a.akamaihd.net/files/media_music/8b/iasnv1_AL_10.mp3"},{"Title":"092-V «Prediko fjalën»","Url":"https://download-a.akamaihd.net/files/media_music/2d/iasnv1_AL_11.mp3"},{"Title":"109-V T’i thurim lavdi të parëlindurit të Jehovait!","Url":"https://download-a.akamaihd.net/files/media_music/8f/iasnv1_AL_12.mp3"},{"Title":"089-V Thirrja e ngrohtë e Jehovait: «Ji i mençur, biri im!»","Url":"https://download-a.akamaihd.net/files/media_music/a0/iasnv1_AL_13.mp3"},{"Title":"101-V Tё përhapim tё vёrtetën e Mbretёrisё","Url":"https://download-a.akamaihd.net/files/media_music/49/iasnv1_AL_14.mp3"},{"Title":"091-V Perëndia Jehova është im Atë dhe Mik","Url":"https://download-a.akamaihd.net/files/media_music/93/iasnv1_AL_15.mp3"},{"Title":"090-V Flokët e bardhë, një kurorë bukurie","Url":"https://download-a.akamaihd.net/files/media_music/1a/iasnv1_AL_16.mp3"},{"Title":"134-V Përfytyro çdo gjë të re","Url":"https://download-a.akamaihd.net/files/media_music/46/iasnv1_AL_17.mp3"}]}