{"Title":"Sing to Jehovah—Vocal Renditions, Disc 3","Tracks":[{"Title":"046–В Йехова е нашият Цар!","Url":"https://download-a.akamaihd.net/files/media_music/54/iasnv3_BL_01.mp3"},{"Title":"103–В От дом на дом","Url":"https://download-a.akamaihd.net/files/media_music/96/iasnv3_BL_02.mp3"},{"Title":"077–В Да прощаваме щедро","Url":"https://download-a.akamaihd.net/files/media_music/bc/iasnv3_BL_03.mp3"},{"Title":"062–В Кому принадлежим?","Url":"https://download-a.akamaihd.net/files/media_music/1a/iasnv3_BL_04.mp3"},{"Title":"014–В Бог прави всичко ново","Url":"https://download-a.akamaihd.net/files/media_music/e4/iasnv3_BL_05.mp3"},{"Title":"114–В Книгата на Бога е съкровище","Url":"https://download-a.akamaihd.net/files/media_music/88/iasnv3_BL_06.mp3"},{"Title":"120–В Слушай, прилагай и ще бъдеш благословен!","Url":"https://download-a.akamaihd.net/files/media_music/32/iasnv3_BL_07.mp3"},{"Title":"096–В Да търсим достойните","Url":"https://download-a.akamaihd.net/files/media_music/ae/iasnv3_BL_08.mp3"},{"Title":"054–В Трябва да имаме вяра","Url":"https://download-a.akamaihd.net/files/media_music/76/iasnv3_BL_09.mp3"},{"Title":"083–В Нуждаем се от самоконтрол","Url":"https://download-a.akamaihd.net/files/media_music/1e/iasnv3_BL_10.mp3"},{"Title":"126–В Труд, подбуждан от любов","Url":"https://download-a.akamaihd.net/files/media_music/a1/iasnv3_BL_11.mp3"},{"Title":"125–В Лоялно да следваме теократичния ред","Url":"https://download-a.akamaihd.net/files/media_music/44/iasnv3_BL_12.mp3"},{"Title":"040–В Да търсим първо Царството","Url":"https://download-a.akamaihd.net/files/media_music/2c/iasnv3_BL_13.mp3"},{"Title":"019–В Божието обещание за рая","Url":"https://download-a.akamaihd.net/files/media_music/c7/iasnv3_BL_14.mp3"},{"Title":"056–В Чуй молитвата ми, Боже!","Url":"https://download-a.akamaihd.net/files/media_music/96/iasnv3_BL_15.mp3"},{"Title":"127–В Дом за твоето свято име","Url":"https://download-a.akamaihd.net/files/media_music/13/iasnv3_BL_16.mp3"},{"Title":"106–В Да спечелим приятелството на Йехова","Url":"https://download-a.akamaihd.net/files/media_music/f4/iasnv3_BL_17.mp3"},{"Title":"133–В Да търсим избавление от Бога","Url":"https://download-a.akamaihd.net/files/media_music/20/iasnv3_BL_18.mp3"}]}