{"Title":"Sing to Jehovah—Vocal Renditions, Disc 1","Tracks":[{"Title":"065–В „Това е пътят“","Url":"https://download-a.akamaihd.net/files/media_music/05/iasnv1_BL_001.mp3"},{"Title":"063–В Да бъдем лоялни","Url":"https://download-a.akamaihd.net/files/media_music/c4/iasnv1_BL_002.mp3"},{"Title":"111–В „Ще ме повикаш“","Url":"https://download-a.akamaihd.net/files/media_music/d7/iasnv1_BL_003.mp3"},{"Title":"110–В Чудесните дела на Бога","Url":"https://download-a.akamaihd.net/files/media_music/94/iasnv1_BL_004.mp3"},{"Title":"075–В Причините за радостта ни","Url":"https://download-a.akamaihd.net/files/media_music/3a/iasnv1_BL_005.mp3"},{"Title":"087–В С тебе сме едно","Url":"https://download-a.akamaihd.net/files/media_music/4a/iasnv1_BL_006.mp3"},{"Title":"036–В „Онова, което Бог е впрегнал в общ ярем“","Url":"https://download-a.akamaihd.net/files/media_music/92/iasnv1_BL_007.mp3"},{"Title":"045–В Все напредвай!","Url":"https://download-a.akamaihd.net/files/media_music/9e/iasnv1_BL_008.mp3"},{"Title":"098–В Да сеем семената на Царството","Url":"https://download-a.akamaihd.net/files/media_music/1b/iasnv1_BL_009.mp3"},{"Title":"084–В „Искам“","Url":"https://download-a.akamaihd.net/files/media_music/68/iasnv1_BL_010.mp3"},{"Title":"092–В „Проповядвай словото“","Url":"https://download-a.akamaihd.net/files/media_music/7e/iasnv1_BL_011.mp3"},{"Title":"109–В Да славим Първородния на Йехова!","Url":"https://download-a.akamaihd.net/files/media_music/e9/iasnv1_BL_012.mp3"},{"Title":"089–В Сърдечна подкана от Йехова: „Сине мой, бъди мъдър“","Url":"https://download-a.akamaihd.net/files/media_music/eb/iasnv1_BL_013.mp3"},{"Title":"101–В Да известяваме истината за Царството","Url":"https://download-a.akamaihd.net/files/media_music/38/iasnv1_BL_014.mp3"},{"Title":"091–В Мой Приятел, Бог и Баща","Url":"https://download-a.akamaihd.net/files/media_music/e3/iasnv1_BL_015.mp3"},{"Title":"090–В Красотата на белите коси","Url":"https://download-a.akamaihd.net/files/media_music/2b/iasnv1_BL_016.mp3"},{"Title":"134–В Виж себе си в новия свят","Url":"https://download-a.akamaihd.net/files/media_music/ef/iasnv1_BL_017.mp3"}]}