{"Title":"Sing to Jehovah—Vocal Renditions, Disc 6","Tracks":[{"Title":"030-V Si Jehova Nagagahom Na","Url":"https://download-a.akamaihd.net/files/media_music/71/iasnv6_HV_01.mp3"},{"Title":"121-V Palig-una ang Isa kag Isa","Url":"https://download-a.akamaihd.net/files/media_music/c7/iasnv6_HV_02.mp3"},{"Title":"033-V Indi Magkahadlok sa Ila!","Url":"https://download-a.akamaihd.net/files/media_music/0d/iasnv6_HV_03.mp3"},{"Title":"025-V Pamatuod sang Pagkadisipulo","Url":"https://download-a.akamaihd.net/files/media_music/e7/iasnv6_HV_04.mp3"},{"Title":"042-V “Buligan ang mga Maluya”","Url":"https://download-a.akamaihd.net/files/media_music/4d/iasnv6_HV_05.mp3"},{"Title":"032-V Magpakalig-on, Di-mationg!","Url":"https://download-a.akamaihd.net/files/media_music/6c/iasnv6_HV_06.mp3"},{"Title":"071-V Ang Dulot sang Dios nga Balaan nga Espiritu","Url":"https://download-a.akamaihd.net/files/media_music/d8/iasnv6_HV_07.mp3"},{"Title":"093-V “Paiwaga ang Inyo Kapawa”","Url":"https://download-a.akamaihd.net/files/media_music/52/iasnv6_HV_08.mp3"},{"Title":"105-V Ginapahayag sang Langit ang Himaya sang Dios","Url":"https://download-a.akamaihd.net/files/media_music/a5/iasnv6_HV_09.mp3"},{"Title":"072-V Pagpalambo sang Kinaiya nga Gugma","Url":"https://download-a.akamaihd.net/files/media_music/e5/iasnv6_HV_10.mp3"},{"Title":"026-V Maglakat Upod sa Dios!","Url":"https://download-a.akamaihd.net/files/media_music/4b/iasnv6_HV_11.mp3"},{"Title":"129-V Manguyapot sing Hugot sa Paglaum","Url":"https://download-a.akamaihd.net/files/media_music/49/iasnv6_HV_12.mp3"},{"Title":"038-V Itugyan ang Imo Lulan kay Jehova","Url":"https://download-a.akamaihd.net/files/media_music/73/iasnv6_HV_13.mp3"},{"Title":"135-V Magbatas Tubtob sa Katapusan","Url":"https://download-a.akamaihd.net/files/media_music/b3/iasnv6_HV_14.mp3"},{"Title":"044-V Masadya nga Nagapakigbahin sa Pag-ani","Url":"https://download-a.akamaihd.net/files/media_music/5f/iasnv6_HV_15.mp3"},{"Title":"080-V Ang Pagkamaayo ni Jehova","Url":"https://download-a.akamaihd.net/files/media_music/ab/iasnv6_HV_16.mp3"},{"Title":"037-V Ang Kasulatan—Gintuytuyan sang Dios","Url":"https://download-a.akamaihd.net/files/media_music/31/iasnv6_HV_17.mp3"},{"Title":"049-V Si Jehova Aton Dalangpan","Url":"https://download-a.akamaihd.net/files/media_music/9c/iasnv6_HV_18.mp3"},{"Title":"020-V Pakamaayuha ang Amon Pagtilipon","Url":"https://download-a.akamaihd.net/files/media_music/3b/iasnv6_HV_19.mp3"},{"Title":"034-V Mangin Takus Gid sa Aton Ngalan","Url":"https://download-a.akamaihd.net/files/media_music/17/iasnv6_HV_20.mp3"},{"Title":"001-V Mga Kinaiya ni Jehova","Url":"https://download-a.akamaihd.net/files/media_music/40/iasnv6_HV_21.mp3"}]}