{"Title":"Sing to Jehovah—Vocal Renditions, Disc 3","Tracks":[{"Title":"046-V Ni Jehova ti Aritayo!","Url":"https://download-a.akamaihd.net/files/media_music/c9/iasnv3_IL_01.mp3"},{"Title":"103-V “Iti Binalaybalay”","Url":"https://download-a.akamaihd.net/files/media_music/b4/iasnv3_IL_02.mp3"},{"Title":"077-V Mamakawantayo","Url":"https://download-a.akamaihd.net/files/media_music/9c/iasnv3_IL_03.mp3"},{"Title":"062-V Makinkukua Kadatayo?","Url":"https://download-a.akamaihd.net/files/media_music/32/iasnv3_IL_04.mp3"},{"Title":"014-V Napabaro ti Amin a Banag","Url":"https://download-a.akamaihd.net/files/media_music/80/iasnv3_IL_05.mp3"},{"Title":"114-V Libro ti Dios—Maysa a Gameng","Url":"https://download-a.akamaihd.net/files/media_music/90/iasnv3_IL_06.mp3"},{"Title":"120-V Umimdeng, Agtulnog, ket Mabendisionan","Url":"https://download-a.akamaihd.net/files/media_music/08/iasnv3_IL_07.mp3"},{"Title":"096-V Sapulentayo Dagiti Maikari","Url":"https://download-a.akamaihd.net/files/media_music/18/iasnv3_IL_08.mp3"},{"Title":"054-V Masapul nga Adda Pammatitayo","Url":"https://download-a.akamaihd.net/files/media_music/e0/iasnv3_IL_09.mp3"},{"Title":"083-V Masapul nga Agteppeltayo","Url":"https://download-a.akamaihd.net/files/media_music/b2/iasnv3_IL_10.mp3"},{"Title":"126-V Gapuanan ti Ayatmi","Url":"https://download-a.akamaihd.net/files/media_music/c5/iasnv3_IL_11.mp3"},{"Title":"125-V Sisusungdo nga Agpasakup iti Urnos ti Dios","Url":"https://download-a.akamaihd.net/files/media_music/74/iasnv3_IL_12.mp3"},{"Title":"040-V Itultuloyyo a Sapulen nga Umuna ti Pagarian","Url":"https://download-a.akamaihd.net/files/media_music/1b/iasnv3_IL_13.mp3"},{"Title":"019-V Paraiso nga Inkari ti Dios","Url":"https://download-a.akamaihd.net/files/media_music/0f/iasnv3_IL_14.mp3"},{"Title":"056-V Denggem Kadi ti Kararagko","Url":"https://download-a.akamaihd.net/files/media_music/d8/iasnv3_IL_15.mp3"},{"Title":"127-V Pasdek a Maipaay iti Naganmo","Url":"https://download-a.akamaihd.net/files/media_music/be/iasnv3_IL_16.mp3"},{"Title":"106-V Pannakigayyem ken Jehova","Url":"https://download-a.akamaihd.net/files/media_music/06/iasnv3_IL_17.mp3"},{"Title":"133-V Sapulenyo ni Jehova Tapno Maisalakankayo","Url":"https://download-a.akamaihd.net/files/media_music/a4/iasnv3_IL_18.mp3"}]}