{"Title":"Sing to Jehovah—Vocal Renditions, Disc 3","Tracks":[{"Title":"046-V 여호와는 우리의 왕이시다!","Url":"https://download-a.akamaihd.net/files/media_music/f5/iasnv3_KO_01.mp3"},{"Title":"103-V “집집으로”","Url":"https://download-a.akamaihd.net/files/media_music/f0/iasnv3_KO_02.mp3"},{"Title":"077-V 용서하는 사람이 되리","Url":"https://download-a.akamaihd.net/files/media_music/70/iasnv3_KO_03.mp3"},{"Title":"062-V 우리는 누구에게 속해 있나?","Url":"https://download-a.akamaihd.net/files/media_music/d3/iasnv3_KO_04.mp3"},{"Title":"014-V 모든 것을 새롭게 하시리라","Url":"https://download-a.akamaihd.net/files/media_music/67/iasnv3_KO_05.mp3"},{"Title":"114-V 하느님의 책—보물","Url":"https://download-a.akamaihd.net/files/media_music/6d/iasnv3_KO_06.mp3"},{"Title":"120-V 잘 듣고 순종하여 축복을 받으라","Url":"https://download-a.akamaihd.net/files/media_music/11/iasnv3_KO_07.mp3"},{"Title":"096-V 합당한 사람들을 찾으라","Url":"https://download-a.akamaihd.net/files/media_music/3e/iasnv3_KO_08.mp3"},{"Title":"054-V 우리는 믿음을 가져야 한다","Url":"https://download-a.akamaihd.net/files/media_music/5f/iasnv3_KO_09.mp3"},{"Title":"083-V 우리는 자제가 필요하다","Url":"https://download-a.akamaihd.net/files/media_music/64/iasnv3_KO_10.mp3"},{"Title":"126-V 사랑으로 흘린 땀","Url":"https://download-a.akamaihd.net/files/media_music/30/iasnv3_KO_11.mp3"},{"Title":"125-V 신권 질서에 충성스럽게 복종하리","Url":"https://download-a.akamaihd.net/files/media_music/3b/iasnv3_KO_12.mp3"},{"Title":"040-V 왕국을 계속 첫째로 구하라","Url":"https://download-a.akamaihd.net/files/media_music/29/iasnv3_KO_13.mp3"},{"Title":"019-V 하느님께서 약속하신 낙원","Url":"https://download-a.akamaihd.net/files/media_music/e5/iasnv3_KO_14.mp3"},{"Title":"056-V 내 기도를 들어 주소서","Url":"https://download-a.akamaihd.net/files/media_music/c0/iasnv3_KO_15.mp3"},{"Title":"127-V 당신의 이름을 위한 집","Url":"https://download-a.akamaihd.net/files/media_music/68/iasnv3_KO_16.mp3"},{"Title":"106-V 여호와의 벗이 되리","Url":"https://download-a.akamaihd.net/files/media_music/39/iasnv3_KO_17.mp3"},{"Title":"133-V 구출자이신 하느님을 찾으라","Url":"https://download-a.akamaihd.net/files/media_music/6f/iasnv3_KO_18.mp3"}]}