{"Title":"Sing to Jehovah—Vocal Renditions, Disc 3","Tracks":[{"Title":"046-K Jehova er vår Konge!","Url":"https://download-a.akamaihd.net/files/media_music/67/iasnv3_N_01.mp3"},{"Title":"103-K «Fra hus til hus»","Url":"https://download-a.akamaihd.net/files/media_music/a3/iasnv3_N_02.mp3"},{"Title":"077-K Tilgi hverandre","Url":"https://download-a.akamaihd.net/files/media_music/9e/iasnv3_N_03.mp3"},{"Title":"062-K Hvem vil du høre til?","Url":"https://download-a.akamaihd.net/files/media_music/0f/iasnv3_N_04.mp3"},{"Title":"014-K «Se, jeg gjør alle ting nye»","Url":"https://download-a.akamaihd.net/files/media_music/c2/iasnv3_N_05.mp3"},{"Title":"114-K Guds egen bok – en skatt","Url":"https://download-a.akamaihd.net/files/media_music/54/iasnv3_N_06.mp3"},{"Title":"120-K Lydighet gir lykke og fred","Url":"https://download-a.akamaihd.net/files/media_music/55/iasnv3_N_07.mp3"},{"Title":"096-K Finn ut hvem som fortjener det","Url":"https://download-a.akamaihd.net/files/media_music/f1/iasnv3_N_08.mp3"},{"Title":"054-K Vi må ha tro","Url":"https://download-a.akamaihd.net/files/media_music/d1/iasnv3_N_09.mp3"},{"Title":"083-K Vi må ha selvkontroll","Url":"https://download-a.akamaihd.net/files/media_music/43/iasnv3_N_10.mp3"},{"Title":"126-K Vårt kjærlige strev","Url":"https://download-a.akamaihd.net/files/media_music/98/iasnv3_N_11.mp3"},{"Title":"125-K Guds lojale tjenere har teokratisk orden","Url":"https://download-a.akamaihd.net/files/media_music/73/iasnv3_N_12.mp3"},{"Title":"040-K Søk bestandig først Guds rike!","Url":"https://download-a.akamaihd.net/files/media_music/02/iasnv3_N_13.mp3"},{"Title":"019-K Guds løfte om Paradiset","Url":"https://download-a.akamaihd.net/files/media_music/72/iasnv3_N_14.mp3"},{"Title":"056-K Hør min bønn","Url":"https://download-a.akamaihd.net/files/media_music/e4/iasnv3_N_15.mp3"},{"Title":"127-K Et hus til ære for ditt navn","Url":"https://download-a.akamaihd.net/files/media_music/8f/iasnv3_N_16.mp3"},{"Title":"106-K Vennskap med Jehova","Url":"https://download-a.akamaihd.net/files/media_music/1c/iasnv3_N_17.mp3"},{"Title":"133-K Søk Gud, så du kan bli utfridd","Url":"https://download-a.akamaihd.net/files/media_music/ab/iasnv3_N_18.mp3"}]}