{"Title":"Sing to Jehovah—Vocal Renditions, Disc 2","Tracks":[{"Title":"074-K An Kagayagayahan Gikan ki Jehova","Url":"https://download-a.akamaihd.net/files/media_music/90/iasnv2_BI_01.mp3"},{"Title":"095-K “Namiti Asin Helinga Nindo na si Jehova Marahay”","Url":"https://download-a.akamaihd.net/files/media_music/86/iasnv2_BI_02.mp3"},{"Title":"069-K Paaraman sa Sako an Saimong Dalan","Url":"https://download-a.akamaihd.net/files/media_music/26/iasnv2_BI_03.mp3"},{"Title":"130-K An Milagro nin Buhay","Url":"https://download-a.akamaihd.net/files/media_music/5e/iasnv2_BI_04.mp3"},{"Title":"060-K Papakosogon Ka Nia","Url":"https://download-a.akamaihd.net/files/media_music/8b/iasnv2_BI_05.mp3"},{"Title":"107-K Madia, Tumukad Kita sa Bukid ni Jehova","Url":"https://download-a.akamaihd.net/files/media_music/d9/iasnv2_BI_06.mp3"},{"Title":"088-K An mga Aki Kargo Gikan sa Dios","Url":"https://download-a.akamaihd.net/files/media_music/98/iasnv2_BI_07.mp3"},{"Title":"081-K “Dugangi an Samong Pagtubod”","Url":"https://download-a.akamaihd.net/files/media_music/cf/iasnv2_BI_08.mp3"},{"Title":"058-K An Sakong Pamibi sa Pagdusay","Url":"https://download-a.akamaihd.net/files/media_music/34/iasnv2_BI_09.mp3"},{"Title":"108-K Omawa si Jehova Huli sa Saiyang Kahadean","Url":"https://download-a.akamaihd.net/files/media_music/77/iasnv2_BI_10.mp3"},{"Title":"116-K An Liwanag Orog na Nagliliwanag","Url":"https://download-a.akamaihd.net/files/media_music/66/iasnv2_BI_11.mp3"},{"Title":"123-K Mga Pastor—Balaog na mga Lalaki","Url":"https://download-a.akamaihd.net/files/media_music/29/iasnv2_BI_12.mp3"},{"Title":"124-K Akoon Sindang May Pag-istimar","Url":"https://download-a.akamaihd.net/files/media_music/31/iasnv2_BI_13.mp3"},{"Title":"061-K Kun Ano an Maninigo na Magin Pagkatawo Ko","Url":"https://download-a.akamaihd.net/files/media_music/2b/iasnv2_BI_14.mp3"},{"Title":"064-K Isapuso Mo an Katotoohan","Url":"https://download-a.akamaihd.net/files/media_music/dd/iasnv2_BI_15.mp3"},{"Title":"008-K An Pamanggihan kan Kagurangnan","Url":"https://download-a.akamaihd.net/files/media_music/d3/iasnv2_BI_16.mp3"},{"Title":"068-K Pamibi kan Tawong Hamak","Url":"https://download-a.akamaihd.net/files/media_music/78/iasnv2_BI_17.mp3"},{"Title":"057-K An Paghorophorop kan Sakong Puso","Url":"https://download-a.akamaihd.net/files/media_music/0f/iasnv2_BI_18.mp3"},{"Title":"085-K Kompletong Balos Hale ki Jehova","Url":"https://download-a.akamaihd.net/files/media_music/c0/iasnv2_BI_19.mp3"}]}