{"Title":"Sing to Jehovah—Vocal Renditions, Disc 6","Tracks":[{"Title":"030-V Nagtikang Na an Pagmando ni Jehova","Url":"https://download-a.akamaihd.net/files/media_music/98/iasnv6_SA_01.mp3"},{"Title":"121-V Magdinasigay Kita","Url":"https://download-a.akamaihd.net/files/media_music/f7/iasnv6_SA_02.mp3"},{"Title":"033-V Ayaw Kahadlok ha Ira!","Url":"https://download-a.akamaihd.net/files/media_music/f3/iasnv6_SA_03.mp3"},{"Title":"025-V Pamatuod han Pagkadisipulo","Url":"https://download-a.akamaihd.net/files/media_music/d7/iasnv6_SA_04.mp3"},{"Title":"042-V ‘Buligi an mga Maluya’","Url":"https://download-a.akamaihd.net/files/media_music/6d/iasnv6_SA_05.mp3"},{"Title":"032-V Magmarig-on, Diri Nababantad!","Url":"https://download-a.akamaihd.net/files/media_music/0e/iasnv6_SA_06.mp3"},{"Title":"071-V An Regalo han Dios nga Baraan nga Espiritu","Url":"https://download-a.akamaihd.net/files/media_music/33/iasnv6_SA_07.mp3"},{"Title":"093-V Ipasanag an Iyo Kalamrag","Url":"https://download-a.akamaihd.net/files/media_music/4e/iasnv6_SA_08.mp3"},{"Title":"105-V Iginhahayag han Langit an Himaya han Dios","Url":"https://download-a.akamaihd.net/files/media_music/41/iasnv6_SA_09.mp3"},{"Title":"072-V Pagkultibar han Gugma","Url":"https://download-a.akamaihd.net/files/media_music/12/iasnv6_SA_10.mp3"},{"Title":"026-V Maglakat Upod han Dios","Url":"https://download-a.akamaihd.net/files/media_music/33/iasnv6_SA_11.mp3"},{"Title":"129-V Marig-on nga Tipigi an Aton Paglaom","Url":"https://download-a.akamaihd.net/files/media_music/92/iasnv6_SA_12.mp3"},{"Title":"038-V Itubyan kan Jehova an Imo Pinas-an","Url":"https://download-a.akamaihd.net/files/media_music/2c/iasnv6_SA_13.mp3"},{"Title":"135-V Magpailob Tubtob ha Kataposan","Url":"https://download-a.akamaihd.net/files/media_music/ee/iasnv6_SA_14.mp3"},{"Title":"044-V Malipayon nga Nakikigbahin ha Pag-ani","Url":"https://download-a.akamaihd.net/files/media_music/c2/iasnv6_SA_15.mp3"},{"Title":"080-V An Kalidad nga Pagkamaopay","Url":"https://download-a.akamaihd.net/files/media_music/6b/iasnv6_SA_16.mp3"},{"Title":"037-V An Kasuratan—Giniyahan han Dios","Url":"https://download-a.akamaihd.net/files/media_music/17/iasnv6_SA_17.mp3"},{"Title":"049-V Hi Jehova an Aton Darangpanan","Url":"https://download-a.akamaihd.net/files/media_music/38/iasnv6_SA_18.mp3"},{"Title":"020-V Bendisyoni an Amon Katirok","Url":"https://download-a.akamaihd.net/files/media_music/4f/iasnv6_SA_19.mp3"},{"Title":"034-V Pagin Takos ha Aton Ngaran","Url":"https://download-a.akamaihd.net/files/media_music/6d/iasnv6_SA_20.mp3"},{"Title":"001-V Mga Kalidad ni Jehova","Url":"https://download-a.akamaihd.net/files/media_music/57/iasnv6_SA_21.mp3"}]}