{"Title":"Sing to Jehovah—Vocal Renditions, Disc 3","Tracks":[{"Title":"046–V Jehova je naš Kralj!","Url":"https://download-a.akamaihd.net/files/media_music/55/iasnv3_SBO_001.mp3"},{"Title":"103–V „Od kuće do kuće“","Url":"https://download-a.akamaihd.net/files/media_music/65/iasnv3_SBO_002.mp3"},{"Title":"077–V Spremno opraštajmo","Url":"https://download-a.akamaihd.net/files/media_music/04/iasnv3_SBO_003.mp3"},{"Title":"062–V Kome pripadamo?","Url":"https://download-a.akamaihd.net/files/media_music/ae/iasnv3_SBO_004.mp3"},{"Title":"014–V Bog sve novo čini","Url":"https://download-a.akamaihd.net/files/media_music/1f/iasnv3_SBO_005.mp3"},{"Title":"114–V Božja Reč je blago","Url":"https://download-a.akamaihd.net/files/media_music/09/iasnv3_SBO_006.mp3"},{"Title":"120–V Poslušnost vodi do sreće","Url":"https://download-a.akamaihd.net/files/media_music/a1/iasnv3_SBO_007.mp3"},{"Title":"096–V Tražimo dostojne","Url":"https://download-a.akamaihd.net/files/media_music/b3/iasnv3_SBO_008.mp3"},{"Title":"054–V Moramo imati pravu veru","Url":"https://download-a.akamaihd.net/files/media_music/8f/iasnv3_SBO_009.mp3"},{"Title":"083–V Pokazujmo samosavladavanje","Url":"https://download-a.akamaihd.net/files/media_music/9f/iasnv3_SBO_010.mp3"},{"Title":"126–V Naš rad pun ljubavi","Url":"https://download-a.akamaihd.net/files/media_music/00/iasnv3_SBO_011.mp3"},{"Title":"125–V Verno se podložimo teokratskom redu","Url":"https://download-a.akamaihd.net/files/media_music/2d/iasnv3_SBO_012.mp3"},{"Title":"040–V Tražimo najpre Božje Kraljevstvo","Url":"https://download-a.akamaihd.net/files/media_music/f1/iasnv3_SBO_013.mp3"},{"Title":"019–V Bog nam je obećao raj","Url":"https://download-a.akamaihd.net/files/media_music/78/iasnv3_SBO_014.mp3"},{"Title":"056–V Čuj molitvu moju","Url":"https://download-a.akamaihd.net/files/media_music/17/iasnv3_SBO_015.mp3"},{"Title":"127–V Dom koji nosi Božje ime","Url":"https://download-a.akamaihd.net/files/media_music/b7/iasnv3_SBO_016.mp3"},{"Title":"106–V Budimo Jehovini prijatelji","Url":"https://download-a.akamaihd.net/files/media_music/04/iasnv3_SBO_017.mp3"},{"Title":"133–V Bog je naš Izbavitelj","Url":"https://download-a.akamaihd.net/files/media_music/64/iasnv3_SBO_018.mp3"}]}