{"Title":"Sing to Jehovah—Vocal Renditions, Disc 1","Tracks":[{"Title":"065-V “Daytoy ti Dalan”","Url":"https://download-a.akamaihd.net/files/media_music/98/iasnv1_IL_01.mp3"},{"Title":"063-V Agtalinaedtayo a Nasungdo","Url":"https://download-a.akamaihd.net/files/media_music/fb/iasnv1_IL_02.mp3"},{"Title":"111-V Umawagto","Url":"https://download-a.akamaihd.net/files/media_music/46/iasnv1_IL_03.mp3"},{"Title":"110-V Dagiti Nakaskasdaaw nga Aramid ti Dios","Url":"https://download-a.akamaihd.net/files/media_music/8f/iasnv1_IL_04.mp3"},{"Title":"075-V Dagiti Panggapuantayo nga Agrag-o","Url":"https://download-a.akamaihd.net/files/media_music/43/iasnv1_IL_05.mp3"},{"Title":"087-V Maymaysatan","Url":"https://download-a.akamaihd.net/files/media_music/e1/iasnv1_IL_06.mp3"},{"Title":"036-V “Pinagsinnangol ti Dios”","Url":"https://download-a.akamaihd.net/files/media_music/ca/iasnv1_IL_07.mp3"},{"Title":"045-V Rumang-ayka!","Url":"https://download-a.akamaihd.net/files/media_music/49/iasnv1_IL_08.mp3"},{"Title":"098-V Panangimula iti Bin-i ti Pagarian","Url":"https://download-a.akamaihd.net/files/media_music/04/iasnv1_IL_09.mp3"},{"Title":"084-V “Kayatko”","Url":"https://download-a.akamaihd.net/files/media_music/01/iasnv1_IL_10.mp3"},{"Title":"092-V “Ikasabam ti Sao”","Url":"https://download-a.akamaihd.net/files/media_music/03/iasnv1_IL_11.mp3"},{"Title":"109-V Idaydayawtayo ti Inauna nga Anak ni Jehova!","Url":"https://download-a.akamaihd.net/files/media_music/c2/iasnv1_IL_12.mp3"},{"Title":"089-V Ti Kiddaw ni Jehova: “Agmasiribka, Anakko”","Url":"https://download-a.akamaihd.net/files/media_music/fa/iasnv1_IL_13.mp3"},{"Title":"101-V Ipakaammotayo ti Kinapudno Maipapan iti Pagarian","Url":"https://download-a.akamaihd.net/files/media_music/36/iasnv1_IL_14.mp3"},{"Title":"091-V Amak, Diosko ken Gayyemko","Url":"https://download-a.akamaihd.net/files/media_music/a3/iasnv1_IL_15.mp3"},{"Title":"090-V Pintas ti Kinaubanan","Url":"https://download-a.akamaihd.net/files/media_music/07/iasnv1_IL_16.mp3"},{"Title":"134-V Inton Mapabaro ti Amin","Url":"https://download-a.akamaihd.net/files/media_music/35/iasnv1_IL_17.mp3"}]}