{"Title":"Sing to Jehovah—Vocal Renditions, Disc 3","Tracks":[{"Title":"046-V Hi Jehova an Aton Hadi!","Url":"https://download-a.akamaihd.net/files/media_music/a2/iasnv3_SA_01.mp3"},{"Title":"103-V &quot;Ha Tagsa-tagsa nga Balay&quot;","Url":"https://download-a.akamaihd.net/files/media_music/4b/iasnv3_SA_02.mp3"},{"Title":"077-V Magin Mapinasayloon","Url":"https://download-a.akamaihd.net/files/media_music/0b/iasnv3_SA_03.mp3"},{"Title":"062-V Kan Kanay Kita Sakop?","Url":"https://download-a.akamaihd.net/files/media_music/9c/iasnv3_SA_04.mp3"},{"Title":"014-V Ngatanan nga Butang Ginbag-o","Url":"https://download-a.akamaihd.net/files/media_music/83/iasnv3_SA_05.mp3"},{"Title":"114-V An Libro han Dios—Usa nga Bahandi","Url":"https://download-a.akamaihd.net/files/media_music/dc/iasnv3_SA_06.mp3"},{"Title":"120-V Pamati, Sugot, Ngan Karawat hin Bendisyon","Url":"https://download-a.akamaihd.net/files/media_music/63/iasnv3_SA_07.mp3"},{"Title":"096-V Pamilnga an mga Takos","Url":"https://download-a.akamaihd.net/files/media_music/73/iasnv3_SA_08.mp3"},{"Title":"054-V Kinahanglan May-ada Kita Pagtoo","Url":"https://download-a.akamaihd.net/files/media_music/48/iasnv3_SA_09.mp3"},{"Title":"083-V Kinahanglan Magpugong ha Kalugaringon","Url":"https://download-a.akamaihd.net/files/media_music/f3/iasnv3_SA_10.mp3"},{"Title":"126-V Bunga han Amon Gugma","Url":"https://download-a.akamaihd.net/files/media_music/c5/iasnv3_SA_11.mp3"},{"Title":"125-V Magpasakop ha Kahikayan han Dios","Url":"https://download-a.akamaihd.net/files/media_music/cb/iasnv3_SA_12.mp3"},{"Title":"040-V Pamilnga Siyahan an Ginhadian","Url":"https://download-a.akamaihd.net/files/media_music/65/iasnv3_SA_13.mp3"},{"Title":"019-V An Saad han Dios nga Paraiso","Url":"https://download-a.akamaihd.net/files/media_music/99/iasnv3_SA_14.mp3"},{"Title":"056-V Alayon Pamatii an Akon Pag-ampo","Url":"https://download-a.akamaihd.net/files/media_music/a2/iasnv3_SA_15.mp3"},{"Title":"127-V Lugar Para ha Imo Ngaran","Url":"https://download-a.akamaihd.net/files/media_music/62/iasnv3_SA_16.mp3"},{"Title":"106-V Pakigsangkay kan Jehova","Url":"https://download-a.akamaihd.net/files/media_music/3e/iasnv3_SA_17.mp3"},{"Title":"133-V Pamilnga an Dios Basi Ka Maluwas","Url":"https://download-a.akamaihd.net/files/media_music/2e/iasnv3_SA_18.mp3"}]}