{"Title":"Sing to Jehovah—Vocal Renditions, Disc 4","Tracks":[{"Title":"102-V Yhdy Valtakunnan lauluun!","Url":"https://download-a.akamaihd.net/files/media_music/75/iasnv4_FI_01.mp3"},{"Title":"007-V Kristillinen vihkiytyminen","Url":"https://download-a.akamaihd.net/files/media_music/c9/iasnv4_FI_02.mp3"},{"Title":"066-V Palvelen Jehovaa koko sielustani","Url":"https://download-a.akamaihd.net/files/media_music/7d/iasnv4_FI_03.mp3"},{"Title":"003-V ”Jumala on rakkaus”","Url":"https://download-a.akamaihd.net/files/media_music/34/iasnv4_FI_04.mp3"},{"Title":"119-V Tule ja virvoitu!","Url":"https://download-a.akamaihd.net/files/media_music/8d/iasnv4_FI_05.mp3"},{"Title":"027-V Seiso Jehovan puolella!","Url":"https://download-a.akamaihd.net/files/media_music/0f/iasnv4_FI_06.mp3"},{"Title":"132-V Voittolaulu","Url":"https://download-a.akamaihd.net/files/media_music/ab/iasnv4_FI_07.mp3"},{"Title":"012-V Lupaus ikuisesta elämästä","Url":"https://download-a.akamaihd.net/files/media_music/8f/iasnv4_FI_08.mp3"},{"Title":"004-V Luo hyvä nimi Jumalan edessä","Url":"https://download-a.akamaihd.net/files/media_music/57/iasnv4_FI_09.mp3"},{"Title":"059-V Me olemme vihkiytyneet Jehovalle!","Url":"https://download-a.akamaihd.net/files/media_music/e0/iasnv4_FI_10.mp3"},{"Title":"022-V ”Jehova on minun Paimeneni”","Url":"https://download-a.akamaihd.net/files/media_music/84/iasnv4_FI_11.mp3"},{"Title":"073-V Rakasta toisia sydämestäsi","Url":"https://download-a.akamaihd.net/files/media_music/fd/iasnv4_FI_12.mp3"},{"Title":"097-V Eteenpäin, Valtakunnan julistajat!","Url":"https://download-a.akamaihd.net/files/media_music/fc/iasnv4_FI_13.mp3"},{"Title":"029-V Vaellan nuhteettomasti","Url":"https://download-a.akamaihd.net/files/media_music/cd/iasnv4_FI_14.mp3"},{"Title":"070-V ”Varmistautukaa tärkeämmistä asioista”","Url":"https://download-a.akamaihd.net/files/media_music/0c/iasnv4_FI_15.mp3"},{"Title":"006-V Jumalan palvelijan rukous","Url":"https://download-a.akamaihd.net/files/media_music/bb/iasnv4_FI_16.mp3"},{"Title":"086-V Uskolliset naiset, kristityt sisaret","Url":"https://download-a.akamaihd.net/files/media_music/6b/iasnv4_FI_17.mp3"},{"Title":"131-V Jehova avaa pääsyn turvaan","Url":"https://download-a.akamaihd.net/files/media_music/47/iasnv4_FI_18.mp3"}]}