{"Title":"Sing to Jehovah—Vocal Renditions, Disc 2","Tracks":[{"Title":"074-V Esengo ya Yehova","Url":"https://download-a.akamaihd.net/files/media_music/67/iasnv2_LI_01.mp3"},{"Title":"095-V ‘Bómeka mpe bómona malamu ya Yehova’","Url":"https://download-a.akamaihd.net/files/media_music/ca/iasnv2_LI_02.mp3"},{"Title":"069-V Salá ete nayeba banzela na yo","Url":"https://download-a.akamaihd.net/files/media_music/6e/iasnv2_LI_03.mp3"},{"Title":"130-V Bomoi ezali likamwisi","Url":"https://download-a.akamaihd.net/files/media_music/ac/iasnv2_LI_04.mp3"},{"Title":"060-V Akokómisa yo makasi","Url":"https://download-a.akamaihd.net/files/media_music/e2/iasnv2_LI_05.mp3"},{"Title":"107-V Bóya na ngomba ya Yehova","Url":"https://download-a.akamaihd.net/files/media_music/1f/iasnv2_LI_06.mp3"},{"Title":"088-V Bana bazali mokumba Nzambe apesi","Url":"https://download-a.akamaihd.net/files/media_music/7d/iasnv2_LI_07.mp3"},{"Title":"081-V “Bakiselá biso kondima”","Url":"https://download-a.akamaihd.net/files/media_music/de/iasnv2_LI_08.mp3"},{"Title":"058-V Libondeli na ngai ya komipesa","Url":"https://download-a.akamaihd.net/files/media_music/56/iasnv2_LI_09.mp3"},{"Title":"108-V Bósanzola Yehova mpo na Bokonzi na ye","Url":"https://download-a.akamaihd.net/files/media_music/f1/iasnv2_LI_10.mp3"},{"Title":"116-V Pole ezali kongɛnga se kongɛnga","Url":"https://download-a.akamaihd.net/files/media_music/cf/iasnv2_LI_11.mp3"},{"Title":"123-V Babateli ya mpate—Makabo oyo ezali bato","Url":"https://download-a.akamaihd.net/files/media_music/2d/iasnv2_LI_12.mp3"},{"Title":"124-V Tóyamba bango malamu","Url":"https://download-a.akamaihd.net/files/media_music/95/iasnv2_LI_13.mp3"},{"Title":"061-V Lolenge ya moto oyo nasengeli kozala","Url":"https://download-a.akamaihd.net/files/media_music/6c/iasnv2_LI_14.mp3"},{"Title":"064-V Monisá solo","Url":"https://download-a.akamaihd.net/files/media_music/59/iasnv2_LI_15.mp3"},{"Title":"008-V Bilei ya mpokwa ya Nkolo","Url":"https://download-a.akamaihd.net/files/media_music/c1/iasnv2_LI_16.mp3"},{"Title":"068-V Libondeli ya moto ya komikitisa","Url":"https://download-a.akamaihd.net/files/media_music/f5/iasnv2_LI_17.mp3"},{"Title":"057-V Komanyola ya motema na ngai","Url":"https://download-a.akamaihd.net/files/media_music/6b/iasnv2_LI_18.mp3"},{"Title":"085-V Mbano monene oyo Yehova apesi biso","Url":"https://download-a.akamaihd.net/files/media_music/11/iasnv2_LI_19.mp3"}]}