{"Title":"Sing to Jehovah—Vocal Renditions, Disc 4","Tracks":[{"Title":"102-V Bashkohuni në këngën e Mbretërisë!","Url":"https://download-a.akamaihd.net/files/media_music/ec/iasnv4_AL_01.mp3"},{"Title":"007-V Kushtimi i krishterë","Url":"https://download-a.akamaihd.net/files/media_music/f6/iasnv4_AL_02.mp3"},{"Title":"066-V T'i shërbejmë Jehovait me gjithë shpirt","Url":"https://download-a.akamaihd.net/files/media_music/82/iasnv4_AL_03.mp3"},{"Title":"003-V «Perëndia është dashuri»","Url":"https://download-a.akamaihd.net/files/media_music/67/iasnv4_AL_04.mp3"},{"Title":"119-V Ejani! Freskohuni!","Url":"https://download-a.akamaihd.net/files/media_music/d7/iasnv4_AL_05.mp3"},{"Title":"027-V Të marrim anën e Jehovait","Url":"https://download-a.akamaihd.net/files/media_music/d9/iasnv4_AL_06.mp3"},{"Title":"132-V Kënga e fitores","Url":"https://download-a.akamaihd.net/files/media_music/18/iasnv4_AL_07.mp3"},{"Title":"012-V Premtohet jeta e përhershme","Url":"https://download-a.akamaihd.net/files/media_music/d0/iasnv4_AL_08.mp3"},{"Title":"004-V Të bëjmë një emër të mirë para Perëndisë","Url":"https://download-a.akamaihd.net/files/media_music/7e/iasnv4_AL_09.mp3"},{"Title":"059-V Perëndisë i jemi kushtuar","Url":"https://download-a.akamaihd.net/files/media_music/1a/iasnv4_AL_10.mp3"},{"Title":"022-V Jehovai është bariu im","Url":"https://download-a.akamaihd.net/files/media_music/e8/iasnv4_AL_11.mp3"},{"Title":"073-V Kini dashuri të zjarrtë nga zemra","Url":"https://download-a.akamaihd.net/files/media_music/4c/iasnv4_AL_12.mp3"},{"Title":"097-V Përpara, shërbëtorë të Mbretërisë!","Url":"https://download-a.akamaihd.net/files/media_music/1f/iasnv4_AL_13.mp3"},{"Title":"029-V Të ecim me integritet","Url":"https://download-a.akamaihd.net/files/media_music/c8/iasnv4_AL_14.mp3"},{"Title":"070-V 'Të sigurohemi për gjërat më të rëndësishme'","Url":"https://download-a.akamaihd.net/files/media_music/fc/iasnv4_AL_15.mp3"},{"Title":"006-V Lutja e shërbëtorit të Perëndisë","Url":"https://download-a.akamaihd.net/files/media_music/bd/iasnv4_AL_16.mp3"},{"Title":"086-V Gra besnike, motra të krishtere","Url":"https://download-a.akamaihd.net/files/media_music/69/iasnv4_AL_17.mp3"},{"Title":"131-V Jehovai siguron shpëtimin","Url":"https://download-a.akamaihd.net/files/media_music/54/iasnv4_AL_18.mp3"}]}