{"Title":"Sing to Jehovah—Vocal Renditions, Disc 2","Tracks":[{"Title":"074-V The Joy of Jehovah","Url":"https://download-a.akamaihd.net/files/media_music/07/iasnv2_E_01.mp3"},{"Title":"095-V \"Taste and See That Jehovah Is Good\"","Url":"https://download-a.akamaihd.net/files/media_music/71/iasnv2_E_02.mp3"},{"Title":"069-V Make Me Know Your Ways","Url":"https://download-a.akamaihd.net/files/media_music/ad/iasnv2_E_03.mp3"},{"Title":"130-V The Miracle of Life","Url":"https://download-a.akamaihd.net/files/media_music/ec/iasnv2_E_04.mp3"},{"Title":"060-V He Will Make You Strong","Url":"https://download-a.akamaihd.net/files/media_music/29/iasnv2_E_05.mp3"},{"Title":"107-V Come to Jehovah's Mountain","Url":"https://download-a.akamaihd.net/files/media_music/3f/iasnv2_E_06.mp3"},{"Title":"088-V Children Are a Trust From God","Url":"https://download-a.akamaihd.net/files/media_music/fb/iasnv2_E_07.mp3"},{"Title":"081-V \"Give Us More Faith\"","Url":"https://download-a.akamaihd.net/files/media_music/14/iasnv2_E_08.mp3"},{"Title":"058-V My Prayer of Dedication","Url":"https://download-a.akamaihd.net/files/media_music/32/iasnv2_E_09.mp3"},{"Title":"108-V Praise Jehovah for His Kingdom","Url":"https://download-a.akamaihd.net/files/media_music/a1/iasnv2_E_10.mp3"},{"Title":"116-V The Light Gets Brighter","Url":"https://download-a.akamaihd.net/files/media_music/26/iasnv2_E_11.mp3"},{"Title":"123-V Shepherds—Gifts in Men","Url":"https://download-a.akamaihd.net/files/media_music/9a/iasnv2_E_12.mp3"},{"Title":"124-V Receive Them With Hospitality","Url":"https://download-a.akamaihd.net/files/media_music/cb/iasnv2_E_13.mp3"},{"Title":"061-V What Sort of Person I Should Be","Url":"https://download-a.akamaihd.net/files/media_music/83/iasnv2_E_14.mp3"},{"Title":"064-V Make the Truth Your Own","Url":"https://download-a.akamaihd.net/files/media_music/3a/iasnv2_E_15.mp3"},{"Title":"008-V The Lord's Evening Meal","Url":"https://download-a.akamaihd.net/files/media_music/fa/iasnv2_E_16.mp3"},{"Title":"068-V A Prayer of the Lowly One","Url":"https://download-a.akamaihd.net/files/media_music/e6/iasnv2_E_17.mp3"},{"Title":"057-V The Meditation of My Heart","Url":"https://download-a.akamaihd.net/files/media_music/4f/iasnv2_E_18.mp3"},{"Title":"085-V A Full Reward From Jehovah","Url":"https://download-a.akamaihd.net/files/media_music/f4/iasnv2_E_19.mp3"}]}