{"Title":"Sing to Jehovah—Vocal Renditions, Disc 2","Tracks":[{"Title":"074-Φ Η Χαρά του Ιεχωβά","Url":"https://download-a.akamaihd.net/files/media_music/7c/iasnv2_G_01.mp3"},{"Title":"095-Φ «Γευτείτε και Δείτε ότι ο Ιεχωβά Είναι Αγαθός»","Url":"https://download-a.akamaihd.net/files/media_music/13/iasnv2_G_02.mp3"},{"Title":"069-Φ Μάθε μου τις Οδούς Σου","Url":"https://download-a.akamaihd.net/files/media_music/9f/iasnv2_G_03.mp3"},{"Title":"130-Φ Το Θαύμα της Ζωής","Url":"https://download-a.akamaihd.net/files/media_music/9b/iasnv2_G_04.mp3"},{"Title":"060-Φ Θα σε Κάνει Ισχυρό","Url":"https://download-a.akamaihd.net/files/media_music/04/iasnv2_G_05.mp3"},{"Title":"107-Φ Ελάτε στο Βουνό του Ιεχωβά","Url":"https://download-a.akamaihd.net/files/media_music/5d/iasnv2_G_06.mp3"},{"Title":"088-Φ Τα Παιδιά Είναι Παρακαταθήκη από τον Θεό","Url":"https://download-a.akamaihd.net/files/media_music/ef/iasnv2_G_07.mp3"},{"Title":"081-Φ «Δώσε μας Περισσότερη Πίστη»","Url":"https://download-a.akamaihd.net/files/media_music/e9/iasnv2_G_08.mp3"},{"Title":"058-Φ Η Προσευχή της Αφιέρωσής Μου","Url":"https://download-a.akamaihd.net/files/media_music/f9/iasnv2_G_09.mp3"},{"Title":"108-Φ Αινείτε τον Ιεχωβά για τη Βασιλεία Του","Url":"https://download-a.akamaihd.net/files/media_music/17/iasnv2_G_10.mp3"},{"Title":"116-Φ Το Φως Γίνεται Λαμπρότερο","Url":"https://download-a.akamaihd.net/files/media_music/d7/iasnv2_G_11.mp3"},{"Title":"123-Φ Ποιμένες—Δώρα σε Μορφή Ανθρώπων","Url":"https://download-a.akamaihd.net/files/media_music/78/iasnv2_G_12.mp3"},{"Title":"124-Φ Να τους Δέχεστε Φιλόξενα","Url":"https://download-a.akamaihd.net/files/media_music/1a/iasnv2_G_13.mp3"},{"Title":"061-Φ Τι Είδους Άτομο Πρέπει να Είμαι","Url":"https://download-a.akamaihd.net/files/media_music/95/iasnv2_G_14.mp3"},{"Title":"064-Φ Κάντε την Αλήθεια Κτήμα Σας","Url":"https://download-a.akamaihd.net/files/media_music/d0/iasnv2_G_15.mp3"},{"Title":"008-Φ Το Δείπνο του Κυρίου","Url":"https://download-a.akamaihd.net/files/media_music/4d/iasnv2_G_16.mp3"},{"Title":"068-Φ Η Προσευχή του Ταπεινού","Url":"https://download-a.akamaihd.net/files/media_music/c6/iasnv2_G_17.mp3"},{"Title":"057-Φ Ο Στοχασμός της Καρδιάς Μου","Url":"https://download-a.akamaihd.net/files/media_music/64/iasnv2_G_18.mp3"},{"Title":"085-Φ Πλήρης Ανταμοιβή από τον Ιεχωβά","Url":"https://download-a.akamaihd.net/files/media_music/da/iasnv2_G_19.mp3"}]}