{"Title":"Sing to Jehovah—Vocal Renditions, Disc 1","Tracks":[{"Title":"065-Z „To je ta cesta“","Url":"https://download-a.akamaihd.net/files/media_music/da/iasnv1_B_001.mp3"},{"Title":"063-Z Buďme vždycky věrní","Url":"https://download-a.akamaihd.net/files/media_music/d3/iasnv1_B_002.mp3"},{"Title":"111-Z Zavolá","Url":"https://download-a.akamaihd.net/files/media_music/2d/iasnv1_B_003.mp3"},{"Title":"110-Z Boží podivuhodná díla","Url":"https://download-a.akamaihd.net/files/media_music/67/iasnv1_B_004.mp3"},{"Title":"075-Z Důvody k radosti","Url":"https://download-a.akamaihd.net/files/media_music/55/iasnv1_B_005.mp3"},{"Title":"087-Z Jsme jedním tělem","Url":"https://download-a.akamaihd.net/files/media_music/2b/iasnv1_B_006.mp3"},{"Title":"036-Z ‚Co Bůh jhem svázal‘","Url":"https://download-a.akamaihd.net/files/media_music/a3/iasnv1_B_007.mp3"},{"Title":"045-Z Stále dál!","Url":"https://download-a.akamaihd.net/files/media_music/a7/iasnv1_B_008.mp3"},{"Title":"098-Z Rozsévejme semena Království","Url":"https://download-a.akamaihd.net/files/media_music/f3/iasnv1_B_009.mp3"},{"Title":"084-Z „Chci“","Url":"https://download-a.akamaihd.net/files/media_music/82/iasnv1_B_010.mp3"},{"Title":"092-Z „Kaž slovo“","Url":"https://download-a.akamaihd.net/files/media_music/12/iasnv1_B_011.mp3"},{"Title":"109-Z Vítej Krista, Krále!","Url":"https://download-a.akamaihd.net/files/media_music/be/iasnv1_B_012.mp3"},{"Title":"089-Z Jehova s láskou vybízí: „Buď moudrý, můj synu“","Url":"https://download-a.akamaihd.net/files/media_music/4c/iasnv1_B_013.mp3"},{"Title":"101-Z Oznamujme pravdu o Království","Url":"https://download-a.akamaihd.net/files/media_music/19/iasnv1_B_014.mp3"},{"Title":"091-Z Můj Bůh, Otec a Přítel","Url":"https://download-a.akamaihd.net/files/media_music/f4/iasnv1_B_015.mp3"},{"Title":"090-Z Krása letitých","Url":"https://download-a.akamaihd.net/files/media_music/75/iasnv1_B_016.mp3"},{"Title":"134-Z Vidíš sám sebe v ráji?","Url":"https://download-a.akamaihd.net/files/media_music/25/iasnv1_B_017.mp3"}]}