{"Title":"Kingdom Melodies, Volume 5","Tracks":[{"Title":"141","Url":"https://download-a.akamaihd.net/files/media_music/f5/iam-5_E_01.mp3"},{"Title":"69","Url":"https://download-a.akamaihd.net/files/media_music/47/iam-5_E_02.mp3"},{"Title":"131","Url":"https://download-a.akamaihd.net/files/media_music/97/iam-5_E_03.mp3"},{"Title":"199","Url":"https://download-a.akamaihd.net/files/media_music/7a/iam-5_E_04.mp3"},{"Title":"115","Url":"https://download-a.akamaihd.net/files/media_music/d5/iam-5_E_05.mp3"},{"Title":"19","Url":"https://download-a.akamaihd.net/files/media_music/db/iam-5_E_06.mp3"},{"Title":"5","Url":"https://download-a.akamaihd.net/files/media_music/7a/iam-5_E_07.mp3"},{"Title":"37","Url":"https://download-a.akamaihd.net/files/media_music/14/iam-5_E_08.mp3"},{"Title":"116","Url":"https://download-a.akamaihd.net/files/media_music/dd/iam-5_E_09.mp3"},{"Title":"80","Url":"https://download-a.akamaihd.net/files/media_music/d4/iam-5_E_10.mp3"},{"Title":"194","Url":"https://download-a.akamaihd.net/files/media_music/de/iam-5_E_11.mp3"},{"Title":"119","Url":"https://download-a.akamaihd.net/files/media_music/d5/iam-5_E_12.mp3"},{"Title":"22","Url":"https://download-a.akamaihd.net/files/media_music/e0/iam-5_E_13.mp3"},{"Title":"40","Url":"https://download-a.akamaihd.net/files/media_music/20/iam-5_E_14.mp3"},{"Title":"44","Url":"https://download-a.akamaihd.net/files/media_music/7b/iam-5_E_15.mp3"},{"Title":"202","Url":"https://download-a.akamaihd.net/files/media_music/58/iam-5_E_16.mp3"}]}