{"Title":"Sing to Jehovah—Vocal Renditions, Disc 2","Tracks":[{"Title":"130-M Umweo Waba Cipesha Amano","Url":"https://download-a.akamaihd.net/files/media_music/88/iasnv2_CW_004.mp3"},{"Title":"088-M Abana Bupe Lesa Aseekesha Abafyashi","Url":"https://download-a.akamaihd.net/files/media_music/9c/iasnv2_CW_007.mp3"},{"Title":"081-M \"Tulundileniko Icitetekelo\"","Url":"https://download-a.akamaihd.net/files/media_music/2f/iasnv2_CW_008.mp3"},{"Title":"058-M Ipepo Lyandi Ilya Kuipeela Kuli Lesa","Url":"https://download-a.akamaihd.net/files/media_music/f6/iasnv2_CW_009.mp3"},{"Title":"108-M Lumbanyeni Yehova pa Bufumu Bwakwe","Url":"https://download-a.akamaihd.net/files/media_music/6d/iasnv2_CW_010.mp3"},{"Title":"123-M Bakacema Baba fya Bupe ku Bantu","Url":"https://download-a.akamaihd.net/files/media_music/34/iasnv2_CW_012.mp3"},{"Title":"008-M Umulaalilo wa kwa Shikulu","Url":"https://download-a.akamaihd.net/files/media_music/e9/iasnv2_CW_016.mp3"},{"Title":"060-M Akamukosha","Url":"https://download-a.akamaihd.net/files/media_music/33/iasnv2_CW_060.mp3"}]}