{"Title":"Sing to Jehovah—Vocal Renditions, Disc 1","Tracks":[{"Title":"065-V ”Inilah Jalan\"","Url":"https://download-a.akamaihd.net/files/media_music/74/iasnv1_IN_01.mp3"},{"Title":"063-V Selalu Loyal","Url":"https://download-a.akamaihd.net/files/media_music/31/iasnv1_IN_02.mp3"},{"Title":"111-V Ia Akan Memanggil","Url":"https://download-a.akamaihd.net/files/media_music/d1/iasnv1_IN_03.mp3"},{"Title":"110-V Pekerjaan Allah yang Menakjubkan","Url":"https://download-a.akamaihd.net/files/media_music/0c/iasnv1_IN_04.mp3"},{"Title":"075-V Alasan Kita Bersukacita","Url":"https://download-a.akamaihd.net/files/media_music/63/iasnv1_IN_05.mp3"},{"Title":"087-V Kini Kita Satu","Url":"https://download-a.akamaihd.net/files/media_music/05/iasnv1_IN_06.mp3"},{"Title":"036-V ’Yang Allah Letakkan di Bawah Satu Kuk’","Url":"https://download-a.akamaihd.net/files/media_music/37/iasnv1_IN_07.mp3"},{"Title":"045-V Majulah!","Url":"https://download-a.akamaihd.net/files/media_music/91/iasnv1_IN_08.mp3"},{"Title":"098-V Menabur Benih Kerajaan","Url":"https://download-a.akamaihd.net/files/media_music/07/iasnv1_IN_09.mp3"},{"Title":"084-V ”Aku Mau”","Url":"https://download-a.akamaihd.net/files/media_music/be/iasnv1_IN_10.mp3"},{"Title":"092-V ”Beritakanlah Firman”","Url":"https://download-a.akamaihd.net/files/media_music/75/iasnv1_IN_11.mp3"},{"Title":"109-V Sambutlah Putra Sulung Yehuwa!","Url":"https://download-a.akamaihd.net/files/media_music/fa/iasnv1_IN_12.mp3"},{"Title":"089-V Kata Huwa, ”Hendaklah Berhikmat, Putraku”","Url":"https://download-a.akamaihd.net/files/media_music/81/iasnv1_IN_13.mp3"},{"Title":"101-V Memberitakan Kebenaran Kerajaan","Url":"https://download-a.akamaihd.net/files/media_music/c7/iasnv1_IN_14.mp3"},{"Title":"091-V Bapakku, Allahku, dan Temanku","Url":"https://download-a.akamaihd.net/files/media_music/b9/iasnv1_IN_15.mp3"},{"Title":"090-V Uban—Mahkota Keindahan","Url":"https://download-a.akamaihd.net/files/media_music/1c/iasnv1_IN_16.mp3"},{"Title":"134-V Lihatlah ketika Semua Baru","Url":"https://download-a.akamaihd.net/files/media_music/02/iasnv1_IN_17.mp3"}]}