{"Title":"Sing to Jehovah—Vocal Renditions, Disc 4","Tracks":[{"Title":"102-V 齐唱王国之歌！","Url":"https://download-a.akamaihd.net/files/media_music/52/iasnv4_CHS_01.mp3"},{"Title":"007-V 基督徒的献身","Url":"https://download-a.akamaihd.net/files/media_music/35/iasnv4_CHS_02.mp3"},{"Title":"066-V 全心全意事奉耶和华","Url":"https://download-a.akamaihd.net/files/media_music/42/iasnv4_CHS_03.mp3"},{"Title":"003-V “上帝就是爱”","Url":"https://download-a.akamaihd.net/files/media_music/5b/iasnv4_CHS_04.mp3"},{"Title":"119-V 来吧！你必享安舒","Url":"https://download-a.akamaihd.net/files/media_music/9f/iasnv4_CHS_05.mp3"},{"Title":"027-V 拥护耶和华","Url":"https://download-a.akamaihd.net/files/media_music/62/iasnv4_CHS_06.mp3"},{"Title":"132-V 胜利之歌","Url":"https://download-a.akamaihd.net/files/media_music/62/iasnv4_CHS_07.mp3"},{"Title":"012-V 上帝应许的永生","Url":"https://download-a.akamaihd.net/files/media_music/41/iasnv4_CHS_08.mp3"},{"Title":"004-V 在上帝面前建立美名","Url":"https://download-a.akamaihd.net/files/media_music/63/iasnv4_CHS_09.mp3"},{"Title":"059-V 我们献了身给上帝！","Url":"https://download-a.akamaihd.net/files/media_music/7a/iasnv4_CHS_10.mp3"},{"Title":"022-V “耶和华是我的牧者”","Url":"https://download-a.akamaihd.net/files/media_music/17/iasnv4_CHS_11.mp3"},{"Title":"073-V 从心里热切地相爱","Url":"https://download-a.akamaihd.net/files/media_music/bf/iasnv4_CHS_12.mp3"},{"Title":"097-V 王国传道员，勇往向前！","Url":"https://download-a.akamaihd.net/files/media_music/05/iasnv4_CHS_13.mp3"},{"Title":"029-V 行事忠义","Url":"https://download-a.akamaihd.net/files/media_music/77/iasnv4_CHS_14.mp3"},{"Title":"070-V “看清哪些事更为重要”","Url":"https://download-a.akamaihd.net/files/media_music/06/iasnv4_CHS_15.mp3"},{"Title":"006-V 上帝仆人的祷告","Url":"https://download-a.akamaihd.net/files/media_music/e3/iasnv4_CHS_16.mp3"},{"Title":"086-V 忠信的妇女基督徒姊妹","Url":"https://download-a.akamaihd.net/files/media_music/fb/iasnv4_CHS_17.mp3"},{"Title":"131-V 耶和华是救人脱险的上帝","Url":"https://download-a.akamaihd.net/files/media_music/ea/iasnv4_CHS_18.mp3"}]}