{"Title":"Sing to Jehovah—Vocal Renditions, Disc 5","Tracks":[{"Title":"118-V Ottakaa toisenne tervetulleina vastaan","Url":"https://download-a.akamaihd.net/files/media_music/a5/iasnv5_FI_01.mp3"},{"Title":"052-V Varjele sydäntäsi","Url":"https://download-a.akamaihd.net/files/media_music/50/iasnv5_FI_02.mp3"},{"Title":"013-V Kiitosrukous","Url":"https://download-a.akamaihd.net/files/media_music/8e/iasnv5_FI_03.mp3"},{"Title":"043-V Pysykää valveilla ja lujina, tulkaa väkeviksi","Url":"https://download-a.akamaihd.net/files/media_music/c2/iasnv5_FI_04.mp3"},{"Title":"041-V Palvo Jehovaa nuoruudessasi","Url":"https://download-a.akamaihd.net/files/media_music/fa/iasnv5_FI_05.mp3"},{"Title":"018-V Jumalan uskollinen rakkaus","Url":"https://download-a.akamaihd.net/files/media_music/91/iasnv5_FI_06.mp3"},{"Title":"010-V \"Tässä minä olen! Lähetä minut\"","Url":"https://download-a.akamaihd.net/files/media_music/91/iasnv5_FI_07.mp3"},{"Title":"031-V Me olemme Jehovan todistajat!","Url":"https://download-a.akamaihd.net/files/media_music/92/iasnv5_FI_08.mp3"},{"Title":"005-V Kristus, Esimerkkimme","Url":"https://download-a.akamaihd.net/files/media_music/01/iasnv5_FI_09.mp3"},{"Title":"016-V Pakene Jumalan valtakuntaan!","Url":"https://download-a.akamaihd.net/files/media_music/2f/iasnv5_FI_10.mp3"},{"Title":"053-V Työskentelemme ykseydessä","Url":"https://download-a.akamaihd.net/files/media_music/e6/iasnv5_FI_11.mp3"},{"Title":"021-V Onnellisia ovat armolliset","Url":"https://download-a.akamaihd.net/files/media_music/cf/iasnv5_FI_12.mp3"},{"Title":"015-V Luomakunta julistaa Jehovan kunniaa","Url":"https://download-a.akamaihd.net/files/media_music/ec/iasnv5_FI_13.mp3"},{"Title":"035-V Olemme kiitollisia Jumalan kärsivällisyydestä","Url":"https://download-a.akamaihd.net/files/media_music/f6/iasnv5_FI_14.mp3"},{"Title":"009-V Kiittäkää Jehovaa!","Url":"https://download-a.akamaihd.net/files/media_music/86/iasnv5_FI_15.mp3"},{"Title":"011-V Ilahduta Jehovan sydän","Url":"https://download-a.akamaihd.net/files/media_music/eb/iasnv5_FI_16.mp3"},{"Title":"023-V Jehova on voimamme","Url":"https://download-a.akamaihd.net/files/media_music/75/iasnv5_FI_17.mp3"},{"Title":"047-V Julista hyvää uutista","Url":"https://download-a.akamaihd.net/files/media_music/3e/iasnv5_FI_18.mp3"},{"Title":"067-V Rukoile Jehovaa päivittäin","Url":"https://download-a.akamaihd.net/files/media_music/64/iasnv5_FI_19.mp3"},{"Title":"051-V Pysymme kiinni Jehovassa","Url":"https://download-a.akamaihd.net/files/media_music/6f/iasnv5_FI_20.mp3"},{"Title":"002-V Oi Jehova, kiitos!","Url":"https://download-a.akamaihd.net/files/media_music/c5/iasnv5_FI_21.mp3"}]}