{"Title":"Sing to Jehovah—Vocal Renditions, Disc 3","Tracks":[{"Title":"046-G Si Jehova ang Atong Hari!","Url":"https://download-a.akamaihd.net/files/media_music/51/iasnv3_CV_01.mp3"},{"Title":"103-G “Sa Balay ug Balay”","Url":"https://download-a.akamaihd.net/files/media_music/80/iasnv3_CV_02.mp3"},{"Title":"077-G Magmapinasayloon","Url":"https://download-a.akamaihd.net/files/media_music/83/iasnv3_CV_03.mp3"},{"Title":"062-G Kang Kinsa Ka Sakop?","Url":"https://download-a.akamaihd.net/files/media_music/64/iasnv3_CV_04.mp3"},{"Title":"014-G Tanang Butang Gibag-o","Url":"https://download-a.akamaihd.net/files/media_music/f9/iasnv3_CV_05.mp3"},{"Title":"114-G Basahon sa Diyos—Usa ka Bahandi","Url":"https://download-a.akamaihd.net/files/media_music/c5/iasnv3_CV_06.mp3"},{"Title":"120-G Pamati, Magmasinugtanon, ug Magmabulahan","Url":"https://download-a.akamaihd.net/files/media_music/90/iasnv3_CV_07.mp3"},{"Title":"096-G Pangitaa ang mga Takos","Url":"https://download-a.akamaihd.net/files/media_music/c6/iasnv3_CV_08.mp3"},{"Title":"054-G Kinahanglang Duna Kitay Pagtuo","Url":"https://download-a.akamaihd.net/files/media_music/43/iasnv3_CV_09.mp3"},{"Title":"083-G Magpugong Kita sa Atong Kaugalingon","Url":"https://download-a.akamaihd.net/files/media_music/f0/iasnv3_CV_10.mp3"},{"Title":"126-G Ang Bunga sa Atong Kinasingkasing nga Paghago","Url":"https://download-a.akamaihd.net/files/media_music/17/iasnv3_CV_11.mp3"},{"Title":"125-G Magpasakop sa Teokratikanhong Kahikayan","Url":"https://download-a.akamaihd.net/files/media_music/a7/iasnv3_CV_12.mp3"},{"Title":"040-G Unaha Pagpangita ang Gingharian","Url":"https://download-a.akamaihd.net/files/media_music/c4/iasnv3_CV_13.mp3"},{"Title":"019-G Ang Saad sa Diyos nga Paraiso","Url":"https://download-a.akamaihd.net/files/media_music/61/iasnv3_CV_14.mp3"},{"Title":"056-G Palihog Dungga ang Akong Pag-ampo","Url":"https://download-a.akamaihd.net/files/media_music/27/iasnv3_CV_15.mp3"},{"Title":"127-G Usa ka Dapit nga Nagdala sa Imong Ngalan","Url":"https://download-a.akamaihd.net/files/media_music/9c/iasnv3_CV_16.mp3"},{"Title":"106-G Pakighigala Kang Jehova","Url":"https://download-a.akamaihd.net/files/media_music/0b/iasnv3_CV_17.mp3"},{"Title":"133-G Pangitaa ang Diyos Aron Ka Maluwas","Url":"https://download-a.akamaihd.net/files/media_music/08/iasnv3_CV_18.mp3"}]}