{"Title":"Sing to Jehovah—Vocal Renditions, Disc 5","Tracks":[{"Title":"118-V 彼此樂意接納","Url":"https://download-a.akamaihd.net/files/media_music/4e/iasnv5_CH_01.mp3"},{"Title":"052-V 保護你的心","Url":"https://download-a.akamaihd.net/files/media_music/11/iasnv5_CH_02.mp3"},{"Title":"013-V 感恩的禱告","Url":"https://download-a.akamaihd.net/files/media_music/d6/iasnv5_CH_03.mp3"},{"Title":"043-V 總要警醒，堅毅剛强","Url":"https://download-a.akamaihd.net/files/media_music/bd/iasnv5_CH_04.mp3"},{"Title":"041-V 趁年少的日子崇拜耶和華","Url":"https://download-a.akamaihd.net/files/media_music/99/iasnv5_CH_05.mp3"},{"Title":"018-V 上帝的忠貞之愛","Url":"https://download-a.akamaihd.net/files/media_music/17/iasnv5_CH_06.mp3"},{"Title":"010-V “我在這裏！請差遣我！”","Url":"https://download-a.akamaihd.net/files/media_music/e8/iasnv5_CH_07.mp3"},{"Title":"031-V 我們是耶和華見證人！","Url":"https://download-a.akamaihd.net/files/media_music/89/iasnv5_CH_08.mp3"},{"Title":"005-V 基督是我們的典範","Url":"https://download-a.akamaihd.net/files/media_music/a6/iasnv5_CH_09.mp3"},{"Title":"016-V 逃到上帝的王國！","Url":"https://download-a.akamaihd.net/files/media_music/64/iasnv5_CH_10.mp3"},{"Title":"053-V 團結和睦，並肩工作","Url":"https://download-a.akamaihd.net/files/media_music/0e/iasnv5_CH_11.mp3"},{"Title":"021-V 慈悲的人有福了！","Url":"https://download-a.akamaihd.net/files/media_music/7f/iasnv5_CH_12.mp3"},{"Title":"015-V 萬物彰顯上帝的榮耀","Url":"https://download-a.akamaihd.net/files/media_music/e0/iasnv5_CH_13.mp3"},{"Title":"035-V 感激上帝忍耐","Url":"https://download-a.akamaihd.net/files/media_music/df/iasnv5_CH_14.mp3"},{"Title":"009-V 讚美耶和華我們的上帝！","Url":"https://download-a.akamaihd.net/files/media_music/ce/iasnv5_CH_15.mp3"},{"Title":"011-V 使耶和華的心歡喜","Url":"https://download-a.akamaihd.net/files/media_music/b6/iasnv5_CH_16.mp3"},{"Title":"023-V 耶和華是我們的力量","Url":"https://download-a.akamaihd.net/files/media_music/2a/iasnv5_CH_17.mp3"},{"Title":"047-V 宣揚王國的好消息","Url":"https://download-a.akamaihd.net/files/media_music/b8/iasnv5_CH_18.mp3"},{"Title":"067-V 天天向耶和華禱告","Url":"https://download-a.akamaihd.net/files/media_music/a5/iasnv5_CH_19.mp3"},{"Title":"051-V 決心忠於耶和華","Url":"https://download-a.akamaihd.net/files/media_music/db/iasnv5_CH_20.mp3"},{"Title":"002-V 感謝耶和華","Url":"https://download-a.akamaihd.net/files/media_music/2c/iasnv5_CH_21.mp3"}]}