{"Title":"Sing to Jehovah—Vocal Renditions, Disc 5","Tracks":[{"Title":"118-В Приймайте одні одних","Url":"https://download-a.akamaihd.net/files/media_music/73/iasnv5_K_01.mp3"},{"Title":"052-В Стережи своє серце","Url":"https://download-a.akamaihd.net/files/media_music/50/iasnv5_K_02.mp3"},{"Title":"013-В Молитва подяки","Url":"https://download-a.akamaihd.net/files/media_music/7f/iasnv5_K_03.mp3"},{"Title":"043-В Стійте міцно і пильнуйте","Url":"https://download-a.akamaihd.net/files/media_music/0e/iasnv5_K_04.mp3"},{"Title":"041-В Служіть Єгові в юності","Url":"https://download-a.akamaihd.net/files/media_music/55/iasnv5_K_05.mp3"},{"Title":"018-В Божа вірна любов","Url":"https://download-a.akamaihd.net/files/media_music/ee/iasnv5_K_06.mp3"},{"Title":"010-В «Ось я! Пошли мене»","Url":"https://download-a.akamaihd.net/files/media_music/08/iasnv5_K_07.mp3"},{"Title":"031-В Ми Свідки Єгови!","Url":"https://download-a.akamaihd.net/files/media_music/06/iasnv5_K_08.mp3"},{"Title":"005-В Христос — наш Взірець","Url":"https://download-a.akamaihd.net/files/media_music/37/iasnv5_K_09.mp3"},{"Title":"016-В Утікайте до Божого Царства!","Url":"https://download-a.akamaihd.net/files/media_music/87/iasnv5_K_10.mp3"},{"Title":"053-В Співпрацюймо в єдності","Url":"https://download-a.akamaihd.net/files/media_music/1d/iasnv5_K_11.mp3"},{"Title":"021-В Щасливі милосердні","Url":"https://download-a.akamaihd.net/files/media_music/ff/iasnv5_K_12.mp3"},{"Title":"015-В Творіння виявляє славу Єгови","Url":"https://download-a.akamaihd.net/files/media_music/79/iasnv5_K_13.mp3"},{"Title":"035-В Вдячні за Божу терпеливість","Url":"https://download-a.akamaihd.net/files/media_music/42/iasnv5_K_14.mp3"},{"Title":"009-В Славте Єгову, нашого Бога!","Url":"https://download-a.akamaihd.net/files/media_music/e0/iasnv5_K_15.mp3"},{"Title":"011-В Потішаймо серце Єгови","Url":"https://download-a.akamaihd.net/files/media_music/fc/iasnv5_K_16.mp3"},{"Title":"023-В Єгова — наша сила","Url":"https://download-a.akamaihd.net/files/media_music/61/iasnv5_K_17.mp3"},{"Title":"047-В Проголошуймо добру новину","Url":"https://download-a.akamaihd.net/files/media_music/e7/iasnv5_K_18.mp3"},{"Title":"067-В Все до Єгови молись","Url":"https://download-a.akamaihd.net/files/media_music/09/iasnv5_K_19.mp3"},{"Title":"051-В Горнімося до Єгови","Url":"https://download-a.akamaihd.net/files/media_music/2b/iasnv5_K_20.mp3"},{"Title":"002-В Ми вдячні, Єгово","Url":"https://download-a.akamaihd.net/files/media_music/2d/iasnv5_K_21.mp3"}]}