{"Title":"Sing to Jehovah—Vocal Renditions, Disc 3","Tracks":[{"Title":"046–В Јехова је наш Краљ!","Url":"https://download-a.akamaihd.net/files/media_music/51/iasnv3_SB_001.mp3"},{"Title":"103–В „Од куће до куће“","Url":"https://download-a.akamaihd.net/files/media_music/df/iasnv3_SB_002.mp3"},{"Title":"077–В Спремно опраштајмо","Url":"https://download-a.akamaihd.net/files/media_music/23/iasnv3_SB_003.mp3"},{"Title":"062–В Коме припадамо?","Url":"https://download-a.akamaihd.net/files/media_music/f2/iasnv3_SB_004.mp3"},{"Title":"014–В Бог све ново чини","Url":"https://download-a.akamaihd.net/files/media_music/04/iasnv3_SB_005.mp3"},{"Title":"114–В Божја Реч је благо","Url":"https://download-a.akamaihd.net/files/media_music/10/iasnv3_SB_006.mp3"},{"Title":"120–В Послушност води до среће","Url":"https://download-a.akamaihd.net/files/media_music/83/iasnv3_SB_007.mp3"},{"Title":"096–В Тражимо достојне","Url":"https://download-a.akamaihd.net/files/media_music/03/iasnv3_SB_008.mp3"},{"Title":"054–В Морамо имати праву веру","Url":"https://download-a.akamaihd.net/files/media_music/c5/iasnv3_SB_009.mp3"},{"Title":"083–В Показујмо самосавладавање","Url":"https://download-a.akamaihd.net/files/media_music/e0/iasnv3_SB_010.mp3"},{"Title":"126–В Наш рад пун љубави","Url":"https://download-a.akamaihd.net/files/media_music/69/iasnv3_SB_011.mp3"},{"Title":"125–В Верно се подложимо теократском реду","Url":"https://download-a.akamaihd.net/files/media_music/d5/iasnv3_SB_012.mp3"},{"Title":"040–В Тражимо најпре Божје Краљевство","Url":"https://download-a.akamaihd.net/files/media_music/ed/iasnv3_SB_013.mp3"},{"Title":"019–В Бог нам је обећао рај","Url":"https://download-a.akamaihd.net/files/media_music/9e/iasnv3_SB_014.mp3"},{"Title":"056–В Чуј молитву моју","Url":"https://download-a.akamaihd.net/files/media_music/e8/iasnv3_SB_015.mp3"},{"Title":"127–В Дом који носи Божје име","Url":"https://download-a.akamaihd.net/files/media_music/0c/iasnv3_SB_016.mp3"},{"Title":"106–В Будимо Јеховини пријатељи","Url":"https://download-a.akamaihd.net/files/media_music/55/iasnv3_SB_017.mp3"},{"Title":"133–В Бог је наш Избавитељ","Url":"https://download-a.akamaihd.net/files/media_music/5d/iasnv3_SB_018.mp3"}]}