{"Title":"Sing to Jehovah—Vocal Renditions, Disc 4","Tracks":[{"Title":"102-V Mibiang ed Kanta na Panarian!","Url":"https://download-a.akamaihd.net/files/media_music/cd/iasnv4_PN_01.mp3"},{"Title":"007-V Kristianon Dedikasyon","Url":"https://download-a.akamaihd.net/files/media_music/d2/iasnv4_PN_02.mp3"},{"Title":"066-V Sigpot-Puson Panaglingkor ed si Jehova","Url":"https://download-a.akamaihd.net/files/media_music/ce/iasnv4_PN_03.mp3"},{"Title":"003-V \"Say Dios et Aro\"","Url":"https://download-a.akamaihd.net/files/media_music/ea/iasnv4_PN_04.mp3"},{"Title":"119-V Gala, Pian Narepreskoan Ka!","Url":"https://download-a.akamaihd.net/files/media_music/b2/iasnv4_PN_05.mp3"},{"Title":"027-V Ondapag ed Jehova!","Url":"https://download-a.akamaihd.net/files/media_music/56/iasnv4_PN_06.mp3"},{"Title":"132-V Kanta na Pananalo","Url":"https://download-a.akamaihd.net/files/media_music/6c/iasnv4_PN_07.mp3"},{"Title":"012-V Insipan so Maandon Bilay","Url":"https://download-a.akamaihd.net/files/media_music/60/iasnv4_PN_08.mp3"},{"Title":"004-V Panggawa na Maabig a Ngaran ed Dios","Url":"https://download-a.akamaihd.net/files/media_music/a4/iasnv4_PN_09.mp3"},{"Title":"059-V Diad Dios Indedika Tayoy Inkasikatayo!","Url":"https://download-a.akamaihd.net/files/media_music/9a/iasnv4_PN_10.mp3"},{"Title":"022-V ‘Si Jehova so Pastol Ko’","Url":"https://download-a.akamaihd.net/files/media_music/2e/iasnv4_PN_11.mp3"},{"Title":"073-V Mangaro Manlapud Puso","Url":"https://download-a.akamaihd.net/files/media_music/b8/iasnv4_PN_12.mp3"},{"Title":"097-V Abante, Sikayoran Ministro na Panarian!","Url":"https://download-a.akamaihd.net/files/media_music/b9/iasnv4_PN_13.mp3"},{"Title":"029-V Mankurang ed Katooran","Url":"https://download-a.akamaihd.net/files/media_music/cb/iasnv4_PN_14.mp3"},{"Title":"070-V “Seguroen Iray Mas Importantin Bengatla”","Url":"https://download-a.akamaihd.net/files/media_music/2c/iasnv4_PN_15.mp3"},{"Title":"006-V Say Pikakasi na Lingkor na Dios","Url":"https://download-a.akamaihd.net/files/media_music/ac/iasnv4_PN_16.mp3"},{"Title":"086-V Matoor Iran Bibii, Kristianon Agagin Bibii","Url":"https://download-a.akamaihd.net/files/media_music/0b/iasnv4_PN_17.mp3"},{"Title":"131-V Si Jehova so Mangiliktar","Url":"https://download-a.akamaihd.net/files/media_music/7a/iasnv4_PN_18.mp3"}]}