{"Title":"Sing to Jehovah—Vocal Renditions, Disc 4","Tracks":[{"Title":"102-V Magbuylog sa Ambahanon sang Ginharian!","Url":"https://download-a.akamaihd.net/files/media_music/ad/iasnv4_HV_01.mp3"},{"Title":"007-V Cristianong Dedikasyon","Url":"https://download-a.akamaihd.net/files/media_music/2f/iasnv4_HV_02.mp3"},{"Title":"066-V Bug-os Kalag nga Mag-alagad kay Jehova","Url":"https://download-a.akamaihd.net/files/media_music/c4/iasnv4_HV_03.mp3"},{"Title":"003-V “Ang Dios Gugma”","Url":"https://download-a.akamaihd.net/files/media_music/67/iasnv4_HV_04.mp3"},{"Title":"119-V Kari, Agod Maumpawan Ka","Url":"https://download-a.akamaihd.net/files/media_music/5e/iasnv4_HV_05.mp3"},{"Title":"027-V Dampig kay Jehova!","Url":"https://download-a.akamaihd.net/files/media_music/db/iasnv4_HV_06.mp3"},{"Title":"132-V Ambahanon sang Kadalag-an","Url":"https://download-a.akamaihd.net/files/media_music/bf/iasnv4_HV_07.mp3"},{"Title":"012-V Kabuhi nga Dayon—Saad sa Aton","Url":"https://download-a.akamaihd.net/files/media_music/70/iasnv4_HV_08.mp3"},{"Title":"004-V Paghimo sing Maayong Ngalan sa Dios","Url":"https://download-a.akamaihd.net/files/media_music/a8/iasnv4_HV_09.mp3"},{"Title":"059-V Ginhalad Naton ang Aton Kabuhi kay Jehova!","Url":"https://download-a.akamaihd.net/files/media_music/f7/iasnv4_HV_10.mp3"},{"Title":"022-V “Si Jehova ang Akon Manugbantay”","Url":"https://download-a.akamaihd.net/files/media_music/95/iasnv4_HV_11.mp3"},{"Title":"073-V Maghigugmaanay sing Tinagipusuon","Url":"https://download-a.akamaihd.net/files/media_music/c4/iasnv4_HV_12.mp3"},{"Title":"097-V Magpadayon mga Ministro sang Ginharian!","Url":"https://download-a.akamaihd.net/files/media_music/7e/iasnv4_HV_13.mp3"},{"Title":"029-V Mag-alagad sing Walay Kasawayan","Url":"https://download-a.akamaihd.net/files/media_music/85/iasnv4_HV_14.mp3"},{"Title":"070-V Pat-ura ang Mas Importante nga mga Butang","Url":"https://download-a.akamaihd.net/files/media_music/ec/iasnv4_HV_15.mp3"},{"Title":"006-V Ang Pangamuyo sang Alagad sang Dios","Url":"https://download-a.akamaihd.net/files/media_music/6f/iasnv4_HV_16.mp3"},{"Title":"086-V Matutom nga mga Cristianong Babayi","Url":"https://download-a.akamaihd.net/files/media_music/8d/iasnv4_HV_17.mp3"},{"Title":"131-V Nag-aman si Jehova sing Dalangpan","Url":"https://download-a.akamaihd.net/files/media_music/e3/iasnv4_HV_18.mp3"}]}