{"Title":"Sing to Jehovah—Vocal Renditions, Disc 4","Tracks":[{"Title":"102 - (В) Подхватите песню Царства!","Url":"https://download-a.akamaihd.net/files/media_music/fe/iasnv4_U_001.mp3"},{"Title":"007 - (В) Христианское посвящение","Url":"https://download-a.akamaihd.net/files/media_music/0d/iasnv4_U_002.mp3"},{"Title":"066 - (В) Служи Иегове от всей души","Url":"https://download-a.akamaihd.net/files/media_music/a3/iasnv4_U_003.mp3"},{"Title":"003 - (В) «Бог есть любовь»","Url":"https://download-a.akamaihd.net/files/media_music/b8/iasnv4_U_004.mp3"},{"Title":"119 - (В) Приди и получи освежение!","Url":"https://download-a.akamaihd.net/files/media_music/a0/iasnv4_U_005.mp3"},{"Title":"027 - (В) Встань рядом с Иеговой!","Url":"https://download-a.akamaihd.net/files/media_music/32/iasnv4_U_006.mp3"},{"Title":"132 - (В) Песня победы","Url":"https://download-a.akamaihd.net/files/media_music/fa/iasnv4_U_007.mp3"},{"Title":"012 - (В) Бог обещает вечную жизнь","Url":"https://download-a.akamaihd.net/files/media_music/c6/iasnv4_U_008.mp3"},{"Title":"004 - (В) Приобретайте доброе имя у Бога","Url":"https://download-a.akamaihd.net/files/media_music/42/iasnv4_U_009.mp3"},{"Title":"059 - (В) Мы посвятились Богу!","Url":"https://download-a.akamaihd.net/files/media_music/b7/iasnv4_U_010.mp3"},{"Title":"022 - (В) «Иегова — мой Пастырь»","Url":"https://download-a.akamaihd.net/files/media_music/30/iasnv4_U_011.mp3"},{"Title":"073 - (В) «Горячо любите друг друга»","Url":"https://download-a.akamaihd.net/files/media_music/9a/iasnv4_U_012.mp3"},{"Title":"097 - (В) Вперёд, служители Царства!","Url":"https://download-a.akamaihd.net/files/media_music/54/iasnv4_U_013.mp3"},{"Title":"029 - (В) Ходи в непорочности","Url":"https://download-a.akamaihd.net/files/media_music/07/iasnv4_U_014.mp3"},{"Title":"070 - (В) Удостоверяйтесь в том, что более важно","Url":"https://download-a.akamaihd.net/files/media_music/68/iasnv4_U_015.mp3"},{"Title":"006 - (В) Молитва Божьего служителя","Url":"https://download-a.akamaihd.net/files/media_music/80/iasnv4_U_016.mp3"},{"Title":"086 - (В) Верные женщины в прошлом и сегодня","Url":"https://download-a.akamaihd.net/files/media_music/1e/iasnv4_U_017.mp3"},{"Title":"131 - (В) Иегова — наш Избавитель","Url":"https://download-a.akamaihd.net/files/media_music/7a/iasnv4_U_018.mp3"}]}