{"Title":"Sing to Jehovah—Vocal Renditions, Disc 5","Tracks":[{"Title":"118-C “Recíbanse con gusto”","Url":"https://download-a.akamaihd.net/files/media_music/92/iasnv5_S_01.mp3"},{"Title":"052-C Protege tu corazón","Url":"https://download-a.akamaihd.net/files/media_music/9d/iasnv5_S_02.mp3"},{"Title":"013-C Acción de gracias","Url":"https://download-a.akamaihd.net/files/media_music/d0/iasnv5_S_03.mp3"},{"Title":"043-C ¡Firme, alerta y valiente!","Url":"https://download-a.akamaihd.net/files/media_music/f1/iasnv5_S_04.mp3"},{"Title":"041-C Adora a Dios en tu juventud","Url":"https://download-a.akamaihd.net/files/media_music/7f/iasnv5_S_05.mp3"},{"Title":"018-C El fiel amor de Dios","Url":"https://download-a.akamaihd.net/files/media_music/81/iasnv5_S_06.mp3"},{"Title":"010-C “¡Aquí estoy yo! Envíame a mí”","Url":"https://download-a.akamaihd.net/files/media_music/2c/iasnv5_S_07.mp3"},{"Title":"031-C Somos testigos de Jehová","Url":"https://download-a.akamaihd.net/files/media_music/cd/iasnv5_S_08.mp3"},{"Title":"005-C Cristo, nuestro modelo","Url":"https://download-a.akamaihd.net/files/media_music/f0/iasnv5_S_09.mp3"},{"Title":"016-C ¡Huyan al Reino de Dios!","Url":"https://download-a.akamaihd.net/files/media_music/9a/iasnv5_S_10.mp3"},{"Title":"053-C Sirvamos a Dios en unidad","Url":"https://download-a.akamaihd.net/files/media_music/7c/iasnv5_S_11.mp3"},{"Title":"021-C Feliz el misericordioso","Url":"https://download-a.akamaihd.net/files/media_music/b2/iasnv5_S_12.mp3"},{"Title":"015-C La creación revela la gloria de Jehová","Url":"https://download-a.akamaihd.net/files/media_music/33/iasnv5_S_13.mp3"},{"Title":"035-C Gratitud por la paciencia divina","Url":"https://download-a.akamaihd.net/files/media_music/b2/iasnv5_S_14.mp3"},{"Title":"009-C ¡Gloria a nuestro Dios, Jehová!","Url":"https://download-a.akamaihd.net/files/media_music/48/iasnv5_S_15.mp3"},{"Title":"011-C Alegremos el corazón de Jehová","Url":"https://download-a.akamaihd.net/files/media_music/26/iasnv5_S_16.mp3"},{"Title":"023-C Jehová es mi fuerza","Url":"https://download-a.akamaihd.net/files/media_music/1b/iasnv5_S_17.mp3"},{"Title":"047-C Anunciemos las buenas nuevas","Url":"https://download-a.akamaihd.net/files/media_music/36/iasnv5_S_18.mp3"},{"Title":"067-C Ora a Jehová sin cesar","Url":"https://download-a.akamaihd.net/files/media_music/63/iasnv5_S_19.mp3"},{"Title":"051-C A ti somos fieles, Jehová","Url":"https://download-a.akamaihd.net/files/media_music/b9/iasnv5_S_20.mp3"},{"Title":"002-C Gracias, Jehová","Url":"https://download-a.akamaihd.net/files/media_music/93/iasnv5_S_21.mp3"}]}