{"Title":"Sing to Jehovah—Vocal Renditions, Disc 6","Tracks":[{"Title":"030-C Jehová ha empezado a reinar","Url":"https://download-a.akamaihd.net/files/media_music/d6/iasnv6_S_01.mp3"},{"Title":"121-C Animémonos unos a otros","Url":"https://download-a.akamaihd.net/files/media_music/69/iasnv6_S_02.mp3"},{"Title":"033-C ¡No los temas!","Url":"https://download-a.akamaihd.net/files/media_music/f9/iasnv6_S_03.mp3"},{"Title":"025-C El amor distingue a los verdaderos cristianos","Url":"https://download-a.akamaihd.net/files/media_music/aa/iasnv6_S_04.mp3"},{"Title":"042-C Ayudemos a los débiles","Url":"https://download-a.akamaihd.net/files/media_music/a9/iasnv6_S_05.mp3"},{"Title":"032-C ¡Firmes y constantes!","Url":"https://download-a.akamaihd.net/files/media_music/6e/iasnv6_S_06.mp3"},{"Title":"071-C El espíritu santo, regalo de Dios","Url":"https://download-a.akamaihd.net/files/media_music/a5/iasnv6_S_07.mp3"},{"Title":"093-C “Resplandezca la luz”","Url":"https://download-a.akamaihd.net/files/media_music/27/iasnv6_S_08.mp3"},{"Title":"105-C Los cielos declaran la gloria de Dios","Url":"https://download-a.akamaihd.net/files/media_music/ff/iasnv6_S_09.mp3"},{"Title":"072-C Cultivemos el verdadero amor","Url":"https://download-a.akamaihd.net/files/media_music/2b/iasnv6_S_10.mp3"},{"Title":"026-C Camina con Dios","Url":"https://download-a.akamaihd.net/files/media_music/e5/iasnv6_S_11.mp3"},{"Title":"129-C Aferrémonos a nuestra esperanza","Url":"https://download-a.akamaihd.net/files/media_music/25/iasnv6_S_12.mp3"},{"Title":"038-C Echa tu carga sobre Jehová","Url":"https://download-a.akamaihd.net/files/media_music/d1/iasnv6_S_13.mp3"},{"Title":"135-C Aguantemos hasta el fin","Url":"https://download-a.akamaihd.net/files/media_music/e0/iasnv6_S_14.mp3"},{"Title":"044-C El gozo de la cosecha","Url":"https://download-a.akamaihd.net/files/media_music/7b/iasnv6_S_15.mp3"},{"Title":"080-C Imitemos la bondad de Jehová","Url":"https://download-a.akamaihd.net/files/media_music/df/iasnv6_S_16.mp3"},{"Title":"037-C La Palabra inspirada de Dios","Url":"https://download-a.akamaihd.net/files/media_music/05/iasnv6_S_17.mp3"},{"Title":"049-C Jehová es tu refugio","Url":"https://download-a.akamaihd.net/files/media_music/4f/iasnv6_S_18.mp3"},{"Title":"020-C Bendice nuestras reuniones","Url":"https://download-a.akamaihd.net/files/media_music/bf/iasnv6_S_19.mp3"},{"Title":"034-C Hagamos honor a nuestro nombre","Url":"https://download-a.akamaihd.net/files/media_music/49/iasnv6_S_20.mp3"},{"Title":"001-C Los atributos de Jehová","Url":"https://download-a.akamaihd.net/files/media_music/72/iasnv6_S_21.mp3"}]}