{"Title":"Sing to Jehovah—Vocal Renditions, Disc 4","Tracks":[{"Title":"102-K Sjung med i sången om Guds rike!","Url":"https://download-a.akamaihd.net/files/media_music/09/iasnv4_Z_01.mp3"},{"Title":"007-K Överlämnande åt Jehova","Url":"https://download-a.akamaihd.net/files/media_music/2c/iasnv4_Z_02.mp3"},{"Title":"066-K Tjäna Jehova helhjärtat","Url":"https://download-a.akamaihd.net/files/media_music/2c/iasnv4_Z_03.mp3"},{"Title":"003-K ”Gud är kärlek”","Url":"https://download-a.akamaihd.net/files/media_music/6e/iasnv4_Z_04.mp3"},{"Title":"119-K Kom och bli uppmuntrad!","Url":"https://download-a.akamaihd.net/files/media_music/d9/iasnv4_Z_05.mp3"},{"Title":"027-K Välj Jehovas sida!","Url":"https://download-a.akamaihd.net/files/media_music/83/iasnv4_Z_06.mp3"},{"Title":"132-K En segersång","Url":"https://download-a.akamaihd.net/files/media_music/f8/iasnv4_Z_07.mp3"},{"Title":"012-K Löftet om evigt liv","Url":"https://download-a.akamaihd.net/files/media_music/9a/iasnv4_Z_08.mp3"},{"Title":"004-K Ett gott namn hos Gud","Url":"https://download-a.akamaihd.net/files/media_music/40/iasnv4_Z_09.mp3"},{"Title":"059-K Vi har överlämnat oss åt Gud","Url":"https://download-a.akamaihd.net/files/media_music/fe/iasnv4_Z_10.mp3"},{"Title":"022-K ”Jehova är min herde”","Url":"https://download-a.akamaihd.net/files/media_music/6f/iasnv4_Z_11.mp3"},{"Title":"073-K ”Älska varandra intensivt av hjärtat”","Url":"https://download-a.akamaihd.net/files/media_music/d7/iasnv4_Z_12.mp3"},{"Title":"097-K Tillsammans fortsätter vi framåt","Url":"https://download-a.akamaihd.net/files/media_music/a0/iasnv4_Z_13.mp3"},{"Title":"029-K Vandra i ostrafflighet","Url":"https://download-a.akamaihd.net/files/media_music/63/iasnv4_Z_14.mp3"},{"Title":"070-K ”Skaffa er visshet i fråga om de viktigare tingen”","Url":"https://download-a.akamaihd.net/files/media_music/27/iasnv4_Z_15.mp3"},{"Title":"006-K Guds tjänares bön","Url":"https://download-a.akamaihd.net/files/media_music/57/iasnv4_Z_16.mp3"},{"Title":"086-K Trogna kvinnor, älskade systrar","Url":"https://download-a.akamaihd.net/files/media_music/3d/iasnv4_Z_17.mp3"},{"Title":"131-K Jehova ger räddning","Url":"https://download-a.akamaihd.net/files/media_music/41/iasnv4_Z_18.mp3"}]}