{"Title":"Sing to Jehovah—Vocal Renditions, Disc 1","Tracks":[{"Title":"065-C “Este es el camino”","Url":"https://download-a.akamaihd.net/files/media_music/0f/iasnv1_S_01.mp3"},{"Title":"063-C Siempre fieles","Url":"https://download-a.akamaihd.net/files/media_music/40/iasnv1_S_02.mp3"},{"Title":"111-C Llamaré","Url":"https://download-a.akamaihd.net/files/media_music/ce/iasnv1_S_03.mp3"},{"Title":"110-C Las maravillosas obras de Dios","Url":"https://download-a.akamaihd.net/files/media_music/b0/iasnv1_S_04.mp3"},{"Title":"075-C Los motivos de nuestro gozo","Url":"https://download-a.akamaihd.net/files/media_music/ff/iasnv1_S_05.mp3"},{"Title":"087-C Seremos uno","Url":"https://download-a.akamaihd.net/files/media_music/2f/iasnv1_S_06.mp3"},{"Title":"036-C “Lo que Dios ha unido”","Url":"https://download-a.akamaihd.net/files/media_music/a6/iasnv1_S_07.mp3"},{"Title":"045-C ¡Adelante!","Url":"https://download-a.akamaihd.net/files/media_music/47/iasnv1_S_08.mp3"},{"Title":"098-C Sembremos las semillas del Reino","Url":"https://download-a.akamaihd.net/files/media_music/87/iasnv1_S_09.mp3"},{"Title":"084-C “Quiero”","Url":"https://download-a.akamaihd.net/files/media_music/90/iasnv1_S_10.mp3"},{"Title":"092-C “Predica la palabra”","Url":"https://download-a.akamaihd.net/files/media_music/a1/iasnv1_S_11.mp3"},{"Title":"109-C Alabemos al Primogénito de Jehová","Url":"https://download-a.akamaihd.net/files/media_music/6f/iasnv1_S_12.mp3"},{"Title":"089-C Jehová te exhorta: “Sé sabio, hijo mío”","Url":"https://download-a.akamaihd.net/files/media_music/f6/iasnv1_S_13.mp3"},{"Title":"101-C Anunciemos la verdad del Reino","Url":"https://download-a.akamaihd.net/files/media_music/af/iasnv1_S_14.mp3"},{"Title":"091-C Mi Amigo, mi Padre, mi Dios","Url":"https://download-a.akamaihd.net/files/media_music/48/iasnv1_S_15.mp3"},{"Title":"090-C Las canas, hermosa corona","Url":"https://download-a.akamaihd.net/files/media_music/ae/iasnv1_S_16.mp3"},{"Title":"134-C ¿Te ves en el nuevo mundo?","Url":"https://download-a.akamaihd.net/files/media_music/49/iasnv1_S_17.mp3"}]}