{"Title":"Sing to Jehovah—Vocal Renditions, Disc 6","Tracks":[{"Title":"030-K Si Jehova Nagpoon Nang Mamahala","Url":"https://download-a.akamaihd.net/files/media_music/f5/iasnv6_BI_01.mp3"},{"Title":"121-K Magparinigonan nin Boot","Url":"https://download-a.akamaihd.net/files/media_music/2e/iasnv6_BI_02.mp3"},{"Title":"033-K Dai Matakot sa Sainda!","Url":"https://download-a.akamaihd.net/files/media_music/91/iasnv6_BI_03.mp3"},{"Title":"025-K Prueba nin Pagigin Disipulo","Url":"https://download-a.akamaihd.net/files/media_music/fb/iasnv6_BI_04.mp3"},{"Title":"042-K “Tabangan an mga Maluya”","Url":"https://download-a.akamaihd.net/files/media_music/dc/iasnv6_BI_05.mp3"},{"Title":"032-K Magin Marigon, Dai Natatanyog!","Url":"https://download-a.akamaihd.net/files/media_music/7a/iasnv6_BI_06.mp3"},{"Title":"071-K An Regalo nin Dios na Banal na Espiritu","Url":"https://download-a.akamaihd.net/files/media_music/a3/iasnv6_BI_07.mp3"},{"Title":"093-K “Pasiranga an Saindong Liwanag”","Url":"https://download-a.akamaihd.net/files/media_music/b9/iasnv6_BI_08.mp3"},{"Title":"105-K Ihinahayag kan Kalangitan an Kamurawayan nin Dios","Url":"https://download-a.akamaihd.net/files/media_music/5c/iasnv6_BI_09.mp3"},{"Title":"072-K Pagpatalubo sa Kualidad na Pagkamoot","Url":"https://download-a.akamaihd.net/files/media_music/b5/iasnv6_BI_10.mp3"},{"Title":"026-K O Lumakaw na Kaiba nin Dios!","Url":"https://download-a.akamaihd.net/files/media_music/45/iasnv6_BI_11.mp3"},{"Title":"129-K Pangangapot nin Marigon sa Satong Paglaom","Url":"https://download-a.akamaihd.net/files/media_music/87/iasnv6_BI_12.mp3"},{"Title":"038-K Itao Mo ki Jehova an Pagabat sa Saimo","Url":"https://download-a.akamaihd.net/files/media_music/7f/iasnv6_BI_13.mp3"},{"Title":"135-K Pagtagal Sagkod sa Katapusan","Url":"https://download-a.akamaihd.net/files/media_music/04/iasnv6_BI_14.mp3"},{"Title":"044-K Magayagayang Pakikikabtang sa Pag-ani","Url":"https://download-a.akamaihd.net/files/media_music/46/iasnv6_BI_15.mp3"},{"Title":"080-K An Kualidad na Karahayan","Url":"https://download-a.akamaihd.net/files/media_music/eb/iasnv6_BI_16.mp3"},{"Title":"037-K An Kasuratan—Ipinasabong nin Dios","Url":"https://download-a.akamaihd.net/files/media_music/82/iasnv6_BI_17.mp3"},{"Title":"049-K Si Jehova an Satong Pailihan","Url":"https://download-a.akamaihd.net/files/media_music/df/iasnv6_BI_18.mp3"},{"Title":"020-K Bendisyoni an Pagtiripon Niamo","Url":"https://download-a.akamaihd.net/files/media_music/2e/iasnv6_BI_19.mp3"},{"Title":"034-K Pag-otob sa Kahulogan kan Samong Ngaran","Url":"https://download-a.akamaihd.net/files/media_music/ef/iasnv6_BI_20.mp3"},{"Title":"001-K An mga Kualidad ni Jehova","Url":"https://download-a.akamaihd.net/files/media_music/1f/iasnv6_BI_21.mp3"}]}