{"Title":"Sing to Jehovah—Vocal Renditions, Disc 2","Tracks":[{"Title":"074-V Sukacita Yehuwa","Url":"https://download-a.akamaihd.net/files/media_music/ba/iasnv2_IN_01.mp3"},{"Title":"095-V ’Kecaplah, Lihatlah, Yehuwa Itu Baik’","Url":"https://download-a.akamaihd.net/files/media_music/ae/iasnv2_IN_02.mp3"},{"Title":"069-V Beri Tahukanlah Jalan-Jalan-Mu Kepadaku","Url":"https://download-a.akamaihd.net/files/media_music/b5/iasnv2_IN_03.mp3"},{"Title":"130-V Mukjizat Kehidupan","Url":"https://download-a.akamaihd.net/files/media_music/e0/iasnv2_IN_04.mp3"},{"Title":"060-V Ia Akan Membuatmu Kuat","Url":"https://download-a.akamaihd.net/files/media_music/18/iasnv2_IN_05.mp3"},{"Title":"107-V Mari ke Gunung Yehuwa","Url":"https://download-a.akamaihd.net/files/media_music/e0/iasnv2_IN_06.mp3"},{"Title":"088-V Anak-Anak Adalah Pusaka dari Allah","Url":"https://download-a.akamaihd.net/files/media_music/9c/iasnv2_IN_07.mp3"},{"Title":"081-V ”Berilah Kami Lebih Banyak Iman”","Url":"https://download-a.akamaihd.net/files/media_music/e6/iasnv2_IN_08.mp3"},{"Title":"058-V Doa Pembaktianku","Url":"https://download-a.akamaihd.net/files/media_music/70/iasnv2_IN_09.mp3"},{"Title":"108-V Puji Yehuwa untuk Kerajaan-Nya","Url":"https://download-a.akamaihd.net/files/media_music/09/iasnv2_IN_10.mp3"},{"Title":"116-V Cahaya yang Kian Terang","Url":"https://download-a.akamaihd.net/files/media_music/a1/iasnv2_IN_11.mp3"},{"Title":"123-V Gembala—Pemberian Berupa Manusia","Url":"https://download-a.akamaihd.net/files/media_music/b2/iasnv2_IN_12.mp3"},{"Title":"124-V Terima Mereka sebagai Tamu","Url":"https://download-a.akamaihd.net/files/media_music/50/iasnv2_IN_13.mp3"},{"Title":"061-V Seperti Apa Aku Sepatutnya","Url":"https://download-a.akamaihd.net/files/media_music/75/iasnv2_IN_14.mp3"},{"Title":"064-V Hayatilah Kebenaran","Url":"https://download-a.akamaihd.net/files/media_music/85/iasnv2_IN_15.mp3"},{"Title":"008-V Perjamuan Malam Tuan","Url":"https://download-a.akamaihd.net/files/media_music/77/iasnv2_IN_16.mp3"},{"Title":"068-V Doa di Kala Susah Hati","Url":"https://download-a.akamaihd.net/files/media_music/67/iasnv2_IN_17.mp3"},{"Title":"057-V Renungan Hatiku","Url":"https://download-a.akamaihd.net/files/media_music/ad/iasnv2_IN_18.mp3"},{"Title":"085-V Upah Limpah dari Yehuwa","Url":"https://download-a.akamaihd.net/files/media_music/a0/iasnv2_IN_19.mp3"}]}