{"Title":"Sing to Jehovah—Vocal Renditions, Disc 4","Tracks":[{"Title":"102-M Natwimbe Ulwimbo lwa Bufumu!","Url":"https://download-a.akamaihd.net/files/media_music/b6/iasnv4_CW_01.mp3"},{"Title":"066-M Ukubombela Yehova no Mweo Onse","Url":"https://download-a.akamaihd.net/files/media_music/be/iasnv4_CW_03.mp3"},{"Title":"003-M \"Lesa Kutemwa\"","Url":"https://download-a.akamaihd.net/files/media_music/37/iasnv4_CW_04.mp3"},{"Title":"119-M Iseni Musansamushiwe!","Url":"https://download-a.akamaihd.net/files/media_music/ec/iasnv4_CW_05.mp3"},{"Title":"132-M Ulwimbo lwa Kucimfya","Url":"https://download-a.akamaihd.net/files/media_music/ae/iasnv4_CW_07.mp3"},{"Title":"012-M Lesa Alitulaya Umweo wa Muyayaya","Url":"https://download-a.akamaihd.net/files/media_music/8d/iasnv4_CW_08.mp3"},{"Title":"004-M Ukupanga Ishina Ilisuma na Lesa","Url":"https://download-a.akamaihd.net/files/media_music/62/iasnv4_CW_09.mp3"},{"Title":"059-M Twaipeela Kuli Lesa!","Url":"https://download-a.akamaihd.net/files/media_music/d3/iasnv4_CW_10.mp3"},{"Title":"022-M \"Yehova E Mucemi Wandi\"","Url":"https://download-a.akamaihd.net/files/media_music/b8/iasnv4_CW_11.mp3"},{"Title":"097-M Twalilileni, Mwe Babila pa Bufumu!","Url":"https://download-a.akamaihd.net/files/media_music/19/iasnv4_CW_13.mp3"},{"Title":"029-M Ukwenda Muli Bukaele","Url":"https://download-a.akamaihd.net/files/media_music/67/iasnv4_CW_14.mp3"},{"Title":"070-M “Mwishibe Bwino Bwino Ifyacilapo Ukucindama”","Url":"https://download-a.akamaihd.net/files/media_music/32/iasnv4_CW_15.mp3"},{"Title":"086-M “Abanakashi ba Citetekelo”","Url":"https://download-a.akamaihd.net/files/media_music/83/iasnv4_CW_17.mp3"},{"Title":"131-M Yehova Alapususha","Url":"https://download-a.akamaihd.net/files/media_music/be/iasnv4_CW_18.mp3"}]}