{"Title":"Sing to Jehovah—Vocal Renditions, Disc 2","Tracks":[{"Title":"074-G Ang Kalipay ni Jehova","Url":"https://download-a.akamaihd.net/files/media_music/33/iasnv2_CV_01.mp3"},{"Title":"095-G “Tilawi ug Tan-awa Ninyo nga si Jehova Maayo”","Url":"https://download-a.akamaihd.net/files/media_music/19/iasnv2_CV_02.mp3"},{"Title":"069-G Itudlo Kanako ang Imong mga Dalan","Url":"https://download-a.akamaihd.net/files/media_music/d9/iasnv2_CV_03.mp3"},{"Title":"130-G Ang Milagro nga Kinabuhi","Url":"https://download-a.akamaihd.net/files/media_music/e6/iasnv2_CV_04.mp3"},{"Title":"060-G Siya Magapalig-on Kanimo","Url":"https://download-a.akamaihd.net/files/media_music/a6/iasnv2_CV_05.mp3"},{"Title":"107-G Manungas Kita sa Bukid ni Jehova","Url":"https://download-a.akamaihd.net/files/media_music/e4/iasnv2_CV_06.mp3"},{"Title":"088-G Kabataan, Gasa sa Diyos","Url":"https://download-a.akamaihd.net/files/media_music/44/iasnv2_CV_07.mp3"},{"Title":"081-G “Hatagi Kami ug Dugang pa nga Pagtuo”","Url":"https://download-a.akamaihd.net/files/media_music/30/iasnv2_CV_08.mp3"},{"Title":"058-G Akong Pag-ampo sa Pagpahinungod","Url":"https://download-a.akamaihd.net/files/media_music/de/iasnv2_CV_09.mp3"},{"Title":"108-G Dayega si Jehova Tungod sa Iyang Gingharian","Url":"https://download-a.akamaihd.net/files/media_music/d2/iasnv2_CV_10.mp3"},{"Title":"116-G Kahayag Nagakasanag","Url":"https://download-a.akamaihd.net/files/media_music/41/iasnv2_CV_11.mp3"},{"Title":"123-G Mga Magbalantay—Mga Gasa nga mga Lalaki","Url":"https://download-a.akamaihd.net/files/media_music/cc/iasnv2_CV_12.mp3"},{"Title":"124-G Magmaabiabihon Kanila","Url":"https://download-a.akamaihd.net/files/media_music/a5/iasnv2_CV_13.mp3"},{"Title":"061-G Ang Angay Nakong Pagkatawo","Url":"https://download-a.akamaihd.net/files/media_music/89/iasnv2_CV_14.mp3"},{"Title":"064-G Himoa ang Kamatuoran nga Imo Na","Url":"https://download-a.akamaihd.net/files/media_music/cd/iasnv2_CV_15.mp3"},{"Title":"008-G Ang Panihapon sa Ginoo","Url":"https://download-a.akamaihd.net/files/media_music/68/iasnv2_CV_16.mp3"},{"Title":"068-G Pag-ampo sa Timawa","Url":"https://download-a.akamaihd.net/files/media_music/56/iasnv2_CV_17.mp3"},{"Title":"057-G Ang Gihunahuna sa Kasingkasing Ko","Url":"https://download-a.akamaihd.net/files/media_music/2d/iasnv2_CV_18.mp3"},{"Title":"085-G Hingpit nga Ganti Gikan ni Jehova","Url":"https://download-a.akamaihd.net/files/media_music/be/iasnv2_CV_19.mp3"}]}