{"Title":"Sing to Jehovah—Vocal Renditions, Disc 3","Tracks":[{"Title":"046-V Jehovai është Mbreti ynë!","Url":"https://download-a.akamaihd.net/files/media_music/6f/iasnv3_AL_01.mp3"},{"Title":"103-V Shtëpi më shtëpi","Url":"https://download-a.akamaihd.net/files/media_music/57/iasnv3_AL_02.mp3"},{"Title":"077-V Ji falës","Url":"https://download-a.akamaihd.net/files/media_music/49/iasnv3_AL_03.mp3"},{"Title":"062-V Kujt i përkasim?","Url":"https://download-a.akamaihd.net/files/media_music/e3/iasnv3_AL_04.mp3"},{"Title":"014-V Po bëj çdo gjë të re","Url":"https://download-a.akamaihd.net/files/media_music/89/iasnv3_AL_05.mp3"},{"Title":"114-V Libri i Perëndisë: Një thesar","Url":"https://download-a.akamaihd.net/files/media_music/24/iasnv3_AL_06.mp3"},{"Title":"120-V Bindu! Dëgjo! Merr bekim!","Url":"https://download-a.akamaihd.net/files/media_music/94/iasnv3_AL_07.mp3"},{"Title":"096-V Kërkoni ata që e meritojnë","Url":"https://download-a.akamaihd.net/files/media_music/2b/iasnv3_AL_08.mp3"},{"Title":"054-V Duhet të kemi besim","Url":"https://download-a.akamaihd.net/files/media_music/d6/iasnv3_AL_09.mp3"},{"Title":"083-V Na duhet vetëkontroll","Url":"https://download-a.akamaihd.net/files/media_music/52/iasnv3_AL_10.mp3"},{"Title":"126-V Vepër e dashurisë","Url":"https://download-a.akamaihd.net/files/media_music/e5/iasnv3_AL_11.mp3"},{"Title":"125-V T’i qëndrojmë besnikë teokracisë","Url":"https://download-a.akamaihd.net/files/media_music/f2/iasnv3_AL_12.mp3"},{"Title":"040-V Vazhdoni të kërkoni më parë Mbretërinë","Url":"https://download-a.akamaihd.net/files/media_music/6d/iasnv3_AL_13.mp3"},{"Title":"019-V Premtimi i Perëndisë për parajsën","Url":"https://download-a.akamaihd.net/files/media_music/a7/iasnv3_AL_14.mp3"},{"Title":"056-V Të lutem, dëgjoje lutjen time!","Url":"https://download-a.akamaihd.net/files/media_music/e9/iasnv3_AL_15.mp3"},{"Title":"127-V Vendi që mban emrin e Jah","Url":"https://download-a.akamaihd.net/files/media_music/02/iasnv3_AL_16.mp3"},{"Title":"106-V Të fitojmë miqësinë e Jehovait","Url":"https://download-a.akamaihd.net/files/media_music/f7/iasnv3_AL_17.mp3"},{"Title":"133-V Kërkoni Jehovain për shpëtimin tuaj","Url":"https://download-a.akamaihd.net/files/media_music/b3/iasnv3_AL_18.mp3"}]}