{"Title":"Sing to Jehovah—Vocal Renditions, Disc 1","Tracks":[{"Title":"065-V 「これが道である」","Url":"https://download-a.akamaihd.net/files/media_music/59/iasnv1_J_01.mp3"},{"Title":"063-V 忠節を保つ","Url":"https://download-a.akamaihd.net/files/media_music/e3/iasnv1_J_02.mp3"},{"Title":"111-V 神は呼んでくださる","Url":"https://download-a.akamaihd.net/files/media_music/cf/iasnv1_J_03.mp3"},{"Title":"110-V 神の驚くべきみ業","Url":"https://download-a.akamaihd.net/files/media_music/f3/iasnv1_J_04.mp3"},{"Title":"075-V わたしたちの喜びの理由","Url":"https://download-a.akamaihd.net/files/media_music/28/iasnv1_J_05.mp3"},{"Title":"087-V わたしたちは一つになる","Url":"https://download-a.akamaihd.net/files/media_music/b6/iasnv1_J_06.mp3"},{"Title":"036-V 「神がくびきで結ばれたもの」","Url":"https://download-a.akamaihd.net/files/media_music/3a/iasnv1_J_07.mp3"},{"Title":"045-V 進歩しなさい！","Url":"https://download-a.akamaihd.net/files/media_music/f3/iasnv1_J_08.mp3"},{"Title":"098-V 王国の種をまく","Url":"https://download-a.akamaihd.net/files/media_music/7f/iasnv1_J_09.mp3"},{"Title":"084-V 「わたしはそう望みます」","Url":"https://download-a.akamaihd.net/files/media_music/57/iasnv1_J_10.mp3"},{"Title":"092-V 『み言葉を宣べ伝えなさい』","Url":"https://download-a.akamaihd.net/files/media_music/12/iasnv1_J_11.mp3"},{"Title":"109-V エホバの初子を歓呼して迎えなさい！","Url":"https://download-a.akamaihd.net/files/media_music/74/iasnv1_J_12.mp3"},{"Title":"089-V エホバの温かな呼びかけ―『我が子よ，賢くありなさい』","Url":"https://download-a.akamaihd.net/files/media_music/a8/iasnv1_J_13.mp3"},{"Title":"101-V 王国の真理を知らせる","Url":"https://download-a.akamaihd.net/files/media_music/e8/iasnv1_J_14.mp3"},{"Title":"091-V わたしの父，わたしの神，わたしの友","Url":"https://download-a.akamaihd.net/files/media_music/6c/iasnv1_J_15.mp3"},{"Title":"090-V 白髪の美しさ","Url":"https://download-a.akamaihd.net/files/media_music/98/iasnv1_J_16.mp3"},{"Title":"134-V 新しい世にいるあなた","Url":"https://download-a.akamaihd.net/files/media_music/4c/iasnv1_J_17.mp3"}]}