[{"BookNumber":40,"Name":"Matthew","TotalChapters":28,"Chapters":[{"Chapter":"Chapter 1","Url":"https://download-a.akamaihd.net/files/media_bible/8d/bi12_40_Mt_TG_01.mp3"},{"Chapter":"Chapter 2","Url":"https://download-a.akamaihd.net/files/media_bible/14/bi12_40_Mt_TG_02.mp3"},{"Chapter":"Chapter 3","Url":"https://download-a.akamaihd.net/files/media_bible/e3/bi12_40_Mt_TG_03.mp3"},{"Chapter":"Chapter 4","Url":"https://download-a.akamaihd.net/files/media_bible/9e/bi12_40_Mt_TG_04.mp3"},{"Chapter":"Chapter 5","Url":"https://download-a.akamaihd.net/files/media_bible/5a/bi12_40_Mt_TG_05.mp3"},{"Chapter":"Chapter 6","Url":"https://download-a.akamaihd.net/files/media_bible/79/bi12_40_Mt_TG_06.mp3"},{"Chapter":"Chapter 7","Url":"https://download-a.akamaihd.net/files/media_bible/fe/bi12_40_Mt_TG_07.mp3"},{"Chapter":"Chapter 8","Url":"https://download-a.akamaihd.net/files/media_bible/ac/bi12_40_Mt_TG_08.mp3"},{"Chapter":"Chapter 9","Url":"https://download-a.akamaihd.net/files/media_bible/5c/bi12_40_Mt_TG_09.mp3"},{"Chapter":"Chapter 10","Url":"https://download-a.akamaihd.net/files/media_bible/65/bi12_40_Mt_TG_10.mp3"},{"Chapter":"Chapter 11","Url":"https://download-a.akamaihd.net/files/media_bible/7e/bi12_40_Mt_TG_11.mp3"},{"Chapter":"Chapter 12","Url":"https://download-a.akamaihd.net/files/media_bible/7b/bi12_40_Mt_TG_12.mp3"},{"Chapter":"Chapter 13","Url":"https://download-a.akamaihd.net/files/media_bible/85/bi12_40_Mt_TG_13.mp3"},{"Chapter":"Chapter 14","Url":"https://download-a.akamaihd.net/files/media_bible/e7/bi12_40_Mt_TG_14.mp3"},{"Chapter":"Chapter 15","Url":"https://download-a.akamaihd.net/files/media_bible/ba/bi12_40_Mt_TG_15.mp3"},{"Chapter":"Chapter 16","Url":"https://download-a.akamaihd.net/files/media_bible/10/bi12_40_Mt_TG_16.mp3"},{"Chapter":"Chapter 17","Url":"https://download-a.akamaihd.net/files/media_bible/89/bi12_40_Mt_TG_17.mp3"},{"Chapter":"Chapter 18","Url":"https://download-a.akamaihd.net/files/media_bible/5f/bi12_40_Mt_TG_18.mp3"},{"Chapter":"Chapter 19","Url":"https://download-a.akamaihd.net/files/media_bible/23/bi12_40_Mt_TG_19.mp3"},{"Chapter":"Chapter 20","Url":"https://download-a.akamaihd.net/files/media_bible/62/bi12_40_Mt_TG_20.mp3"},{"Chapter":"Chapter 21","Url":"https://download-a.akamaihd.net/files/media_bible/cc/bi12_40_Mt_TG_21.mp3"},{"Chapter":"Chapter 22","Url":"https://download-a.akamaihd.net/files/media_bible/71/bi12_40_Mt_TG_22.mp3"},{"Chapter":"Chapter 23","Url":"https://download-a.akamaihd.net/files/media_bible/42/bi12_40_Mt_TG_23.mp3"},{"Chapter":"Chapter 24","Url":"https://download-a.akamaihd.net/files/media_bible/97/bi12_40_Mt_TG_24.mp3"},{"Chapter":"Chapter 25","Url":"https://download-a.akamaihd.net/files/media_bible/84/bi12_40_Mt_TG_25.mp3"},{"Chapter":"Chapter 26","Url":"https://download-a.akamaihd.net/files/media_bible/5d/bi12_40_Mt_TG_26.mp3"},{"Chapter":"Chapter 27","Url":"https://download-a.akamaihd.net/files/media_bible/f0/bi12_40_Mt_TG_27.mp3"},{"Chapter":"Chapter 28","Url":"https://download-a.akamaihd.net/files/media_bible/a6/bi12_40_Mt_TG_28.mp3"}]},{"BookNumber":41,"Name":"Mark","TotalChapters":16,"Chapters":[{"Chapter":"Chapter 1","Url":"https://download-a.akamaihd.net/files/media_bible/0d/bi12_41_Mr_TG_01.mp3"},{"Chapter":"Chapter 2","Url":"https://download-a.akamaihd.net/files/media_bible/a6/bi12_41_Mr_TG_02.mp3"},{"Chapter":"Chapter 3","Url":"https://download-a.akamaihd.net/files/media_bible/7f/bi12_41_Mr_TG_03.mp3"},{"Chapter":"Chapter 4","Url":"https://download-a.akamaihd.net/files/media_bible/e9/bi12_41_Mr_TG_04.mp3"},{"Chapter":"Chapter 5","Url":"https://download-a.akamaihd.net/files/media_bible/20/bi12_41_Mr_TG_05.mp3"},{"Chapter":"Chapter 6","Url":"https://download-a.akamaihd.net/files/media_bible/32/bi12_41_Mr_TG_06.mp3"},{"Chapter":"Chapter 7","Url":"https://download-a.akamaihd.net/files/media_bible/f2/bi12_41_Mr_TG_07.mp3"},{"Chapter":"Chapter 8","Url":"https://download-a.akamaihd.net/files/media_bible/41/bi12_41_Mr_TG_08.mp3"},{"Chapter":"Chapter 9","Url":"https://download-a.akamaihd.net/files/media_bible/99/bi12_41_Mr_TG_09.mp3"},{"Chapter":"Chapter 10","Url":"https://download-a.akamaihd.net/files/media_bible/49/bi12_41_Mr_TG_10.mp3"},{"Chapter":"Chapter 11","Url":"https://download-a.akamaihd.net/files/media_bible/c4/bi12_41_Mr_TG_11.mp3"},{"Chapter":"Chapter 12","Url":"https://download-a.akamaihd.net/files/media_bible/d9/bi12_41_Mr_TG_12.mp3"},{"Chapter":"Chapter 13","Url":"https://download-a.akamaihd.net/files/media_bible/9a/bi12_41_Mr_TG_13.mp3"},{"Chapter":"Chapter 14","Url":"https://download-a.akamaihd.net/files/media_bible/71/bi12_41_Mr_TG_14.mp3"},{"Chapter":"Chapter 15","Url":"https://download-a.akamaihd.net/files/media_bible/cd/bi12_41_Mr_TG_15.mp3"},{"Chapter":"Chapter 16","Url":"https://download-a.akamaihd.net/files/media_bible/74/bi12_41_Mr_TG_16.mp3"}]},{"BookNumber":42,"Name":"Luke","TotalChapters":24,"Chapters":[{"Chapter":"Chapter 1","Url":"https://download-a.akamaihd.net/files/media_bible/05/bi12_42_Lu_TG_01.mp3"},{"Chapter":"Chapter 2","Url":"https://download-a.akamaihd.net/files/media_bible/63/bi12_42_Lu_TG_02.mp3"},{"Chapter":"Chapter 3","Url":"https://download-a.akamaihd.net/files/media_bible/56/bi12_42_Lu_TG_03.mp3"},{"Chapter":"Chapter 4","Url":"https://download-a.akamaihd.net/files/media_bible/d2/bi12_42_Lu_TG_04.mp3"},{"Chapter":"Chapter 5","Url":"https://download-a.akamaihd.net/files/media_bible/0f/bi12_42_Lu_TG_05.mp3"},{"Chapter":"Chapter 6","Url":"https://download-a.akamaihd.net/files/media_bible/42/bi12_42_Lu_TG_06.mp3"},{"Chapter":"Chapter 7","Url":"https://download-a.akamaihd.net/files/media_bible/fc/bi12_42_Lu_TG_07.mp3"},{"Chapter":"Chapter 8","Url":"https://download-a.akamaihd.net/files/media_bible/24/bi12_42_Lu_TG_08.mp3"},{"Chapter":"Chapter 9","Url":"https://download-a.akamaihd.net/files/media_bible/1e/bi12_42_Lu_TG_09.mp3"},{"Chapter":"Chapter 10","Url":"https://download-a.akamaihd.net/files/media_bible/d9/bi12_42_Lu_TG_10.mp3"},{"Chapter":"Chapter 11","Url":"https://download-a.akamaihd.net/files/media_bible/7a/bi12_42_Lu_TG_11.mp3"},{"Chapter":"Chapter 12","Url":"https://download-a.akamaihd.net/files/media_bible/91/bi12_42_Lu_TG_12.mp3"},{"Chapter":"Chapter 13","Url":"https://download-a.akamaihd.net/files/media_bible/83/bi12_42_Lu_TG_13.mp3"},{"Chapter":"Chapter 14","Url":"https://download-a.akamaihd.net/files/media_bible/dd/bi12_42_Lu_TG_14.mp3"},{"Chapter":"Chapter 15","Url":"https://download-a.akamaihd.net/files/media_bible/74/bi12_42_Lu_TG_15.mp3"},{"Chapter":"Chapter 16","Url":"https://download-a.akamaihd.net/files/media_bible/e2/bi12_42_Lu_TG_16.mp3"},{"Chapter":"Chapter 17","Url":"https://download-a.akamaihd.net/files/media_bible/5e/bi12_42_Lu_TG_17.mp3"},{"Chapter":"Chapter 18","Url":"https://download-a.akamaihd.net/files/media_bible/8a/bi12_42_Lu_TG_18.mp3"},{"Chapter":"Chapter 19","Url":"https://download-a.akamaihd.net/files/media_bible/e0/bi12_42_Lu_TG_19.mp3"},{"Chapter":"Chapter 20","Url":"https://download-a.akamaihd.net/files/media_bible/7b/bi12_42_Lu_TG_20.mp3"},{"Chapter":"Chapter 21","Url":"https://download-a.akamaihd.net/files/media_bible/7b/bi12_42_Lu_TG_21.mp3"},{"Chapter":"Chapter 22","Url":"https://download-a.akamaihd.net/files/media_bible/1e/bi12_42_Lu_TG_22.mp3"},{"Chapter":"Chapter 23","Url":"https://download-a.akamaihd.net/files/media_bible/62/bi12_42_Lu_TG_23.mp3"},{"Chapter":"Chapter 24","Url":"https://download-a.akamaihd.net/files/media_bible/66/bi12_42_Lu_TG_24.mp3"}]},{"BookNumber":43,"Name":"John","TotalChapters":21,"Chapters":[{"Chapter":"Chapter 1","Url":"https://download-a.akamaihd.net/files/media_bible/ee/bi12_43_Joh_TG_01.mp3"},{"Chapter":"Chapter 2","Url":"https://download-a.akamaihd.net/files/media_bible/c0/bi12_43_Joh_TG_02.mp3"},{"Chapter":"Chapter 3","Url":"https://download-a.akamaihd.net/files/media_bible/8d/bi12_43_Joh_TG_03.mp3"},{"Chapter":"Chapter 4","Url":"https://download-a.akamaihd.net/files/media_bible/de/bi12_43_Joh_TG_04.mp3"},{"Chapter":"Chapter 5","Url":"https://download-a.akamaihd.net/files/media_bible/b8/bi12_43_Joh_TG_05.mp3"},{"Chapter":"Chapter 6","Url":"https://download-a.akamaihd.net/files/media_bible/d1/bi12_43_Joh_TG_06.mp3"},{"Chapter":"Chapter 7","Url":"https://download-a.akamaihd.net/files/media_bible/f7/bi12_43_Joh_TG_07.mp3"},{"Chapter":"Chapter 8","Url":"https://download-a.akamaihd.net/files/media_bible/2d/bi12_43_Joh_TG_08.mp3"},{"Chapter":"Chapter 9","Url":"https://download-a.akamaihd.net/files/media_bible/43/bi12_43_Joh_TG_09.mp3"},{"Chapter":"Chapter 10","Url":"https://download-a.akamaihd.net/files/media_bible/ba/bi12_43_Joh_TG_10.mp3"},{"Chapter":"Chapter 11","Url":"https://download-a.akamaihd.net/files/media_bible/75/bi12_43_Joh_TG_11.mp3"},{"Chapter":"Chapter 12","Url":"https://download-a.akamaihd.net/files/media_bible/66/bi12_43_Joh_TG_12.mp3"},{"Chapter":"Chapter 13","Url":"https://download-a.akamaihd.net/files/media_bible/36/bi12_43_Joh_TG_13.mp3"},{"Chapter":"Chapter 14","Url":"https://download-a.akamaihd.net/files/media_bible/7f/bi12_43_Joh_TG_14.mp3"},{"Chapter":"Chapter 15","Url":"https://download-a.akamaihd.net/files/media_bible/15/bi12_43_Joh_TG_15.mp3"},{"Chapter":"Chapter 16","Url":"https://download-a.akamaihd.net/files/media_bible/05/bi12_43_Joh_TG_16.mp3"},{"Chapter":"Chapter 17","Url":"https://download-a.akamaihd.net/files/media_bible/a4/bi12_43_Joh_TG_17.mp3"},{"Chapter":"Chapter 18","Url":"https://download-a.akamaihd.net/files/media_bible/68/bi12_43_Joh_TG_18.mp3"},{"Chapter":"Chapter 19","Url":"https://download-a.akamaihd.net/files/media_bible/b1/bi12_43_Joh_TG_19.mp3"},{"Chapter":"Chapter 20","Url":"https://download-a.akamaihd.net/files/media_bible/d4/bi12_43_Joh_TG_20.mp3"},{"Chapter":"Chapter 21","Url":"https://download-a.akamaihd.net/files/media_bible/32/bi12_43_Joh_TG_21.mp3"}]},{"BookNumber":44,"Name":"Acts","TotalChapters":28,"Chapters":[{"Chapter":"Chapter 1","Url":"https://download-a.akamaihd.net/files/media_bible/c6/bi12_44_Ac_TG_01.mp3"},{"Chapter":"Chapter 2","Url":"https://download-a.akamaihd.net/files/media_bible/e8/bi12_44_Ac_TG_02.mp3"},{"Chapter":"Chapter 3","Url":"https://download-a.akamaihd.net/files/media_bible/bd/bi12_44_Ac_TG_03.mp3"},{"Chapter":"Chapter 4","Url":"https://download-a.akamaihd.net/files/media_bible/a7/bi12_44_Ac_TG_04.mp3"},{"Chapter":"Chapter 5","Url":"https://download-a.akamaihd.net/files/media_bible/74/bi12_44_Ac_TG_05.mp3"},{"Chapter":"Chapter 6","Url":"https://download-a.akamaihd.net/files/media_bible/2c/bi12_44_Ac_TG_06.mp3"},{"Chapter":"Chapter 7","Url":"https://download-a.akamaihd.net/files/media_bible/dd/bi12_44_Ac_TG_07.mp3"},{"Chapter":"Chapter 8","Url":"https://download-a.akamaihd.net/files/media_bible/1f/bi12_44_Ac_TG_08.mp3"},{"Chapter":"Chapter 9","Url":"https://download-a.akamaihd.net/files/media_bible/76/bi12_44_Ac_TG_09.mp3"},{"Chapter":"Chapter 10","Url":"https://download-a.akamaihd.net/files/media_bible/fa/bi12_44_Ac_TG_10.mp3"},{"Chapter":"Chapter 11","Url":"https://download-a.akamaihd.net/files/media_bible/e2/bi12_44_Ac_TG_11.mp3"},{"Chapter":"Chapter 12","Url":"https://download-a.akamaihd.net/files/media_bible/5f/bi12_44_Ac_TG_12.mp3"},{"Chapter":"Chapter 13","Url":"https://download-a.akamaihd.net/files/media_bible/e6/bi12_44_Ac_TG_13.mp3"},{"Chapter":"Chapter 14","Url":"https://download-a.akamaihd.net/files/media_bible/63/bi12_44_Ac_TG_14.mp3"},{"Chapter":"Chapter 15","Url":"https://download-a.akamaihd.net/files/media_bible/3d/bi12_44_Ac_TG_15.mp3"},{"Chapter":"Chapter 16","Url":"https://download-a.akamaihd.net/files/media_bible/b6/bi12_44_Ac_TG_16.mp3"},{"Chapter":"Chapter 17","Url":"https://download-a.akamaihd.net/files/media_bible/0e/bi12_44_Ac_TG_17.mp3"},{"Chapter":"Chapter 18","Url":"https://download-a.akamaihd.net/files/media_bible/4b/bi12_44_Ac_TG_18.mp3"},{"Chapter":"Chapter 19","Url":"https://download-a.akamaihd.net/files/media_bible/c8/bi12_44_Ac_TG_19.mp3"},{"Chapter":"Chapter 20","Url":"https://download-a.akamaihd.net/files/media_bible/f5/bi12_44_Ac_TG_20.mp3"},{"Chapter":"Chapter 21","Url":"https://download-a.akamaihd.net/files/media_bible/68/bi12_44_Ac_TG_21.mp3"},{"Chapter":"Chapter 22","Url":"https://download-a.akamaihd.net/files/media_bible/4c/bi12_44_Ac_TG_22.mp3"},{"Chapter":"Chapter 23","Url":"https://download-a.akamaihd.net/files/media_bible/a3/bi12_44_Ac_TG_23.mp3"},{"Chapter":"Chapter 24","Url":"https://download-a.akamaihd.net/files/media_bible/3f/bi12_44_Ac_TG_24.mp3"},{"Chapter":"Chapter 25","Url":"https://download-a.akamaihd.net/files/media_bible/2e/bi12_44_Ac_TG_25.mp3"},{"Chapter":"Chapter 26","Url":"https://download-a.akamaihd.net/files/media_bible/c6/bi12_44_Ac_TG_26.mp3"},{"Chapter":"Chapter 27","Url":"https://download-a.akamaihd.net/files/media_bible/22/bi12_44_Ac_TG_27.mp3"},{"Chapter":"Chapter 28","Url":"https://download-a.akamaihd.net/files/media_bible/62/bi12_44_Ac_TG_28.mp3"}]},{"BookNumber":45,"Name":"Romans","TotalChapters":16,"Chapters":[{"Chapter":"Chapter 1","Url":"https://download-a.akamaihd.net/files/media_bible/ea/bi12_45_Ro_TG_01.mp3"},{"Chapter":"Chapter 2","Url":"https://download-a.akamaihd.net/files/media_bible/a5/bi12_45_Ro_TG_02.mp3"},{"Chapter":"Chapter 3","Url":"https://download-a.akamaihd.net/files/media_bible/f4/bi12_45_Ro_TG_03.mp3"},{"Chapter":"Chapter 4","Url":"https://download-a.akamaihd.net/files/media_bible/7c/bi12_45_Ro_TG_04.mp3"},{"Chapter":"Chapter 5","Url":"https://download-a.akamaihd.net/files/media_bible/44/bi12_45_Ro_TG_05.mp3"},{"Chapter":"Chapter 6","Url":"https://download-a.akamaihd.net/files/media_bible/d5/bi12_45_Ro_TG_06.mp3"},{"Chapter":"Chapter 7","Url":"https://download-a.akamaihd.net/files/media_bible/05/bi12_45_Ro_TG_07.mp3"},{"Chapter":"Chapter 8","Url":"https://download-a.akamaihd.net/files/media_bible/3e/bi12_45_Ro_TG_08.mp3"},{"Chapter":"Chapter 9","Url":"https://download-a.akamaihd.net/files/media_bible/93/bi12_45_Ro_TG_09.mp3"},{"Chapter":"Chapter 10","Url":"https://download-a.akamaihd.net/files/media_bible/1d/bi12_45_Ro_TG_10.mp3"},{"Chapter":"Chapter 11","Url":"https://download-a.akamaihd.net/files/media_bible/43/bi12_45_Ro_TG_11.mp3"},{"Chapter":"Chapter 12","Url":"https://download-a.akamaihd.net/files/media_bible/d0/bi12_45_Ro_TG_12.mp3"},{"Chapter":"Chapter 13","Url":"https://download-a.akamaihd.net/files/media_bible/a8/bi12_45_Ro_TG_13.mp3"},{"Chapter":"Chapter 14","Url":"https://download-a.akamaihd.net/files/media_bible/c6/bi12_45_Ro_TG_14.mp3"},{"Chapter":"Chapter 15","Url":"https://download-a.akamaihd.net/files/media_bible/73/bi12_45_Ro_TG_15.mp3"},{"Chapter":"Chapter 16","Url":"https://download-a.akamaihd.net/files/media_bible/78/bi12_45_Ro_TG_16.mp3"}]},{"BookNumber":46,"Name":"1 Corinthians","TotalChapters":16,"Chapters":[{"Chapter":"Chapter 1","Url":"https://download-a.akamaihd.net/files/media_bible/ce/bi12_46_1Co_TG_01.mp3"},{"Chapter":"Chapter 2","Url":"https://download-a.akamaihd.net/files/media_bible/3d/bi12_46_1Co_TG_02.mp3"},{"Chapter":"Chapter 3","Url":"https://download-a.akamaihd.net/files/media_bible/09/bi12_46_1Co_TG_03.mp3"},{"Chapter":"Chapter 4","Url":"https://download-a.akamaihd.net/files/media_bible/6c/bi12_46_1Co_TG_04.mp3"},{"Chapter":"Chapter 5","Url":"https://download-a.akamaihd.net/files/media_bible/1b/bi12_46_1Co_TG_05.mp3"},{"Chapter":"Chapter 6","Url":"https://download-a.akamaihd.net/files/media_bible/e0/bi12_46_1Co_TG_06.mp3"},{"Chapter":"Chapter 7","Url":"https://download-a.akamaihd.net/files/media_bible/ba/bi12_46_1Co_TG_07.mp3"},{"Chapter":"Chapter 8","Url":"https://download-a.akamaihd.net/files/media_bible/eb/bi12_46_1Co_TG_08.mp3"},{"Chapter":"Chapter 9","Url":"https://download-a.akamaihd.net/files/media_bible/80/bi12_46_1Co_TG_09.mp3"},{"Chapter":"Chapter 10","Url":"https://download-a.akamaihd.net/files/media_bible/50/bi12_46_1Co_TG_10.mp3"},{"Chapter":"Chapter 11","Url":"https://download-a.akamaihd.net/files/media_bible/03/bi12_46_1Co_TG_11.mp3"},{"Chapter":"Chapter 12","Url":"https://download-a.akamaihd.net/files/media_bible/14/bi12_46_1Co_TG_12.mp3"},{"Chapter":"Chapter 13","Url":"https://download-a.akamaihd.net/files/media_bible/dd/bi12_46_1Co_TG_13.mp3"},{"Chapter":"Chapter 14","Url":"https://download-a.akamaihd.net/files/media_bible/ba/bi12_46_1Co_TG_14.mp3"},{"Chapter":"Chapter 15","Url":"https://download-a.akamaihd.net/files/media_bible/1c/bi12_46_1Co_TG_15.mp3"},{"Chapter":"Chapter 16","Url":"https://download-a.akamaihd.net/files/media_bible/9f/bi12_46_1Co_TG_16.mp3"}]},{"BookNumber":47,"Name":"2 Corinthians","TotalChapters":13,"Chapters":[{"Chapter":"Chapter 1","Url":"https://download-a.akamaihd.net/files/media_bible/28/bi12_47_2Co_TG_01.mp3"},{"Chapter":"Chapter 2","Url":"https://download-a.akamaihd.net/files/media_bible/42/bi12_47_2Co_TG_02.mp3"},{"Chapter":"Chapter 3","Url":"https://download-a.akamaihd.net/files/media_bible/a7/bi12_47_2Co_TG_03.mp3"},{"Chapter":"Chapter 4","Url":"https://download-a.akamaihd.net/files/media_bible/dc/bi12_47_2Co_TG_04.mp3"},{"Chapter":"Chapter 5","Url":"https://download-a.akamaihd.net/files/media_bible/cd/bi12_47_2Co_TG_05.mp3"},{"Chapter":"Chapter 6","Url":"https://download-a.akamaihd.net/files/media_bible/33/bi12_47_2Co_TG_06.mp3"},{"Chapter":"Chapter 7","Url":"https://download-a.akamaihd.net/files/media_bible/ae/bi12_47_2Co_TG_07.mp3"},{"Chapter":"Chapter 8","Url":"https://download-a.akamaihd.net/files/media_bible/d7/bi12_47_2Co_TG_08.mp3"},{"Chapter":"Chapter 9","Url":"https://download-a.akamaihd.net/files/media_bible/a6/bi12_47_2Co_TG_09.mp3"},{"Chapter":"Chapter 10","Url":"https://download-a.akamaihd.net/files/media_bible/fa/bi12_47_2Co_TG_10.mp3"},{"Chapter":"Chapter 11","Url":"https://download-a.akamaihd.net/files/media_bible/33/bi12_47_2Co_TG_11.mp3"},{"Chapter":"Chapter 12","Url":"https://download-a.akamaihd.net/files/media_bible/1e/bi12_47_2Co_TG_12.mp3"},{"Chapter":"Chapter 13","Url":"https://download-a.akamaihd.net/files/media_bible/b4/bi12_47_2Co_TG_13.mp3"}]},{"BookNumber":48,"Name":"Galatians","TotalChapters":6,"Chapters":[{"Chapter":"Chapter 1","Url":"https://download-a.akamaihd.net/files/media_bible/b5/bi12_48_Ga_TG_01.mp3"},{"Chapter":"Chapter 2","Url":"https://download-a.akamaihd.net/files/media_bible/22/bi12_48_Ga_TG_02.mp3"},{"Chapter":"Chapter 3","Url":"https://download-a.akamaihd.net/files/media_bible/3f/bi12_48_Ga_TG_03.mp3"},{"Chapter":"Chapter 4","Url":"https://download-a.akamaihd.net/files/media_bible/c9/bi12_48_Ga_TG_04.mp3"},{"Chapter":"Chapter 5","Url":"https://download-a.akamaihd.net/files/media_bible/25/bi12_48_Ga_TG_05.mp3"},{"Chapter":"Chapter 6","Url":"https://download-a.akamaihd.net/files/media_bible/95/bi12_48_Ga_TG_06.mp3"}]},{"BookNumber":49,"Name":"Ephesians","TotalChapters":6,"Chapters":[{"Chapter":"Chapter 1","Url":"https://download-a.akamaihd.net/files/media_bible/9f/bi12_49_Eph_TG_01.mp3"},{"Chapter":"Chapter 2","Url":"https://download-a.akamaihd.net/files/media_bible/6a/bi12_49_Eph_TG_02.mp3"},{"Chapter":"Chapter 3","Url":"https://download-a.akamaihd.net/files/media_bible/28/bi12_49_Eph_TG_03.mp3"},{"Chapter":"Chapter 4","Url":"https://download-a.akamaihd.net/files/media_bible/b1/bi12_49_Eph_TG_04.mp3"},{"Chapter":"Chapter 5","Url":"https://download-a.akamaihd.net/files/media_bible/a3/bi12_49_Eph_TG_05.mp3"},{"Chapter":"Chapter 6","Url":"https://download-a.akamaihd.net/files/media_bible/96/bi12_49_Eph_TG_06.mp3"}]},{"BookNumber":50,"Name":"Philippians","TotalChapters":4,"Chapters":[{"Chapter":"Chapter 1","Url":"https://download-a.akamaihd.net/files/media_bible/43/bi12_50_Php_TG_01.mp3"},{"Chapter":"Chapter 2","Url":"https://download-a.akamaihd.net/files/media_bible/bf/bi12_50_Php_TG_02.mp3"},{"Chapter":"Chapter 3","Url":"https://download-a.akamaihd.net/files/media_bible/25/bi12_50_Php_TG_03.mp3"},{"Chapter":"Chapter 4","Url":"https://download-a.akamaihd.net/files/media_bible/86/bi12_50_Php_TG_04.mp3"}]},{"BookNumber":51,"Name":"Colossians","TotalChapters":4,"Chapters":[{"Chapter":"Chapter 1","Url":"https://download-a.akamaihd.net/files/media_bible/79/bi12_51_Col_TG_01.mp3"},{"Chapter":"Chapter 2","Url":"https://download-a.akamaihd.net/files/media_bible/12/bi12_51_Col_TG_02.mp3"},{"Chapter":"Chapter 3","Url":"https://download-a.akamaihd.net/files/media_bible/fd/bi12_51_Col_TG_03.mp3"},{"Chapter":"Chapter 4","Url":"https://download-a.akamaihd.net/files/media_bible/15/bi12_51_Col_TG_04.mp3"}]},{"BookNumber":52,"Name":"1 Thessalonians","TotalChapters":5,"Chapters":[{"Chapter":"Chapter 1","Url":"https://download-a.akamaihd.net/files/media_bible/6b/bi12_52_1Th_TG_01.mp3"},{"Chapter":"Chapter 2","Url":"https://download-a.akamaihd.net/files/media_bible/62/bi12_52_1Th_TG_02.mp3"},{"Chapter":"Chapter 3","Url":"https://download-a.akamaihd.net/files/media_bible/ce/bi12_52_1Th_TG_03.mp3"},{"Chapter":"Chapter 4","Url":"https://download-a.akamaihd.net/files/media_bible/34/bi12_52_1Th_TG_04.mp3"},{"Chapter":"Chapter 5","Url":"https://download-a.akamaihd.net/files/media_bible/1e/bi12_52_1Th_TG_05.mp3"}]},{"BookNumber":53,"Name":"2 Thessalonians","TotalChapters":3,"Chapters":[{"Chapter":"Chapter 1","Url":"https://download-a.akamaihd.net/files/media_bible/e7/bi12_53_2Th_TG_01.mp3"},{"Chapter":"Chapter 2","Url":"https://download-a.akamaihd.net/files/media_bible/72/bi12_53_2Th_TG_02.mp3"},{"Chapter":"Chapter 3","Url":"https://download-a.akamaihd.net/files/media_bible/bd/bi12_53_2Th_TG_03.mp3"}]},{"BookNumber":54,"Name":"1 Timothy","TotalChapters":6,"Chapters":[{"Chapter":"Chapter 1","Url":"https://download-a.akamaihd.net/files/media_bible/26/bi12_54_1Ti_TG_01.mp3"},{"Chapter":"Chapter 2","Url":"https://download-a.akamaihd.net/files/media_bible/7d/bi12_54_1Ti_TG_02.mp3"},{"Chapter":"Chapter 3","Url":"https://download-a.akamaihd.net/files/media_bible/5c/bi12_54_1Ti_TG_03.mp3"},{"Chapter":"Chapter 4","Url":"https://download-a.akamaihd.net/files/media_bible/f8/bi12_54_1Ti_TG_04.mp3"},{"Chapter":"Chapter 5","Url":"https://download-a.akamaihd.net/files/media_bible/27/bi12_54_1Ti_TG_05.mp3"},{"Chapter":"Chapter 6","Url":"https://download-a.akamaihd.net/files/media_bible/85/bi12_54_1Ti_TG_06.mp3"}]},{"BookNumber":55,"Name":"2 Timothy","TotalChapters":4,"Chapters":[{"Chapter":"Chapter 1","Url":"https://download-a.akamaihd.net/files/media_bible/34/bi12_55_2Ti_TG_01.mp3"},{"Chapter":"Chapter 2","Url":"https://download-a.akamaihd.net/files/media_bible/cb/bi12_55_2Ti_TG_02.mp3"},{"Chapter":"Chapter 3","Url":"https://download-a.akamaihd.net/files/media_bible/63/bi12_55_2Ti_TG_03.mp3"},{"Chapter":"Chapter 4","Url":"https://download-a.akamaihd.net/files/media_bible/d0/bi12_55_2Ti_TG_04.mp3"}]},{"BookNumber":56,"Name":"Titus","TotalChapters":3,"Chapters":[{"Chapter":"Chapter 1","Url":"https://download-a.akamaihd.net/files/media_bible/48/bi12_56_Tit_TG_01.mp3"},{"Chapter":"Chapter 2","Url":"https://download-a.akamaihd.net/files/media_bible/81/bi12_56_Tit_TG_02.mp3"},{"Chapter":"Chapter 3","Url":"https://download-a.akamaihd.net/files/media_bible/22/bi12_56_Tit_TG_03.mp3"}]},{"BookNumber":57,"Name":"Philemon","TotalChapters":1,"Chapters":[{"Chapter":"Chapter 1","Url":"https://download-a.akamaihd.net/files/media_bible/ff/bi12_57_Phm_TG_01.mp3"}]},{"BookNumber":58,"Name":"Hebrews","TotalChapters":13,"Chapters":[{"Chapter":"Chapter 1","Url":"https://download-a.akamaihd.net/files/media_bible/ee/bi12_58_Heb_TG_01.mp3"},{"Chapter":"Chapter 2","Url":"https://download-a.akamaihd.net/files/media_bible/46/bi12_58_Heb_TG_02.mp3"},{"Chapter":"Chapter 3","Url":"https://download-a.akamaihd.net/files/media_bible/0c/bi12_58_Heb_TG_03.mp3"},{"Chapter":"Chapter 4","Url":"https://download-a.akamaihd.net/files/media_bible/c3/bi12_58_Heb_TG_04.mp3"},{"Chapter":"Chapter 5","Url":"https://download-a.akamaihd.net/files/media_bible/8e/bi12_58_Heb_TG_05.mp3"},{"Chapter":"Chapter 6","Url":"https://download-a.akamaihd.net/files/media_bible/04/bi12_58_Heb_TG_06.mp3"},{"Chapter":"Chapter 7","Url":"https://download-a.akamaihd.net/files/media_bible/0a/bi12_58_Heb_TG_07.mp3"},{"Chapter":"Chapter 8","Url":"https://download-a.akamaihd.net/files/media_bible/ec/bi12_58_Heb_TG_08.mp3"},{"Chapter":"Chapter 9","Url":"https://download-a.akamaihd.net/files/media_bible/9e/bi12_58_Heb_TG_09.mp3"},{"Chapter":"Chapter 10","Url":"https://download-a.akamaihd.net/files/media_bible/e7/bi12_58_Heb_TG_10.mp3"},{"Chapter":"Chapter 11","Url":"https://download-a.akamaihd.net/files/media_bible/63/bi12_58_Heb_TG_11.mp3"},{"Chapter":"Chapter 12","Url":"https://download-a.akamaihd.net/files/media_bible/dd/bi12_58_Heb_TG_12.mp3"},{"Chapter":"Chapter 13","Url":"https://download-a.akamaihd.net/files/media_bible/a6/bi12_58_Heb_TG_13.mp3"}]},{"BookNumber":59,"Name":"James","TotalChapters":5,"Chapters":[{"Chapter":"Chapter 1","Url":"https://download-a.akamaihd.net/files/media_bible/99/bi12_59_Jas_TG_01.mp3"},{"Chapter":"Chapter 2","Url":"https://download-a.akamaihd.net/files/media_bible/11/bi12_59_Jas_TG_02.mp3"},{"Chapter":"Chapter 3","Url":"https://download-a.akamaihd.net/files/media_bible/fd/bi12_59_Jas_TG_03.mp3"},{"Chapter":"Chapter 4","Url":"https://download-a.akamaihd.net/files/media_bible/1b/bi12_59_Jas_TG_04.mp3"},{"Chapter":"Chapter 5","Url":"https://download-a.akamaihd.net/files/media_bible/b2/bi12_59_Jas_TG_05.mp3"}]},{"BookNumber":60,"Name":"1 Peter","TotalChapters":5,"Chapters":[{"Chapter":"Chapter 1","Url":"https://download-a.akamaihd.net/files/media_bible/79/bi12_60_1Pe_TG_01.mp3"},{"Chapter":"Chapter 2","Url":"https://download-a.akamaihd.net/files/media_bible/a3/bi12_60_1Pe_TG_02.mp3"},{"Chapter":"Chapter 3","Url":"https://download-a.akamaihd.net/files/media_bible/dd/bi12_60_1Pe_TG_03.mp3"},{"Chapter":"Chapter 4","Url":"https://download-a.akamaihd.net/files/media_bible/ad/bi12_60_1Pe_TG_04.mp3"},{"Chapter":"Chapter 5","Url":"https://download-a.akamaihd.net/files/media_bible/07/bi12_60_1Pe_TG_05.mp3"}]},{"BookNumber":61,"Name":"2 Peter","TotalChapters":3,"Chapters":[{"Chapter":"Chapter 1","Url":"https://download-a.akamaihd.net/files/media_bible/a4/bi12_61_2Pe_TG_01.mp3"},{"Chapter":"Chapter 2","Url":"https://download-a.akamaihd.net/files/media_bible/5d/bi12_61_2Pe_TG_02.mp3"},{"Chapter":"Chapter 3","Url":"https://download-a.akamaihd.net/files/media_bible/81/bi12_61_2Pe_TG_03.mp3"}]},{"BookNumber":62,"Name":"1 John","TotalChapters":5,"Chapters":[{"Chapter":"Chapter 1","Url":"https://download-a.akamaihd.net/files/media_bible/f4/bi12_62_1Jo_TG_01.mp3"},{"Chapter":"Chapter 2","Url":"https://download-a.akamaihd.net/files/media_bible/33/bi12_62_1Jo_TG_02.mp3"},{"Chapter":"Chapter 3","Url":"https://download-a.akamaihd.net/files/media_bible/8c/bi12_62_1Jo_TG_03.mp3"},{"Chapter":"Chapter 4","Url":"https://download-a.akamaihd.net/files/media_bible/c6/bi12_62_1Jo_TG_04.mp3"},{"Chapter":"Chapter 5","Url":"https://download-a.akamaihd.net/files/media_bible/cc/bi12_62_1Jo_TG_05.mp3"}]},{"BookNumber":63,"Name":"2 John","TotalChapters":1,"Chapters":[{"Chapter":"Chapter 1","Url":"https://download-a.akamaihd.net/files/media_bible/3f/bi12_63_2Jo_TG_01.mp3"}]},{"BookNumber":64,"Name":"3 John","TotalChapters":1,"Chapters":[{"Chapter":"Chapter 1","Url":"https://download-a.akamaihd.net/files/media_bible/6c/bi12_64_3Jo_TG_01.mp3"}]},{"BookNumber":65,"Name":"Jude","TotalChapters":1,"Chapters":[{"Chapter":"Chapter 1","Url":"https://download-a.akamaihd.net/files/media_bible/f7/bi12_65_Jude_TG_01.mp3"}]},{"BookNumber":66,"Name":"Revelation","TotalChapters":22,"Chapters":[{"Chapter":"Chapter 1","Url":"https://download-a.akamaihd.net/files/media_bible/70/bi12_66_Re_TG_01.mp3"},{"Chapter":"Chapter 2","Url":"https://download-a.akamaihd.net/files/media_bible/13/bi12_66_Re_TG_02.mp3"},{"Chapter":"Chapter 3","Url":"https://download-a.akamaihd.net/files/media_bible/ce/bi12_66_Re_TG_03.mp3"},{"Chapter":"Chapter 4","Url":"https://download-a.akamaihd.net/files/media_bible/4f/bi12_66_Re_TG_04.mp3"},{"Chapter":"Chapter 5","Url":"https://download-a.akamaihd.net/files/media_bible/26/bi12_66_Re_TG_05.mp3"},{"Chapter":"Chapter 6","Url":"https://download-a.akamaihd.net/files/media_bible/50/bi12_66_Re_TG_06.mp3"},{"Chapter":"Chapter 7","Url":"https://download-a.akamaihd.net/files/media_bible/51/bi12_66_Re_TG_07.mp3"},{"Chapter":"Chapter 8","Url":"https://download-a.akamaihd.net/files/media_bible/d9/bi12_66_Re_TG_08.mp3"},{"Chapter":"Chapter 9","Url":"https://download-a.akamaihd.net/files/media_bible/4e/bi12_66_Re_TG_09.mp3"},{"Chapter":"Chapter 10","Url":"https://download-a.akamaihd.net/files/media_bible/7f/bi12_66_Re_TG_10.mp3"},{"Chapter":"Chapter 11","Url":"https://download-a.akamaihd.net/files/media_bible/12/bi12_66_Re_TG_11.mp3"},{"Chapter":"Chapter 12","Url":"https://download-a.akamaihd.net/files/media_bible/e0/bi12_66_Re_TG_12.mp3"},{"Chapter":"Chapter 13","Url":"https://download-a.akamaihd.net/files/media_bible/a9/bi12_66_Re_TG_13.mp3"},{"Chapter":"Chapter 14","Url":"https://download-a.akamaihd.net/files/media_bible/94/bi12_66_Re_TG_14.mp3"},{"Chapter":"Chapter 15","Url":"https://download-a.akamaihd.net/files/media_bible/bb/bi12_66_Re_TG_15.mp3"},{"Chapter":"Chapter 16","Url":"https://download-a.akamaihd.net/files/media_bible/2f/bi12_66_Re_TG_16.mp3"},{"Chapter":"Chapter 17","Url":"https://download-a.akamaihd.net/files/media_bible/f2/bi12_66_Re_TG_17.mp3"},{"Chapter":"Chapter 18","Url":"https://download-a.akamaihd.net/files/media_bible/44/bi12_66_Re_TG_18.mp3"},{"Chapter":"Chapter 19","Url":"https://download-a.akamaihd.net/files/media_bible/ed/bi12_66_Re_TG_19.mp3"},{"Chapter":"Chapter 20","Url":"https://download-a.akamaihd.net/files/media_bible/47/bi12_66_Re_TG_20.mp3"},{"Chapter":"Chapter 21","Url":"https://download-a.akamaihd.net/files/media_bible/ac/bi12_66_Re_TG_21.mp3"},{"Chapter":"Chapter 22","Url":"https://download-a.akamaihd.net/files/media_bible/5a/bi12_66_Re_TG_22.mp3"}]}]