{"Title":"Sing to Jehovah—Vocal Renditions, Disc 3","Tracks":[{"Title":"046-K Si Jehova an Satong Hade!","Url":"https://download-a.akamaihd.net/files/media_music/2b/iasnv3_BI_01.mp3"},{"Title":"103-K “Sa Harong-Harong”","Url":"https://download-a.akamaihd.net/files/media_music/d0/iasnv3_BI_02.mp3"},{"Title":"077-K Magin Mapagpatawad","Url":"https://download-a.akamaihd.net/files/media_music/26/iasnv3_BI_03.mp3"},{"Title":"062-K Kiisay Kita?","Url":"https://download-a.akamaihd.net/files/media_music/d7/iasnv3_BI_04.mp3"},{"Title":"014-K Binago an Gabos na Bagay","Url":"https://download-a.akamaihd.net/files/media_music/bf/iasnv3_BI_05.mp3"},{"Title":"114-K An Sadiring Libro nin Dios—Sarong Kayamanan","Url":"https://download-a.akamaihd.net/files/media_music/5f/iasnv3_BI_06.mp3"},{"Title":"120-K Maghinanyog, Magkuyog, Asin ta Kamo Bebendisyonan","Url":"https://download-a.akamaihd.net/files/media_music/26/iasnv3_BI_07.mp3"},{"Title":"096-K Hanapon an mga Maninigo","Url":"https://download-a.akamaihd.net/files/media_music/14/iasnv3_BI_08.mp3"},{"Title":"054-K Dapat Kitang Magkaigwa kan Pagtubod","Url":"https://download-a.akamaihd.net/files/media_music/0e/iasnv3_BI_09.mp3"},{"Title":"083-K Kaipuhan Niato an Pagpupugol sa Sadiri","Url":"https://download-a.akamaihd.net/files/media_music/eb/iasnv3_BI_10.mp3"},{"Title":"126-K An Samong Ginibo Dahel sa Pagkamoot","Url":"https://download-a.akamaihd.net/files/media_music/7b/iasnv3_BI_11.mp3"},{"Title":"125-K Maimbod na Magpasakop sa Teokratikong Areglo","Url":"https://download-a.akamaihd.net/files/media_music/87/iasnv3_BI_12.mp3"},{"Title":"040-K Padagos na Hanapon Nguna an Kahadean","Url":"https://download-a.akamaihd.net/files/media_music/ee/iasnv3_BI_13.mp3"},{"Title":"019-K An Panuga nin Dios na Paraiso","Url":"https://download-a.akamaihd.net/files/media_music/67/iasnv3_BI_14.mp3"},{"Title":"056-K Dangoga Tabi an Sakong Pamibi","Url":"https://download-a.akamaihd.net/files/media_music/be/iasnv3_BI_15.mp3"},{"Title":"127-K Sarong Lugar na Yaon an Saimong Ngaran","Url":"https://download-a.akamaihd.net/files/media_music/fb/iasnv3_BI_16.mp3"},{"Title":"106-K Pakikikatood ki Jehova","Url":"https://download-a.akamaihd.net/files/media_music/0a/iasnv3_BI_17.mp3"},{"Title":"133-K Hanapa Nindo an Dios Para sa Saindong Kaligtasan","Url":"https://download-a.akamaihd.net/files/media_music/34/iasnv3_BI_18.mp3"}]}