{"Title":"Sing to Jehovah—Vocal Renditions, Disc 3","Tracks":[{"Title":"046-V Jehova je naš Kralj!","Url":"https://download-a.akamaihd.net/files/media_music/b1/iasnv3_C_001.mp3"},{"Title":"103-V “Od kuće do kuće”","Url":"https://download-a.akamaihd.net/files/media_music/26/iasnv3_C_002.mp3"},{"Title":"077-V Spremno opraštajmo","Url":"https://download-a.akamaihd.net/files/media_music/c5/iasnv3_C_003.mp3"},{"Title":"062-V Kome pripadamo?","Url":"https://download-a.akamaihd.net/files/media_music/1a/iasnv3_C_004.mp3"},{"Title":"014-V “Sve činim novo”","Url":"https://download-a.akamaihd.net/files/media_music/af/iasnv3_C_005.mp3"},{"Title":"114-V Božja vlastita knjiga — blago","Url":"https://download-a.akamaihd.net/files/media_music/1f/iasnv3_C_006.mp3"},{"Title":"120-V Bog blagoslivlja poslušne","Url":"https://download-a.akamaihd.net/files/media_music/63/iasnv3_C_007.mp3"},{"Title":"096-V Tražite dostojne","Url":"https://download-a.akamaihd.net/files/media_music/2f/iasnv3_C_008.mp3"},{"Title":"054-V Imajmo čvrstu vjeru!","Url":"https://download-a.akamaihd.net/files/media_music/df/iasnv3_C_009.mp3"},{"Title":"083-V Razvijajmo samosvladavanje","Url":"https://download-a.akamaihd.net/files/media_music/7a/iasnv3_C_010.mp3"},{"Title":"126-V Graditelji koji slave Boga","Url":"https://download-a.akamaihd.net/files/media_music/66/iasnv3_C_011.mp3"},{"Title":"125-V Vjerno se držimo teokratskog reda","Url":"https://download-a.akamaihd.net/files/media_music/12/iasnv3_C_012.mp3"},{"Title":"040-V Tražimo najprije Kraljevstvo!","Url":"https://download-a.akamaihd.net/files/media_music/cc/iasnv3_C_013.mp3"},{"Title":"019-V Bog je obećao život u raju","Url":"https://download-a.akamaihd.net/files/media_music/11/iasnv3_C_014.mp3"},{"Title":"056-V Saslušaj moju molitvu","Url":"https://download-a.akamaihd.net/files/media_music/1e/iasnv3_C_015.mp3"},{"Title":"127-V “Dom” koji nosi Božje ime","Url":"https://download-a.akamaihd.net/files/media_music/47/iasnv3_C_016.mp3"},{"Title":"106-V Steći Jehovino prijateljstvo","Url":"https://download-a.akamaihd.net/files/media_music/05/iasnv3_C_017.mp3"},{"Title":"133-V Tražimo Jehovu, svog Spasitelja!","Url":"https://download-a.akamaihd.net/files/media_music/9f/iasnv3_C_018.mp3"}]}