{"Title":"Kingdom Melodies, Volume 6","Tracks":[{"Title":"104","Url":"https://download-a.akamaihd.net/files/media_music/77/iam-6_E_01.mp3"},{"Title":"211","Url":"https://download-a.akamaihd.net/files/media_music/cc/iam-6_E_02.mp3"},{"Title":"97","Url":"https://download-a.akamaihd.net/files/media_music/48/iam-6_E_03.mp3"},{"Title":"167","Url":"https://download-a.akamaihd.net/files/media_music/2c/iam-6_E_04.mp3"},{"Title":"54","Url":"https://download-a.akamaihd.net/files/media_music/c5/iam-6_E_05.mp3"},{"Title":"179","Url":"https://download-a.akamaihd.net/files/media_music/27/iam-6_E_06.mp3"},{"Title":"198","Url":"https://download-a.akamaihd.net/files/media_music/16/iam-6_E_07.mp3"},{"Title":"122","Url":"https://download-a.akamaihd.net/files/media_music/e8/iam-6_E_08.mp3"},{"Title":"153","Url":"https://download-a.akamaihd.net/files/media_music/d6/iam-6_E_09.mp3"},{"Title":"90","Url":"https://download-a.akamaihd.net/files/media_music/0d/iam-6_E_10.mp3"},{"Title":"225","Url":"https://download-a.akamaihd.net/files/media_music/1b/iam-6_E_11.mp3"},{"Title":"12","Url":"https://download-a.akamaihd.net/files/media_music/b9/iam-6_E_12.mp3"},{"Title":"15","Url":"https://download-a.akamaihd.net/files/media_music/bb/iam-6_E_13.mp3"},{"Title":"223","Url":"https://download-a.akamaihd.net/files/media_music/25/iam-6_E_14.mp3"},{"Title":"219","Url":"https://download-a.akamaihd.net/files/media_music/30/iam-6_E_15.mp3"},{"Title":"10","Url":"https://download-a.akamaihd.net/files/media_music/94/iam-6_E_16.mp3"}]}