{"Title":"Sing to Jehovah—Vocal Renditions, Disc 3","Tracks":[{"Title":"046-Φ Ο Ιεχωβά Είναι ο Βασιλιάς Μας!","Url":"https://download-a.akamaihd.net/files/media_music/1c/iasnv3_G_01.mp3"},{"Title":"103-Φ «Από Σπίτι σε Σπίτι»","Url":"https://download-a.akamaihd.net/files/media_music/be/iasnv3_G_02.mp3"},{"Title":"077-Φ Να Είστε Συγχωρητικοί","Url":"https://download-a.akamaihd.net/files/media_music/41/iasnv3_G_03.mp3"},{"Title":"062-Φ Σε Ποιον Ανήκουμε;","Url":"https://download-a.akamaihd.net/files/media_music/03/iasnv3_G_04.mp3"},{"Title":"014-Φ Όλα τα Πράγματα Γίνονται Νέα","Url":"https://download-a.akamaihd.net/files/media_music/91/iasnv3_G_05.mp3"},{"Title":"114-Φ Το Βιβλίο του Θεού—Ένας Θησαυρός","Url":"https://download-a.akamaihd.net/files/media_music/d7/iasnv3_G_06.mp3"},{"Title":"120-Φ Να Ακούτε, να Υπακούτε και θα Ευλογείστε","Url":"https://download-a.akamaihd.net/files/media_music/28/iasnv3_G_07.mp3"},{"Title":"096-Φ Να Αναζητάτε τους Αξίους","Url":"https://download-a.akamaihd.net/files/media_music/6e/iasnv3_G_08.mp3"},{"Title":"054-Φ Πρέπει να Έχουμε Πίστη","Url":"https://download-a.akamaihd.net/files/media_music/f7/iasnv3_G_09.mp3"},{"Title":"083-Φ Χρειαζόμαστε Εγκράτεια","Url":"https://download-a.akamaihd.net/files/media_music/b8/iasnv3_G_10.mp3"},{"Title":"126-Φ Ο Κόπος της Αγάπης Μας","Url":"https://download-a.akamaihd.net/files/media_music/62/iasnv3_G_11.mp3"},{"Title":"125-Φ Όσια Υποταγή στη Θεοκρατική Διάταξη","Url":"https://download-a.akamaihd.net/files/media_music/a9/iasnv3_G_12.mp3"},{"Title":"040-Φ Να Επιζητείτε Πρώτα τη Βασιλεία","Url":"https://download-a.akamaihd.net/files/media_music/82/iasnv3_G_13.mp3"},{"Title":"019-Φ Η Υπόσχεση του Θεού για τον Παράδεισο","Url":"https://download-a.akamaihd.net/files/media_music/d3/iasnv3_G_14.mp3"},{"Title":"056-Φ Παρακαλώ, Άκουσε την Προσευχή Μου","Url":"https://download-a.akamaihd.net/files/media_music/a9/iasnv3_G_15.mp3"},{"Title":"127-Φ Ένας Τόπος που Φέρει το Όνομά Σου","Url":"https://download-a.akamaihd.net/files/media_music/81/iasnv3_G_16.mp3"},{"Title":"106-Φ Ας Κερδίσουμε τη Φιλία του Ιεχωβά","Url":"https://download-a.akamaihd.net/files/media_music/3b/iasnv3_G_17.mp3"},{"Title":"133-Φ Εκζητείτε τον Θεό για την Απελευθέρωσή Σας","Url":"https://download-a.akamaihd.net/files/media_music/83/iasnv3_G_18.mp3"}]}