{"Title":"Sing to Jehovah—Vocal Renditions, Disc 2","Tracks":[{"Title":"074-V Magkalipay kay Jehova","Url":"https://download-a.akamaihd.net/files/media_music/53/iasnv2_HV_01.mp3"},{"Title":"095-V ‘Tilawi kag Tan-awa nga Maayo si Jehova’","Url":"https://download-a.akamaihd.net/files/media_music/68/iasnv2_HV_02.mp3"},{"Title":"069-V Ipakita sa Akon ang Imo mga Dalanon","Url":"https://download-a.akamaihd.net/files/media_music/7f/iasnv2_HV_03.mp3"},{"Title":"130-V Dulot nga Kabuhi","Url":"https://download-a.akamaihd.net/files/media_music/ef/iasnv2_HV_04.mp3"},{"Title":"060-V Pabakuron Ka Niya","Url":"https://download-a.akamaihd.net/files/media_music/a8/iasnv2_HV_05.mp3"},{"Title":"107-V Mataklad Kita sa Bukid ni Jehova","Url":"https://download-a.akamaihd.net/files/media_music/d1/iasnv2_HV_06.mp3"},{"Title":"088-V Ang mga Kabataan Palanublion Gikan sa Dios","Url":"https://download-a.akamaihd.net/files/media_music/05/iasnv2_HV_07.mp3"},{"Title":"081-V “Hatagi Kami sing Dugang nga Pagtuo”","Url":"https://download-a.akamaihd.net/files/media_music/9e/iasnv2_HV_08.mp3"},{"Title":"058-V Ang Akon Pangamuyo sang Dedikasyon","Url":"https://download-a.akamaihd.net/files/media_music/b2/iasnv2_HV_09.mp3"},{"Title":"108-V Dayawa si Jehova Tungod sa Iya Ginharian","Url":"https://download-a.akamaihd.net/files/media_music/2c/iasnv2_HV_10.mp3"},{"Title":"116-V Ang Kapawa Labi nga Nagasanag","Url":"https://download-a.akamaihd.net/files/media_music/c5/iasnv2_HV_11.mp3"},{"Title":"123-V Mga Manugbantay—Dulot nga mga Lalaki","Url":"https://download-a.akamaihd.net/files/media_music/a6/iasnv2_HV_12.mp3"},{"Title":"124-V Mangin Maabiabihon","Url":"https://download-a.akamaihd.net/files/media_music/91/iasnv2_HV_13.mp3"},{"Title":"061-V Ano Ako Dapat nga Sahi sang Tawo?","Url":"https://download-a.akamaihd.net/files/media_music/96/iasnv2_HV_14.mp3"},{"Title":"064-V Himua nga Imo ang Kamatuoran","Url":"https://download-a.akamaihd.net/files/media_music/fd/iasnv2_HV_15.mp3"},{"Title":"008-V Ang Panihapon sang Ginuo","Url":"https://download-a.akamaihd.net/files/media_music/e8/iasnv2_HV_16.mp3"},{"Title":"068-V Ang Pangamuyo sang Napung-awan","Url":"https://download-a.akamaihd.net/files/media_music/7f/iasnv2_HV_17.mp3"},{"Title":"057-V Ang Ginapamalandungan sang Akon Tagipusuon","Url":"https://download-a.akamaihd.net/files/media_music/cb/iasnv2_HV_18.mp3"},{"Title":"085-V Bugana nga Padya Halin kay Jehova","Url":"https://download-a.akamaihd.net/files/media_music/18/iasnv2_HV_19.mp3"}]}