{"Title":"Sing to Jehovah—Vocal Renditions, Disc 5","Tracks":[{"Title":"118-K Ta kjærlig imot hverandre","Url":"https://download-a.akamaihd.net/files/media_music/aa/iasnv5_N_01.mp3"},{"Title":"052-K Vokt ditt hjerte","Url":"https://download-a.akamaihd.net/files/media_music/d3/iasnv5_N_02.mp3"},{"Title":"013-K En takkebønn","Url":"https://download-a.akamaihd.net/files/media_music/54/iasnv5_N_03.mp3"},{"Title":"043-K Vær på vakt, stå fast, vær sterke!","Url":"https://download-a.akamaihd.net/files/media_music/94/iasnv5_N_04.mp3"},{"Title":"041-K Tilbe Jehova mens du er ung","Url":"https://download-a.akamaihd.net/files/media_music/7f/iasnv5_N_05.mp3"},{"Title":"018-K Guds lojale kjærlighet","Url":"https://download-a.akamaihd.net/files/media_music/b5/iasnv5_N_06.mp3"},{"Title":"010-K «Her er jeg! Send meg!»","Url":"https://download-a.akamaihd.net/files/media_music/7c/iasnv5_N_07.mp3"},{"Title":"031-K Vi er Jehovas vitner!","Url":"https://download-a.akamaihd.net/files/media_music/5a/iasnv5_N_08.mp3"},{"Title":"005-K Kristus – vårt eksempel","Url":"https://download-a.akamaihd.net/files/media_music/fc/iasnv5_N_09.mp3"},{"Title":"016-K Flykt til Guds rike!","Url":"https://download-a.akamaihd.net/files/media_music/97/iasnv5_N_10.mp3"},{"Title":"053-K Arbeid sammen i enhet","Url":"https://download-a.akamaihd.net/files/media_music/02/iasnv5_N_11.mp3"},{"Title":"021-K Lykkelige er de barmhjertige","Url":"https://download-a.akamaihd.net/files/media_music/af/iasnv5_N_12.mp3"},{"Title":"015-K Skaperverket gir Jehova ære","Url":"https://download-a.akamaihd.net/files/media_music/e4/iasnv5_N_13.mp3"},{"Title":"035-K Takknemlige for Guds tålmodighet","Url":"https://download-a.akamaihd.net/files/media_music/fc/iasnv5_N_14.mp3"},{"Title":"009-K Pris Jehova, vår Gud!","Url":"https://download-a.akamaihd.net/files/media_music/e9/iasnv5_N_15.mp3"},{"Title":"011-K Vi vil glede Jehovas hjerte","Url":"https://download-a.akamaihd.net/files/media_music/5e/iasnv5_N_16.mp3"},{"Title":"023-K Jehova, vår styrke og makt","Url":"https://download-a.akamaihd.net/files/media_music/5f/iasnv5_N_17.mp3"},{"Title":"047-K Forkynn det gode budskap!","Url":"https://download-a.akamaihd.net/files/media_music/c8/iasnv5_N_18.mp3"},{"Title":"067-K Be til Jehova hver dag","Url":"https://download-a.akamaihd.net/files/media_music/e2/iasnv5_N_19.mp3"},{"Title":"051-K Vi skal holde fast ved Jehova","Url":"https://download-a.akamaihd.net/files/media_music/3a/iasnv5_N_20.mp3"},{"Title":"002-K Jehova, vi takker deg","Url":"https://download-a.akamaihd.net/files/media_music/5c/iasnv5_N_21.mp3"}]}