{"Title":"Kingdom Melodies, Volume 2","Tracks":[{"Title":"14, 86, 185","Url":"https://download-a.akamaihd.net/files/media_music/fa/iam-2_E_01.mp3"},{"Title":"95, 118","Url":"https://download-a.akamaihd.net/files/media_music/dd/iam-2_E_02.mp3"},{"Title":"215, 133","Url":"https://download-a.akamaihd.net/files/media_music/8f/iam-2_E_03.mp3"},{"Title":"200, 157","Url":"https://download-a.akamaihd.net/files/media_music/0a/iam-2_E_04.mp3"},{"Title":"77, 205","Url":"https://download-a.akamaihd.net/files/media_music/0c/iam-2_E_05.mp3"},{"Title":"11, 106","Url":"https://download-a.akamaihd.net/files/media_music/2b/iam-2_E_06.mp3"},{"Title":"92, 2","Url":"https://download-a.akamaihd.net/files/media_music/b7/iam-2_E_07.mp3"},{"Title":"87","Url":"https://download-a.akamaihd.net/files/media_music/e3/iam-2_E_08.mp3"},{"Title":"93, 144","Url":"https://download-a.akamaihd.net/files/media_music/42/iam-2_E_09.mp3"},{"Title":"220, 139","Url":"https://download-a.akamaihd.net/files/media_music/b6/iam-2_E_10.mp3"},{"Title":"159","Url":"https://download-a.akamaihd.net/files/media_music/ac/iam-2_E_11.mp3"}]}