{"Title":"Sing to Jehovah—Vocal Renditions, Disc 4","Tracks":[{"Title":"102-V 王国の歌に加わりなさい！","Url":"https://download-a.akamaihd.net/files/media_music/75/iasnv4_J_01.mp3"},{"Title":"007-V クリスチャンの献身","Url":"https://download-a.akamaihd.net/files/media_music/21/iasnv4_J_02.mp3"},{"Title":"066-V 魂をこめてエホバに仕える","Url":"https://download-a.akamaihd.net/files/media_music/25/iasnv4_J_03.mp3"},{"Title":"003-V 「神は愛」","Url":"https://download-a.akamaihd.net/files/media_music/a8/iasnv4_J_04.mp3"},{"Title":"119-V 来て，さわやかになりなさい！","Url":"https://download-a.akamaihd.net/files/media_music/f3/iasnv4_J_05.mp3"},{"Title":"027-V エホバの側に立ちなさい！","Url":"https://download-a.akamaihd.net/files/media_music/48/iasnv4_J_06.mp3"},{"Title":"132-V 勝利の歌","Url":"https://download-a.akamaihd.net/files/media_music/43/iasnv4_J_07.mp3"},{"Title":"012-V 永遠の命が約束されている","Url":"https://download-a.akamaihd.net/files/media_music/76/iasnv4_J_08.mp3"},{"Title":"004-V 神のみ前で良い名を得る","Url":"https://download-a.akamaihd.net/files/media_music/75/iasnv4_J_09.mp3"},{"Title":"059-V わたしたちは神に献身しました！","Url":"https://download-a.akamaihd.net/files/media_music/e6/iasnv4_J_10.mp3"},{"Title":"022-V 「エホバはわたしの牧者」","Url":"https://download-a.akamaihd.net/files/media_music/dd/iasnv4_J_11.mp3"},{"Title":"073-V 心から熱烈に愛しなさい","Url":"https://download-a.akamaihd.net/files/media_music/9e/iasnv4_J_12.mp3"},{"Title":"097-V 王国の奉仕者たちよ，進め！","Url":"https://download-a.akamaihd.net/files/media_music/ef/iasnv4_J_13.mp3"},{"Title":"029-V 忠誠のうちに歩む","Url":"https://download-a.akamaihd.net/files/media_music/be/iasnv4_J_14.mp3"},{"Title":"070-V 『より重要な事柄を見きわめなさい』","Url":"https://download-a.akamaihd.net/files/media_music/a4/iasnv4_J_15.mp3"},{"Title":"006-V 神の僕の祈り","Url":"https://download-a.akamaihd.net/files/media_music/bd/iasnv4_J_16.mp3"},{"Title":"086-V 忠実な女性たち，クリスチャンの姉妹たち","Url":"https://download-a.akamaihd.net/files/media_music/fe/iasnv4_J_17.mp3"},{"Title":"131-V エホバは逃れさせてくださる","Url":"https://download-a.akamaihd.net/files/media_music/a6/iasnv4_J_18.mp3"}]}