{"Title":"Sing to Jehovah—Vocal Renditions, Disc 5","Tracks":[{"Title":"118-V Abiabiha ang Tanan","Url":"https://download-a.akamaihd.net/files/media_music/2a/iasnv5_HV_01.mp3"},{"Title":"052-V Amligi ang Imo Tagipusuon","Url":"https://download-a.akamaihd.net/files/media_music/73/iasnv5_HV_02.mp3"},{"Title":"013-V Pangamuyo sang Pagpasalamat","Url":"https://download-a.akamaihd.net/files/media_music/29/iasnv5_HV_03.mp3"},{"Title":"043-V Magpabilin nga Nagabugtaw, Malig-on, kag Mabakod","Url":"https://download-a.akamaihd.net/files/media_music/67/iasnv5_HV_04.mp3"},{"Title":"041-V Mga Pamatan-on, Alagda si Jehova","Url":"https://download-a.akamaihd.net/files/media_music/20/iasnv5_HV_05.mp3"},{"Title":"018-V Matutom nga Gugma sang Dios","Url":"https://download-a.akamaihd.net/files/media_music/e9/iasnv5_HV_06.mp3"},{"Title":"010-V “Yari Ako! Ipadala Ako”","Url":"https://download-a.akamaihd.net/files/media_music/47/iasnv5_HV_07.mp3"},{"Title":"031-V Kita mga Saksi ni Jehova!","Url":"https://download-a.akamaihd.net/files/media_music/64/iasnv5_HV_08.mp3"},{"Title":"005-V Si Cristo ang Aton Huwaran","Url":"https://download-a.akamaihd.net/files/media_music/c3/iasnv5_HV_09.mp3"},{"Title":"016-V Magdangop sa Ginharian sang Dios!","Url":"https://download-a.akamaihd.net/files/media_music/ed/iasnv5_HV_10.mp3"},{"Title":"053-V Pag-alagad nga May Paghiusa","Url":"https://download-a.akamaihd.net/files/media_music/50/iasnv5_HV_11.mp3"},{"Title":"021-V Malipayon ang Maluluy-on!","Url":"https://download-a.akamaihd.net/files/media_music/8a/iasnv5_HV_12.mp3"},{"Title":"015-V Ginapahayag sang Tinuga ang Himaya ni Jehova","Url":"https://download-a.akamaihd.net/files/media_music/fb/iasnv5_HV_13.mp3"},{"Title":"035-V Pasalamat sa Pagpailob sang Dios","Url":"https://download-a.akamaihd.net/files/media_music/c8/iasnv5_HV_14.mp3"},{"Title":"009-V Dayawon si Jehova nga Aton Dios!","Url":"https://download-a.akamaihd.net/files/media_music/13/iasnv5_HV_15.mp3"},{"Title":"011-V Paglipay sa Tagipusuon ni Jehova","Url":"https://download-a.akamaihd.net/files/media_music/7c/iasnv5_HV_16.mp3"},{"Title":"023-V Si Jehova ang Aton Kusog","Url":"https://download-a.akamaihd.net/files/media_music/39/iasnv5_HV_17.mp3"},{"Title":"047-V Ibantala ang Maayong Balita","Url":"https://download-a.akamaihd.net/files/media_music/de/iasnv5_HV_18.mp3"},{"Title":"067-V Mangamuyo kay Jehova Adlaw-adlaw","Url":"https://download-a.akamaihd.net/files/media_music/f0/iasnv5_HV_19.mp3"},{"Title":"051-V Magaunong Kita kay Jehova","Url":"https://download-a.akamaihd.net/files/media_music/13/iasnv5_HV_20.mp3"},{"Title":"002-V Salamat, Jehova","Url":"https://download-a.akamaihd.net/files/media_music/98/iasnv5_HV_21.mp3"}]}