{"Title":"Sing to Jehovah—Vocal Renditions, Disc 1","Tracks":[{"Title":"065-V “Nzela yango oyo”","Url":"https://download-a.akamaihd.net/files/media_music/80/iasnv1_LI_001.mp3"},{"Title":"063-V Tótikala sembo","Url":"https://download-a.akamaihd.net/files/media_music/c0/iasnv1_LI_002.mp3"},{"Title":"111-V Akobenga","Url":"https://download-a.akamaihd.net/files/media_music/57/iasnv1_LI_003.mp3"},{"Title":"110-V Misala ya kokamwa ya Nzambe","Url":"https://download-a.akamaihd.net/files/media_music/b1/iasnv1_LI_004.mp3"},{"Title":"075-V Ntina ya esengo na biso","Url":"https://download-a.akamaihd.net/files/media_music/2b/iasnv1_LI_005.mp3"},{"Title":"087-V Sikoyo tokómi moto moko","Url":"https://download-a.akamaihd.net/files/media_music/51/iasnv1_LI_006.mp3"},{"Title":"036-V “Oyo Nzambe akangisi esika moko”","Url":"https://download-a.akamaihd.net/files/media_music/73/iasnv1_LI_007.mp3"},{"Title":"045-V Tókende liboso!","Url":"https://download-a.akamaihd.net/files/media_music/19/iasnv1_LI_008.mp3"},{"Title":"098-V Tólona mboto ya Bokonzi","Url":"https://download-a.akamaihd.net/files/media_music/7a/iasnv1_LI_009.mp3"},{"Title":"084-V “Nalingi”","Url":"https://download-a.akamaihd.net/files/media_music/b4/iasnv1_LI_010.mp3"},{"Title":"092-V “Sakolá Liloba”","Url":"https://download-a.akamaihd.net/files/media_music/2f/iasnv1_LI_011.mp3"},{"Title":"109-V Tókumisa Mwana ya liboso ya Yehova!","Url":"https://download-a.akamaihd.net/files/media_music/d8/iasnv1_LI_012.mp3"},{"Title":"089-V Yehova alobi: “Zalá na bwanya, Mwana”","Url":"https://download-a.akamaihd.net/files/media_music/03/iasnv1_LI_013.mp3"},{"Title":"101-V Tóyebisa solo ya Bokonzi","Url":"https://download-a.akamaihd.net/files/media_music/73/iasnv1_LI_014.mp3"},{"Title":"091-V Tata na ngai, Nzambe na ngai, mpe moninga","Url":"https://download-a.akamaihd.net/files/media_music/f1/iasnv1_LI_015.mp3"},{"Title":"090-V Kitoko ya nsuki mpɛmbɛ","Url":"https://download-a.akamaihd.net/files/media_music/5d/iasnv1_LI_016.mp3"},{"Title":"134-V Moná ntango biloko nyonso ekozala ya sika","Url":"https://download-a.akamaihd.net/files/media_music/a9/iasnv1_LI_017.mp3"}]}