{"Title":"Sing to Jehovah—Vocal Renditions, Disc 3","Tracks":[{"Title":"046-M Yehova E Mfumu Yesu!","Url":"https://download-a.akamaihd.net/files/media_music/be/iasnv3_CW_01.mp3"},{"Title":"103-M “Ku Ng’anda ne Ng’anda”","Url":"https://download-a.akamaihd.net/files/media_music/de/iasnv3_CW_02.mp3"},{"Title":"77-M Mule-elela","Url":"https://download-a.akamaihd.net/files/media_music/cb/iasnv3_CW_03.mp3"},{"Title":"062-M Tuli ba kwa Nani?","Url":"https://download-a.akamaihd.net/files/media_music/29/iasnv3_CW_04.mp3"},{"Title":"014-M Ifintu Fyonse Fyalengwa Ifipya","Url":"https://download-a.akamaihd.net/files/media_music/3e/iasnv3_CW_05.mp3"},{"Title":"114-M Icitabo ca kwa Lesa Calicindama","Url":"https://download-a.akamaihd.net/files/media_music/82/iasnv3_CW_06.mp3"},{"Title":"120-M Muleba ne Cumfwila E lyo Mukapaalwa","Url":"https://download-a.akamaihd.net/files/media_music/8b/iasnv3_CW_07.mp3"},{"Title":"096-M Fwayeni Abalefwaya Ukumfwa","Url":"https://download-a.akamaihd.net/files/media_music/8b/iasnv3_CW_08.mp3"},{"Title":"054-M Tufwile Ukuba ne Citetekelo","Url":"https://download-a.akamaihd.net/files/media_music/81/iasnv3_CW_09.mp3"},{"Title":"083-M Tufwile Ukuilama","Url":"https://download-a.akamaihd.net/files/media_music/01/iasnv3_CW_10.mp3"},{"Title":"126-M Ukuipeelesha Ukubomba","Url":"https://download-a.akamaihd.net/files/media_music/31/iasnv3_CW_11.mp3"},{"Title":"125-M Tulenakila Yehova Lesa","Url":"https://download-a.akamaihd.net/files/media_music/93/iasnv3_CW_12.mp3"},{"Title":"040-M Intanshi Mulefwaya Ubufumu","Url":"https://download-a.akamaihd.net/files/media_music/45/iasnv3_CW_13.mp3"},{"Title":"019-M Lesa Alilaya Ukuleta Paradaise","Url":"https://download-a.akamaihd.net/files/media_music/d2/iasnv3_CW_14.mp3"},{"Title":"056-M Umfweni Ipepo Lyandi","Url":"https://download-a.akamaihd.net/files/media_music/ec/iasnv3_CW_15.mp3"},{"Title":"127-M Ing’anda lyakwata Ishina Lyenu","Url":"https://download-a.akamaihd.net/files/media_music/56/iasnv3_CW_16.mp3"},{"Title":"106-M Ukuba Cibusa wa kwa Yehova","Url":"https://download-a.akamaihd.net/files/media_music/91/iasnv3_CW_17.mp3"},{"Title":"133-M Fwayeni Lesa pa Kuti Mukapusuke","Url":"https://download-a.akamaihd.net/files/media_music/4e/iasnv3_CW_18.mp3"}]}