{"Title":"Sing to Jehovah—Vocal Renditions, Disc 3","Tracks":[{"Title":"046-V Jehova je náš Kráľ!","Url":"https://download-a.akamaihd.net/files/media_music/df/iasnv3_V_01.mp3"},{"Title":"103-V „Z domu do domu“","Url":"https://download-a.akamaihd.net/files/media_music/e2/iasnv3_V_02.mp3"},{"Title":"077-V Odpúšťajte si","Url":"https://download-a.akamaihd.net/files/media_music/34/iasnv3_V_03.mp3"},{"Title":"062-V Komu patríme?","Url":"https://download-a.akamaihd.net/files/media_music/5e/iasnv3_V_04.mp3"},{"Title":"014-V Všetky veci nové","Url":"https://download-a.akamaihd.net/files/media_music/d8/iasnv3_V_05.mp3"},{"Title":"114-V Božia vlastná kniha — poklad","Url":"https://download-a.akamaihd.net/files/media_music/63/iasnv3_V_06.mp3"},{"Title":"120-V Počúvaj, poslúchaj a zažívaj požehnania","Url":"https://download-a.akamaihd.net/files/media_music/87/iasnv3_V_07.mp3"},{"Title":"096-V Hľadajme tých, ktorí si to zaslúžia","Url":"https://download-a.akamaihd.net/files/media_music/99/iasnv3_V_08.mp3"},{"Title":"054-V Musíme mať pravú vieru","Url":"https://download-a.akamaihd.net/files/media_music/88/iasnv3_V_09.mp3"},{"Title":"083-V Potrebujeme sebaovládanie","Url":"https://download-a.akamaihd.net/files/media_music/f4/iasnv3_V_10.mp3"},{"Title":"126-V Naša práca konaná z lásky","Url":"https://download-a.akamaihd.net/files/media_music/d0/iasnv3_V_11.mp3"},{"Title":"125-V Verne podriadení teokratickému poriadku","Url":"https://download-a.akamaihd.net/files/media_music/b6/iasnv3_V_12.mp3"},{"Title":"040-V Stále hľadajte najprv Kráľovstvo","Url":"https://download-a.akamaihd.net/files/media_music/36/iasnv3_V_13.mp3"},{"Title":"019-V Boží sľub raja","Url":"https://download-a.akamaihd.net/files/media_music/0b/iasnv3_V_14.mp3"},{"Title":"056-V Prosím, vypočuj moju modlitbu","Url":"https://download-a.akamaihd.net/files/media_music/04/iasnv3_V_15.mp3"},{"Title":"127-V Miesto, na ktoré si položil svoje meno","Url":"https://download-a.akamaihd.net/files/media_music/a1/iasnv3_V_16.mp3"},{"Title":"106-V Získať Jehovovo priateľstvo","Url":"https://download-a.akamaihd.net/files/media_music/c7/iasnv3_V_17.mp3"},{"Title":"133-V Hľadajte záchranu u Boha","Url":"https://download-a.akamaihd.net/files/media_music/f9/iasnv3_V_18.mp3"}]}