{"Title":"Sing to Jehovah—Vocal Renditions, Disc 1","Tracks":[{"Title":"065-V \"Ndlela Hi Leyi\"","Url":"https://download-a.akamaihd.net/files/media_music/f0/iasnv1_TS_001.mp3"},{"Title":"063-V Ku Tshama Hi Tshembekile","Url":"https://download-a.akamaihd.net/files/media_music/39/iasnv1_TS_002.mp3"},{"Title":"111-V Xikwembu Xi Ta Vitana","Url":"https://download-a.akamaihd.net/files/media_music/10/iasnv1_TS_003.mp3"},{"Title":"110-V Mintirho Ya Xikwembu Leyi Hlamarisaka","Url":"https://download-a.akamaihd.net/files/media_music/59/iasnv1_TS_004.mp3"},{"Title":"075-V Leswi Hi Endlaka Hi Tsaka","Url":"https://download-a.akamaihd.net/files/media_music/42/iasnv1_TS_005.mp3"},{"Title":"087-V Sweswi Hi Nyama Yin'we","Url":"https://download-a.akamaihd.net/files/media_music/2d/iasnv1_TS_006.mp3"},{"Title":"036-V \"Leswi Xikwembu Xi Swi Paneke Swin'we\"","Url":"https://download-a.akamaihd.net/files/media_music/8d/iasnv1_TS_007.mp3"},{"Title":"045-V Yanani eMahlweni!","Url":"https://download-a.akamaihd.net/files/media_music/2d/iasnv1_TS_008.mp3"},{"Title":"098-V Ku Byala Mbewu Ya Mfumo","Url":"https://download-a.akamaihd.net/files/media_music/f2/iasnv1_TS_009.mp3"},{"Title":"084-V \"Ndza Swi Lava\"","Url":"https://download-a.akamaihd.net/files/media_music/46/iasnv1_TS_010.mp3"},{"Title":"092-V \"Chumayela Rito\"","Url":"https://download-a.akamaihd.net/files/media_music/96/iasnv1_TS_011.mp3"},{"Title":"109-V Amukelani Mativula Ya Yehovha!","Url":"https://download-a.akamaihd.net/files/media_music/a8/iasnv1_TS_012.mp3"},{"Title":"089-V Xikombelo Xa Yehovha Xa Rirhandzu: \"N'wananga, Tlhariha\"","Url":"https://download-a.akamaihd.net/files/media_music/52/iasnv1_TS_013.mp3"},{"Title":"101-V Ku Twarisa Ntiyiso Wa Mfumo","Url":"https://download-a.akamaihd.net/files/media_music/7c/iasnv1_TS_014.mp3"},{"Title":"091-V Tatana, Xikwembu Xa Mina Ni Munghana Wa Mina","Url":"https://download-a.akamaihd.net/files/media_music/d5/iasnv1_TS_015.mp3"},{"Title":"090-V Yi Sasekile Misisi Ya Mpunga","Url":"https://download-a.akamaihd.net/files/media_music/50/iasnv1_TS_016.mp3"},{"Title":"134-V Tivone Loko Hinkwaswo Swi Ri Leswintshwa","Url":"https://download-a.akamaihd.net/files/media_music/98/iasnv1_TS_017.mp3"}]}