{"Title":"Sing to Jehovah—Vocal Renditions, Disc 2","Tracks":[{"Title":"074-M Tusangalale mwi Yehoba","Url":"https://download-a.akamaihd.net/files/media_music/42/iasnv2_KD_01.mp3"},{"Title":"095-M \"Mutompai, Mumone byo Awama Yehoba\"","Url":"https://download-a.akamaihd.net/files/media_music/6d/iasnv2_KD_02.mp3"},{"Title":"069-M Mbulai Ñendelo Yenu","Url":"https://download-a.akamaihd.net/files/media_music/25/iasnv2_KD_03.mp3"},{"Title":"130-M Bumi ke Kintu kya Kukumya","Url":"https://download-a.akamaihd.net/files/media_music/1c/iasnv2_KD_04.mp3"},{"Title":"060-M Ukemukosesha","Url":"https://download-a.akamaihd.net/files/media_music/41/iasnv2_KD_05.mp3"},{"Title":"107-M Iyai ku Mutumba wa Yehoba","Url":"https://download-a.akamaihd.net/files/media_music/33/iasnv2_KD_06.mp3"},{"Title":"088-M Baana ke Bupe Bwafuma kwi Lesa","Url":"https://download-a.akamaihd.net/files/media_music/94/iasnv2_KD_07.mp3"},{"Title":"081-M \"Vuzhai Lwitabilo Lwetu\"","Url":"https://download-a.akamaihd.net/files/media_music/b0/iasnv2_KD_08.mp3"},{"Title":"108-M Totai Yehoba pa Mambo a Bufumu Bwanji","Url":"https://download-a.akamaihd.net/files/media_music/1d/iasnv2_KD_10.mp3"},{"Title":"116-M Kyeya Kyenda Kisamisha","Url":"https://download-a.akamaihd.net/files/media_music/8a/iasnv2_KD_11.mp3"},{"Title":"124-M Batambulwilai Bulongo","Url":"https://download-a.akamaihd.net/files/media_music/d7/iasnv2_KD_13.mp3"},{"Title":"061-M  Byo Nafwainwa Kwikala","Url":"https://download-a.akamaihd.net/files/media_music/b0/iasnv2_KD_14.mp3"},{"Title":"064-M Yukishai Bukine","Url":"https://download-a.akamaihd.net/files/media_music/83/iasnv2_KD_15.mp3"},{"Title":"008-M Kijiilo kya Nkambo kya Mabanga","Url":"https://download-a.akamaihd.net/files/media_music/72/iasnv2_KD_16.mp3"},{"Title":"068-M Lulombelo lwa Balanda","Url":"https://download-a.akamaihd.net/files/media_music/40/iasnv2_KD_17.mp3"},{"Title":"057-M Milanguluko ya mu Muchima Wami","Url":"https://download-a.akamaihd.net/files/media_music/a8/iasnv2_KD_18.mp3"},{"Title":"085-M Yehoba Uketupa Mfweto","Url":"https://download-a.akamaihd.net/files/media_music/13/iasnv2_KD_19.mp3"}]}