{"Title":"Sing to Jehovah—Vocal Renditions, Disc 1","Tracks":[{"Title":"065-V Dit is de weg!","Url":"https://download-a.akamaihd.net/files/media_music/4d/iasnv1_O_001.mp3"},{"Title":"063-V Blijf loyaal","Url":"https://download-a.akamaihd.net/files/media_music/c5/iasnv1_O_002.mp3"},{"Title":"111-V God zal roepen","Url":"https://download-a.akamaihd.net/files/media_music/75/iasnv1_O_003.mp3"},{"Title":"110-V Gods wonderbare werken","Url":"https://download-a.akamaihd.net/files/media_music/f0/iasnv1_O_004.mp3"},{"Title":"075-V Onze redenen voor vreugde","Url":"https://download-a.akamaihd.net/files/media_music/50/iasnv1_O_005.mp3"},{"Title":"087-V Wij zijn van nu af één","Url":"https://download-a.akamaihd.net/files/media_music/8d/iasnv1_O_006.mp3"},{"Title":"036-V Wat God samengebracht heeft","Url":"https://download-a.akamaihd.net/files/media_music/37/iasnv1_O_007.mp3"},{"Title":"045-V Ga toch voort!","Url":"https://download-a.akamaihd.net/files/media_music/31/iasnv1_O_008.mp3"},{"Title":"098-V Koninkrijkszaad zaaien","Url":"https://download-a.akamaihd.net/files/media_music/7c/iasnv1_O_009.mp3"},{"Title":"084-V Ik wil het","Url":"https://download-a.akamaihd.net/files/media_music/cb/iasnv1_O_010.mp3"},{"Title":"092-V Breng het Woord","Url":"https://download-a.akamaihd.net/files/media_music/13/iasnv1_O_011.mp3"},{"Title":"109-V Loof Gods Eerstgeborene!","Url":"https://download-a.akamaihd.net/files/media_music/5e/iasnv1_O_012.mp3"},{"Title":"089-V Jehovah’s dringende verzoek: ’Wees wijs, mijn zoon’","Url":"https://download-a.akamaihd.net/files/media_music/38/iasnv1_O_013.mp3"},{"Title":"101-V De Koninkrijkswaarheid bekendmaken","Url":"https://download-a.akamaihd.net/files/media_music/00/iasnv1_O_014.mp3"},{"Title":"091-V Mijn Vader, mijn God en Vriend","Url":"https://download-a.akamaihd.net/files/media_music/f3/iasnv1_O_015.mp3"},{"Title":"090-V De pracht van grijsheid","Url":"https://download-a.akamaihd.net/files/media_music/6d/iasnv1_O_016.mp3"},{"Title":"134-V Zie jezelf in de nieuwe wereld","Url":"https://download-a.akamaihd.net/files/media_music/fc/iasnv1_O_017.mp3"}]}