{"Title":"Sing to Jehovah—Vocal Renditions, Disc 3","Tracks":[{"Title":"046 - (გ) იეჰოვა მეფეა!","Url":"https://download-a.akamaihd.net/files/media_music/56/iasnv3_GE_01.mp3"},{"Title":"103 - (გ) კარდაკარ","Url":"https://download-a.akamaihd.net/files/media_music/a4/iasnv3_GE_02.mp3"},{"Title":"077 - (გ) იყავი მიმტევებელი","Url":"https://download-a.akamaihd.net/files/media_music/e6/iasnv3_GE_03.mp3"},{"Title":"062 - (გ) ვის ვეკუთვნით?","Url":"https://download-a.akamaihd.net/files/media_music/a4/iasnv3_GE_04.mp3"},{"Title":"014 - (გ) ვქმნი ყოველივე ახალს","Url":"https://download-a.akamaihd.net/files/media_music/bc/iasnv3_GE_05.mp3"},{"Title":"114 - (გ) ღვთის წიგნი საუნჯეა","Url":"https://download-a.akamaihd.net/files/media_music/ea/iasnv3_GE_06.mp3"},{"Title":"120 - (გ) უსმინეთ, იყავით მორჩილნი და მიიღეთ კურთხევები","Url":"https://download-a.akamaihd.net/files/media_music/dd/iasnv3_GE_07.mp3"},{"Title":"096 - (გ) ეძებეთ ღირსეულები","Url":"https://download-a.akamaihd.net/files/media_music/d4/iasnv3_GE_08.mp3"},{"Title":"054 - (გ) რწმენა უნდა გვქონდეს","Url":"https://download-a.akamaihd.net/files/media_music/71/iasnv3_GE_09.mp3"},{"Title":"083 - (გ) გვჭირდება თავშეკავება","Url":"https://download-a.akamaihd.net/files/media_music/a0/iasnv3_GE_10.mp3"},{"Title":"126 - (გ) სიყვარულით გაწეული შრომა","Url":"https://download-a.akamaihd.net/files/media_music/6a/iasnv3_GE_11.mp3"},{"Title":"125 - (გ) უერთგულეთ თეოკრატიას","Url":"https://download-a.akamaihd.net/files/media_music/0c/iasnv3_GE_12.mp3"},{"Title":"040 - (გ) უპირველესად ეძებეთ სამეფო","Url":"https://download-a.akamaihd.net/files/media_music/f9/iasnv3_GE_13.mp3"},{"Title":"019 - (გ) ღვთის დაპირებული სამოთხე","Url":"https://download-a.akamaihd.net/files/media_music/68/iasnv3_GE_14.mp3"},{"Title":"056 - (გ) გთხოვ, ისმინე ჩემი ლოცვა","Url":"https://download-a.akamaihd.net/files/media_music/22/iasnv3_GE_15.mp3"},{"Title":"127 - (გ) ადგილი, რომელიც შენს სახელს ატარებს","Url":"https://download-a.akamaihd.net/files/media_music/db/iasnv3_GE_16.mp3"},{"Title":"106 - (გ) იეჰოვასთან დამეგობრება","Url":"https://download-a.akamaihd.net/files/media_music/40/iasnv3_GE_17.mp3"},{"Title":"133 - (გ) ეძებეთ იეჰოვა და გადარჩით","Url":"https://download-a.akamaihd.net/files/media_music/db/iasnv3_GE_18.mp3"}]}