{"Title":"Sing to Jehovah—Vocal Renditions, Disc 6","Tracks":[{"Title":"030 - (В) Иегова начал править","Url":"https://download-a.akamaihd.net/files/media_music/31/iasnv6_U_01.mp3"},{"Title":"121 - (В) Ободряйте друг друга","Url":"https://download-a.akamaihd.net/files/media_music/eb/iasnv6_U_02.mp3"},{"Title":"033 - (В) Не бойтесь их!","Url":"https://download-a.akamaihd.net/files/media_music/f2/iasnv6_U_03.mp3"},{"Title":"025 - (В) Пусть узна́ют нас по любви","Url":"https://download-a.akamaihd.net/files/media_music/ef/iasnv6_U_04.mp3"},{"Title":"042 - (В) Помогайте слабым","Url":"https://download-a.akamaihd.net/files/media_music/36/iasnv6_U_05.mp3"},{"Title":"032 - (В) Будьте твёрды, непоколебимы!","Url":"https://download-a.akamaihd.net/files/media_music/dd/iasnv6_U_06.mp3"},{"Title":"071 - (В) Святой дух — Божий дар","Url":"https://download-a.akamaihd.net/files/media_music/08/iasnv6_U_07.mp3"},{"Title":"093 - (В) Пусть светит ваш свет","Url":"https://download-a.akamaihd.net/files/media_music/46/iasnv6_U_08.mp3"},{"Title":"105 - (В) Небеса возвещают Божью славу","Url":"https://download-a.akamaihd.net/files/media_music/07/iasnv6_U_09.mp3"},{"Title":"072 - (В) Развиваем плод любви","Url":"https://download-a.akamaihd.net/files/media_music/90/iasnv6_U_10.mp3"},{"Title":"026 - (В) Ходи с Иеговой","Url":"https://download-a.akamaihd.net/files/media_music/1f/iasnv6_U_11.mp3"},{"Title":"129 - (В) Твёрдо держимся нашей надежды","Url":"https://download-a.akamaihd.net/files/media_music/df/iasnv6_U_12.mp3"},{"Title":"038 - (В) Вверь Иегове все заботы","Url":"https://download-a.akamaihd.net/files/media_music/a5/iasnv6_U_13.mp3"},{"Title":"135 - (В) Выстоять до конца","Url":"https://download-a.akamaihd.net/files/media_music/3e/iasnv6_U_14.mp3"},{"Title":"044 - (В) Радостно участвуем в жатве","Url":"https://download-a.akamaihd.net/files/media_music/4c/iasnv6_U_15.mp3"},{"Title":"080 - (В) Плод добродетельности","Url":"https://download-a.akamaihd.net/files/media_music/56/iasnv6_U_16.mp3"},{"Title":"037 - (В) Писание вдохновлено Богом","Url":"https://download-a.akamaihd.net/files/media_music/a8/iasnv6_U_17.mp3"},{"Title":"049 - (В) Иегова — наша крепость","Url":"https://download-a.akamaihd.net/files/media_music/53/iasnv6_U_18.mp3"},{"Title":"020 - (В) Благослови наши совместные встречи","Url":"https://download-a.akamaihd.net/files/media_music/08/iasnv6_U_19.mp3"},{"Title":"034 - (В) Живём в соответствии с нашим именем","Url":"https://download-a.akamaihd.net/files/media_music/e9/iasnv6_U_20.mp3"},{"Title":"001 - (В) Качества Иеговы","Url":"https://download-a.akamaihd.net/files/media_music/f9/iasnv6_U_21.mp3"}]}