{"Title":"Sing to Jehovah—Vocal Renditions, Disc 5","Tracks":[{"Title":"118-G Abiabiha ang Usag Usa","Url":"https://download-a.akamaihd.net/files/media_music/d9/iasnv5_CV_01.mp3"},{"Title":"052-G Bantayi ang Imong Kasingkasing","Url":"https://download-a.akamaihd.net/files/media_music/b4/iasnv5_CV_02.mp3"},{"Title":"013-G Pag-ampo sa Pagpasalamat","Url":"https://download-a.akamaihd.net/files/media_music/3b/iasnv5_CV_03.mp3"},{"Title":"043-G Magtukaw, Barog nga Malig-on, Magmakusganon","Url":"https://download-a.akamaihd.net/files/media_music/43/iasnv5_CV_04.mp3"},{"Title":"041-G Alagara si Jehova sa Inyong Pagkabatan-on","Url":"https://download-a.akamaihd.net/files/media_music/3c/iasnv5_CV_05.mp3"},{"Title":"018-G Maunongong Gugma sa Diyos","Url":"https://download-a.akamaihd.net/files/media_music/e7/iasnv5_CV_06.mp3"},{"Title":"010-G “Ania Ako! Ipadala Ako”","Url":"https://download-a.akamaihd.net/files/media_music/ed/iasnv5_CV_07.mp3"},{"Title":"031-G Saksi Kami ni Jehova!","Url":"https://download-a.akamaihd.net/files/media_music/d4/iasnv5_CV_08.mp3"},{"Title":"005-G Si Kristo, Atong Panig-ingnan","Url":"https://download-a.akamaihd.net/files/media_music/8a/iasnv5_CV_09.mp3"},{"Title":"016-G Dangop sa Gingharian sa Diyos!","Url":"https://download-a.akamaihd.net/files/media_music/ae/iasnv5_CV_10.mp3"},{"Title":"053-G Mag-alagad nga May Panaghiusa","Url":"https://download-a.akamaihd.net/files/media_music/9c/iasnv5_CV_11.mp3"},{"Title":"021-G Malipayon ang mga Maluluy-on!","Url":"https://download-a.akamaihd.net/files/media_music/6e/iasnv5_CV_12.mp3"},{"Title":"015-G Kalalangan Nagbutyag sa Himaya ni Jehova","Url":"https://download-a.akamaihd.net/files/media_music/c8/iasnv5_CV_13.mp3"},{"Title":"035-G Mapasalamaton sa Pailob sa Diyos","Url":"https://download-a.akamaihd.net/files/media_music/58/iasnv5_CV_14.mp3"},{"Title":"009-G Dayega si Jehova nga Atong Diyos!","Url":"https://download-a.akamaihd.net/files/media_music/f5/iasnv5_CV_15.mp3"},{"Title":"011-G Naglipay sa Kasingkasing ni Jehova","Url":"https://download-a.akamaihd.net/files/media_music/63/iasnv5_CV_16.mp3"},{"Title":"023-G Si Jehova ang Atong Kusog","Url":"https://download-a.akamaihd.net/files/media_music/74/iasnv5_CV_17.mp3"},{"Title":"047-G Imantala ang Maayong Balita","Url":"https://download-a.akamaihd.net/files/media_music/0a/iasnv5_CV_18.mp3"},{"Title":"067-G Pag-ampo Kang Jehova Matag Adlaw","Url":"https://download-a.akamaihd.net/files/media_music/cd/iasnv5_CV_19.mp3"},{"Title":"051-G Magmaunongon Kita Kang Jehova","Url":"https://download-a.akamaihd.net/files/media_music/bb/iasnv5_CV_20.mp3"},{"Title":"002-G Salamat Jehova","Url":"https://download-a.akamaihd.net/files/media_music/6c/iasnv5_CV_21.mp3"}]}