{"Title":"Sing to Jehovah—Vocal Renditions, Disc 6","Tracks":[{"Title":"030-V Iehova guvernează!","Url":"https://download-a.akamaihd.net/files/media_music/ce/iasnv6_M_01.mp3"},{"Title":"121-V Să ne încurajăm reciproc","Url":"https://download-a.akamaihd.net/files/media_music/87/iasnv6_M_02.mp3"},{"Title":"025-V Adevăraţii discipoli se remarcă prin iubire","Url":"https://download-a.akamaihd.net/files/media_music/b6/iasnv6_M_04.mp3"},{"Title":"042-V ‘Să le venim în ajutor celor slabi’","Url":"https://download-a.akamaihd.net/files/media_music/3f/iasnv6_M_05.mp3"},{"Title":"032-V Să fim statornici, de neclintit!","Url":"https://download-a.akamaihd.net/files/media_music/fd/iasnv6_M_06.mp3"},{"Title":"071-V Spiritul sfânt — un dar de la Dumnezeu","Url":"https://download-a.akamaihd.net/files/media_music/59/iasnv6_M_07.mp3"},{"Title":"093-V ‘Să strălucească lumina voastră’","Url":"https://download-a.akamaihd.net/files/media_music/15/iasnv6_M_08.mp3"},{"Title":"105-V Cerurile anunţă gloria lui Dumnezeu","Url":"https://download-a.akamaihd.net/files/media_music/d0/iasnv6_M_09.mp3"},{"Title":"072-V Să cultivăm iubirea","Url":"https://download-a.akamaihd.net/files/media_music/7e/iasnv6_M_10.mp3"},{"Title":"026-V Umblaţi cu Dumnezeu!","Url":"https://download-a.akamaihd.net/files/media_music/72/iasnv6_M_11.mp3"},{"Title":"129-V Să ţinem ferm la speranţa noastră","Url":"https://download-a.akamaihd.net/files/media_music/75/iasnv6_M_12.mp3"},{"Title":"038-V Descarcă-ţi povara asupra lui Iehova","Url":"https://download-a.akamaihd.net/files/media_music/91/iasnv6_M_13.mp3"},{"Title":"135-V Să perseverăm până la sfârşit","Url":"https://download-a.akamaihd.net/files/media_music/3e/iasnv6_M_14.mp3"},{"Title":"044-V Să participăm cu bucurie la seceriş!","Url":"https://download-a.akamaihd.net/files/media_music/01/iasnv6_M_15.mp3"},{"Title":"080-V Să arătăm bunătate","Url":"https://download-a.akamaihd.net/files/media_music/f0/iasnv6_M_16.mp3"},{"Title":"037-V Scripturile, inspirate de Dumnezeu","Url":"https://download-a.akamaihd.net/files/media_music/8b/iasnv6_M_17.mp3"},{"Title":"049-V Iehova este refugiul nostru","Url":"https://download-a.akamaihd.net/files/media_music/2c/iasnv6_M_18.mp3"},{"Title":"020-V Binecuvântează întrunirea noastră","Url":"https://download-a.akamaihd.net/files/media_music/77/iasnv6_M_19.mp3"},{"Title":"001-V Calităţile lui Iehova","Url":"https://download-a.akamaihd.net/files/media_music/ff/iasnv6_M_21.mp3"}]}