{"Title":"Sing to Jehovah—Vocal Renditions, Disc 6","Tracks":[{"Title":"030-V エホバは支配を開始される","Url":"https://download-a.akamaihd.net/files/media_music/a3/iasnv6_J_01.mp3"},{"Title":"121-V 互いに励まし合いなさい","Url":"https://download-a.akamaihd.net/files/media_music/a6/iasnv6_J_02.mp3"},{"Title":"033-V 彼らを恐れてはならない！","Url":"https://download-a.akamaihd.net/files/media_music/18/iasnv6_J_03.mp3"},{"Title":"025-V 弟子であるしるし","Url":"https://download-a.akamaihd.net/files/media_music/42/iasnv6_J_04.mp3"},{"Title":"042-V 『弱い人たちを援助しなさい』","Url":"https://download-a.akamaihd.net/files/media_music/6d/iasnv6_J_05.mp3"},{"Title":"032-V 堅く立って，動かされるな！","Url":"https://download-a.akamaihd.net/files/media_music/4d/iasnv6_J_06.mp3"},{"Title":"071-V 聖霊―神からの贈り物","Url":"https://download-a.akamaihd.net/files/media_music/7c/iasnv6_J_07.mp3"},{"Title":"093-V 『あなた方の光を輝かせなさい』","Url":"https://download-a.akamaihd.net/files/media_music/f3/iasnv6_J_08.mp3"},{"Title":"105-V 天は神の栄光を告げ知らせる","Url":"https://download-a.akamaihd.net/files/media_music/1b/iasnv6_J_09.mp3"},{"Title":"072-V 愛を培う","Url":"https://download-a.akamaihd.net/files/media_music/ad/iasnv6_J_10.mp3"},{"Title":"026-V 神と歩もう","Url":"https://download-a.akamaihd.net/files/media_music/6b/iasnv6_J_11.mp3"},{"Title":"129-V わたしたちの希望を堅く保つ","Url":"https://download-a.akamaihd.net/files/media_music/19/iasnv6_J_12.mp3"},{"Title":"038-V あなたの重荷をエホバにゆだねなさい","Url":"https://download-a.akamaihd.net/files/media_music/96/iasnv6_J_13.mp3"},{"Title":"135-V 終わりまで耐え忍ぶ","Url":"https://download-a.akamaihd.net/files/media_music/65/iasnv6_J_14.mp3"},{"Title":"044-V 喜びを抱いて収穫に加わる","Url":"https://download-a.akamaihd.net/files/media_music/4f/iasnv6_J_15.mp3"},{"Title":"080-V 善良さを示す","Url":"https://download-a.akamaihd.net/files/media_music/99/iasnv6_J_16.mp3"},{"Title":"037-V 聖書―神の霊感によるもの","Url":"https://download-a.akamaihd.net/files/media_music/dc/iasnv6_J_17.mp3"},{"Title":"049-V エホバはわたしたちの避難所","Url":"https://download-a.akamaihd.net/files/media_music/42/iasnv6_J_18.mp3"},{"Title":"020-V わたしたちの集会を祝福してください","Url":"https://download-a.akamaihd.net/files/media_music/15/iasnv6_J_19.mp3"},{"Title":"034-V わたしたちの名にふさわしく生きる","Url":"https://download-a.akamaihd.net/files/media_music/58/iasnv6_J_20.mp3"},{"Title":"001-V エホバの属性","Url":"https://download-a.akamaihd.net/files/media_music/22/iasnv6_J_21.mp3"}]}