{"Title":"Sing to Jehovah—Vocal Renditions, Disc 5","Tracks":[{"Title":"118-V Primiţi-vă cu căldură!","Url":"https://download-a.akamaihd.net/files/media_music/6c/iasnv5_M_01.mp3"},{"Title":"052-V Păzeşte-ţi inima!","Url":"https://download-a.akamaihd.net/files/media_music/30/iasnv5_M_02.mp3"},{"Title":"013-V O rugăciune de mulţumire","Url":"https://download-a.akamaihd.net/files/media_music/61/iasnv5_M_03.mp3"},{"Title":"043-V Staţi treji, rămâneţi neclintiţi, fiţi tari!","Url":"https://download-a.akamaihd.net/files/media_music/5b/iasnv5_M_04.mp3"},{"Title":"041-V Tineri, închinaţi-vă lui Iehova!","Url":"https://download-a.akamaihd.net/files/media_music/e8/iasnv5_M_05.mp3"},{"Title":"018-V Iubirea loială a lui Dumnezeu","Url":"https://download-a.akamaihd.net/files/media_music/93/iasnv5_M_06.mp3"},{"Title":"010-V „Iată-mă! Trimite-mă!“","Url":"https://download-a.akamaihd.net/files/media_music/6d/iasnv5_M_07.mp3"},{"Title":"031-V Noi suntem Martorii lui Iehova!","Url":"https://download-a.akamaihd.net/files/media_music/f7/iasnv5_M_08.mp3"},{"Title":"005-V Cristos, exemplul nostru","Url":"https://download-a.akamaihd.net/files/media_music/4f/iasnv5_M_09.mp3"},{"Title":"016-V Fugiţi la Regatul lui Dumnezeu!","Url":"https://download-a.akamaihd.net/files/media_music/b3/iasnv5_M_10.mp3"},{"Title":"053-V Să lucrăm în unitate","Url":"https://download-a.akamaihd.net/files/media_music/e1/iasnv5_M_11.mp3"},{"Title":"021-V Fericiţi sunt cei îndurători!","Url":"https://download-a.akamaihd.net/files/media_music/54/iasnv5_M_12.mp3"},{"Title":"015-V Creaţia dezvăluie gloria lui Iehova","Url":"https://download-a.akamaihd.net/files/media_music/04/iasnv5_M_13.mp3"},{"Title":"035-V Recunoscători pentru răbdarea lui Dumnezeu","Url":"https://download-a.akamaihd.net/files/media_music/8b/iasnv5_M_14.mp3"},{"Title":"009-V Lăudaţi-l pe Iehova, Dumnezeul nostru!","Url":"https://download-a.akamaihd.net/files/media_music/1d/iasnv5_M_15.mp3"},{"Title":"011-V Să-i bucurăm inima lui Iehova!","Url":"https://download-a.akamaihd.net/files/media_music/db/iasnv5_M_16.mp3"},{"Title":"023-V Iehova, puterea noastră!","Url":"https://download-a.akamaihd.net/files/media_music/35/iasnv5_M_17.mp3"},{"Title":"047-V Să anunţăm vestea bună!","Url":"https://download-a.akamaihd.net/files/media_music/c7/iasnv5_M_18.mp3"},{"Title":"067-V Să ne rugăm zilnic lui Iehova!","Url":"https://download-a.akamaihd.net/files/media_music/2f/iasnv5_M_19.mp3"},{"Title":"051-V Să ne alipim de Iehova","Url":"https://download-a.akamaihd.net/files/media_music/3a/iasnv5_M_20.mp3"},{"Title":"002-V Îţi mulţumim, Iehova!","Url":"https://download-a.akamaihd.net/files/media_music/b8/iasnv5_M_21.mp3"}]}