{"Title":"Sing to Jehovah—Vocal Renditions, Disc 5","Tracks":[{"Title":"118-V Karawata an Ngatanan","Url":"https://download-a.akamaihd.net/files/media_music/7a/iasnv5_SA_01.mp3"},{"Title":"052-V Bantayi an Imo Kasingkasing","Url":"https://download-a.akamaihd.net/files/media_music/c8/iasnv5_SA_02.mp3"},{"Title":"013-V Pag-ampo ha Pagpasalamat","Url":"https://download-a.akamaihd.net/files/media_music/78/iasnv5_SA_03.mp3"},{"Title":"043-V Magbantay Pirme, Magmarig-on, Magmakusog","Url":"https://download-a.akamaihd.net/files/media_music/29/iasnv5_SA_04.mp3"},{"Title":"041-V Singbaha hi Jehova Samtang Batan-on","Url":"https://download-a.akamaihd.net/files/media_music/e0/iasnv5_SA_05.mp3"},{"Title":"018-V Tangkod an Gugma han Dios","Url":"https://download-a.akamaihd.net/files/media_music/1b/iasnv5_SA_06.mp3"},{"Title":"010-V \"Iini Ako! Sugoa Ako\"","Url":"https://download-a.akamaihd.net/files/media_music/1c/iasnv5_SA_07.mp3"},{"Title":"031-V Kita an mga Saksi ni Jehova!","Url":"https://download-a.akamaihd.net/files/media_music/01/iasnv5_SA_08.mp3"},{"Title":"005-V Hi Kristo, an Aton Susbaranan","Url":"https://download-a.akamaihd.net/files/media_music/95/iasnv5_SA_09.mp3"},{"Title":"016-V Dangop ha Ginhadian han Dios!","Url":"https://download-a.akamaihd.net/files/media_music/99/iasnv5_SA_10.mp3"},{"Title":"053-V Urosa nga Nagbubuhat","Url":"https://download-a.akamaihd.net/files/media_music/86/iasnv5_SA_11.mp3"},{"Title":"021-V Malipayon an Maloloy-on!","Url":"https://download-a.akamaihd.net/files/media_music/f7/iasnv5_SA_12.mp3"},{"Title":"015-V An mga Linarang Naghihimaya kan Jehova","Url":"https://download-a.akamaihd.net/files/media_music/a4/iasnv5_SA_13.mp3"},{"Title":"035-V Pagpasalamat ha Pagpailob han Dios","Url":"https://download-a.akamaihd.net/files/media_music/c7/iasnv5_SA_14.mp3"},{"Title":"009-V Dayawa an Aton Dios, hi Jehova!","Url":"https://download-a.akamaihd.net/files/media_music/09/iasnv5_SA_15.mp3"},{"Title":"011-V Lipaya an Kasingkasing ni Jehova","Url":"https://download-a.akamaihd.net/files/media_music/34/iasnv5_SA_16.mp3"},{"Title":"023-V Hi Jehova, an Aton Kusog","Url":"https://download-a.akamaihd.net/files/media_music/2f/iasnv5_SA_17.mp3"},{"Title":"047-V Isamwak an Maopay nga Sumat","Url":"https://download-a.akamaihd.net/files/media_music/97/iasnv5_SA_18.mp3"},{"Title":"067-V Mag-ampo Pirme kan Jehova","Url":"https://download-a.akamaihd.net/files/media_music/05/iasnv5_SA_19.mp3"},{"Title":"051-V Unong Kita kan Jehova","Url":"https://download-a.akamaihd.net/files/media_music/26/iasnv5_SA_20.mp3"},{"Title":"002-V Salamat, Jehova","Url":"https://download-a.akamaihd.net/files/media_music/0b/iasnv5_SA_21.mp3"}]}