{"Title":"Sing to Jehovah—Vocal Renditions, Disc 3","Tracks":[{"Title":"046-V Jehova je naš kralj!","Url":"https://download-a.akamaihd.net/files/media_music/c2/iasnv3_SV_01.mp3"},{"Title":"103-V »Po hišah«","Url":"https://download-a.akamaihd.net/files/media_music/50/iasnv3_SV_02.mp3"},{"Title":"077-V Odpuščajmo","Url":"https://download-a.akamaihd.net/files/media_music/4d/iasnv3_SV_03.mp3"},{"Title":"062-V Komu pripadamo?","Url":"https://download-a.akamaihd.net/files/media_music/90/iasnv3_SV_04.mp3"},{"Title":"014-V »Vse delam novo«","Url":"https://download-a.akamaihd.net/files/media_music/34/iasnv3_SV_05.mp3"},{"Title":"114-V Božja knjiga je zaklad","Url":"https://download-a.akamaihd.net/files/media_music/6f/iasnv3_SV_06.mp3"},{"Title":"120-V Srečen, kdor sliši in uboga","Url":"https://download-a.akamaihd.net/files/media_music/cf/iasnv3_SV_07.mp3"},{"Title":"096-V Poiščimo vredne","Url":"https://download-a.akamaihd.net/files/media_music/2b/iasnv3_SV_08.mp3"},{"Title":"054-V Verujmo","Url":"https://download-a.akamaihd.net/files/media_music/87/iasnv3_SV_09.mp3"},{"Title":"083-V Obvladujmo se","Url":"https://download-a.akamaihd.net/files/media_music/82/iasnv3_SV_10.mp3"},{"Title":"126-V Naš trud ljubezni","Url":"https://download-a.akamaihd.net/files/media_music/bd/iasnv3_SV_11.mp3"},{"Title":"125-V Zvesti in vdani redu Božje vlade","Url":"https://download-a.akamaihd.net/files/media_music/01/iasnv3_SV_12.mp3"},{"Title":"040-V Iščimo najprej Kraljestvo","Url":"https://download-a.akamaihd.net/files/media_music/63/iasnv3_SV_13.mp3"},{"Title":"019-V Bog obljublja raj","Url":"https://download-a.akamaihd.net/files/media_music/33/iasnv3_SV_14.mp3"},{"Title":"056-V Prosim, usliši mojo molitev","Url":"https://download-a.akamaihd.net/files/media_music/3f/iasnv3_SV_15.mp3"},{"Title":"127-V Hiša, ki nosi Tvoje ime","Url":"https://download-a.akamaihd.net/files/media_music/a3/iasnv3_SV_16.mp3"},{"Title":"106-V Prijatelji z Jehovom","Url":"https://download-a.akamaihd.net/files/media_music/c0/iasnv3_SV_17.mp3"},{"Title":"133-V Le k Bogu, če se hočete rešiti","Url":"https://download-a.akamaihd.net/files/media_music/5e/iasnv3_SV_18.mp3"}]}