{"Title":"Sing to Jehovah—Vocal Renditions, Disc 1","Tracks":[{"Title":"065-V “Nansi Indlela”","Url":"https://download-a.akamaihd.net/files/media_music/75/iasnv1_ZU_001.mp3"},{"Title":"063-V Yiba Qotho Njalo","Url":"https://download-a.akamaihd.net/files/media_music/60/iasnv1_ZU_002.mp3"},{"Title":"111-V Uyobiza","Url":"https://download-a.akamaihd.net/files/media_music/7b/iasnv1_ZU_003.mp3"},{"Title":"110-V Imisebenzi KaNkulunkulu Emangalisayo","Url":"https://download-a.akamaihd.net/files/media_music/af/iasnv1_ZU_004.mp3"},{"Title":"075-V Sinezizathu Zokujabula","Url":"https://download-a.akamaihd.net/files/media_music/9e/iasnv1_ZU_005.mp3"},{"Title":"036-V “Lokho UNkulunkulu Akuhlanganisile”","Url":"https://download-a.akamaihd.net/files/media_music/10/iasnv1_ZU_007.mp3"},{"Title":"045-V Qhubekela Phambili!","Url":"https://download-a.akamaihd.net/files/media_music/a6/iasnv1_ZU_008.mp3"},{"Title":"084-V “Ngiyathanda”","Url":"https://download-a.akamaihd.net/files/media_music/91/iasnv1_ZU_010.mp3"},{"Title":"109-V Dumisani IZibulo LikaJehova!","Url":"https://download-a.akamaihd.net/files/media_music/38/iasnv1_ZU_012.mp3"},{"Title":"101-V Ukwenza Iqiniso LoMbuso Laziwe","Url":"https://download-a.akamaihd.net/files/media_music/5f/iasnv1_ZU_014.mp3"},{"Title":"090-V Ubuhle Ebumpungeni","Url":"https://download-a.akamaihd.net/files/media_music/c6/iasnv1_ZU_016.mp3"}]}