{"Title":"Sing to Jehovah—Vocal Renditions, Disc 1","Tracks":[{"Title":"065-V ‘Mboka tɔ kɛnɛ’","Url":"https://download-a.akamaihd.net/files/media_music/1c/iasnv1_OT_01.mp3"},{"Title":"063-V Tongake nshi tshɛ la kɔlamelo","Url":"https://download-a.akamaihd.net/files/media_music/12/iasnv1_OT_02.mp3"},{"Title":"111-V Nde ayelɛ","Url":"https://download-a.akamaihd.net/files/media_music/d6/iasnv1_OT_03.mp3"},{"Title":"110-V Elimu wa diambo waki Nzambi","Url":"https://download-a.akamaihd.net/files/media_music/59/iasnv1_OT_04.mp3"},{"Title":"075-V Ɛkɔkɔ weso l'ɔngɛnɔngɛnɔ","Url":"https://download-a.akamaihd.net/files/media_music/af/iasnv1_OT_05.mp3"},{"Title":"087-V Taya demba ɔtɔi","Url":"https://download-a.akamaihd.net/files/media_music/a3/iasnv1_OT_06.mp3"},{"Title":"036-V ‘Kɛnɛ kakamamatanya Nzambi’","Url":"https://download-a.akamaihd.net/files/media_music/ab/iasnv1_OT_07.mp3"},{"Title":"045-V Totetemale pama","Url":"https://download-a.akamaihd.net/files/media_music/07/iasnv1_OT_08.mp3"},{"Title":"098-V Nyonɛ lɔtɔngɔ la Diolelo","Url":"https://download-a.akamaihd.net/files/media_music/16/iasnv1_OT_09.mp3"},{"Title":"084-V “Dimi nangaka”","Url":"https://download-a.akamaihd.net/files/media_music/37/iasnv1_OT_10.mp3"},{"Title":"092-V ‘Sambishaka Ɔtɛkɛta’","Url":"https://download-a.akamaihd.net/files/media_music/9f/iasnv1_OT_11.mp3"},{"Title":"109-V Totombole Ɔnaki Jehowa l’enondo","Url":"https://download-a.akamaihd.net/files/media_music/18/iasnv1_OT_12.mp3"},{"Title":"089-V Jehowa ate: ‘Ɔnami, oyale kanga lomba’","Url":"https://download-a.akamaihd.net/files/media_music/49/iasnv1_OT_13.mp3"},{"Title":"101-V Teyanya akambo wa mɛtɛ wa Diolelo","Url":"https://download-a.akamaihd.net/files/media_music/47/iasnv1_OT_14.mp3"},{"Title":"091-V Papa kami, Nzambi kami ndo Ɔngɛnyi ami","Url":"https://download-a.akamaihd.net/files/media_music/48/iasnv1_OT_15.mp3"},{"Title":"090-V Ɔtɛ wa ndjwe wekɔ la nɛmɔ","Url":"https://download-a.akamaihd.net/files/media_music/d3/iasnv1_OT_16.mp3"},{"Title":"134-V Kanyiya etena kayonga  diangɔ tshɛ eyoyo","Url":"https://download-a.akamaihd.net/files/media_music/59/iasnv1_OT_17.mp3"}]}