[{"Key":"AF","Value":"Afrikaans"},{"Key":"AL","Value":"Albanian"},{"Key":"REA","Value":"Armenian"},{"Key":"AP","Value":"Aymara"},{"Key":"BI","Value":"Bicol"},{"Key":"BL","Value":"Bulgarian"},{"Key":"CV","Value":"Cebuano"},{"Key":"CNS","Value":"Chinese Cantonese (Simplified)"},{"Key":"CHC","Value":"Chinese Cantonese (Traditional)"},{"Key":"CHS","Value":"Chinese Mandarin (Simplified)"},{"Key":"CH","Value":"Chinese Mandarin (Traditional)"},{"Key":"CG","Value":"Chitonga"},{"Key":"CW","Value":"Cibemba"},{"Key":"C","Value":"Croatian"},{"Key":"B","Value":"Czech"},{"Key":"D","Value":"Danish"},{"Key":"O","Value":"Dutch"},{"Key":"EF","Value":"Efik"},{"Key":"E","Value":"English"},{"Key":"ST","Value":"Estonian"},{"Key":"FI","Value":"Finnish"},{"Key":"GE","Value":"Georgian"},{"Key":"G","Value":"Greek"},{"Key":"HV","Value":"Hiligaynon"},{"Key":"IB","Value":"Igbo"},{"Key":"IL","Value":"Iloko"},{"Key":"IN","Value":"Indonesian"},{"Key":"IS","Value":"Isoko"},{"Key":"J","Value":"Japanese"},{"Key":"KD","Value":"Kikaonde"},{"Key":"KU","Value":"Kiluba"},{"Key":"MK","Value":"Kongo"},{"Key":"KO","Value":"Korean"},{"Key":"LT","Value":"Latvian"},{"Key":"LI","Value":"Lingala"},{"Key":"L","Value":"Lithuanian"},{"Key":"LD","Value":"Lunda"},{"Key":"LV","Value":"Luvale"},{"Key":"NBZ","Value":"Ndebele (Zimbabwe)"},{"Key":"N","Value":"Norwegian"},{"Key":"OT","Value":"Otetela"},{"Key":"PN","Value":"Pangasinan"},{"Key":"P","Value":"Polish"},{"Key":"M","Value":"Romanian"},{"Key":"U","Value":"Russian"},{"Key":"SB","Value":"Serbian"},{"Key":"SBO","Value":"Serbian (Roman)"},{"Key":"SU","Value":"Sesotho (Lesotho)"},{"Key":"CA","Value":"Shona"},{"Key":"SK","Value":"Silozi"},{"Key":"SN","Value":"Sinhala"},{"Key":"V","Value":"Slovak"},{"Key":"SV","Value":"Slovenian"},{"Key":"S","Value":"Spanish"},{"Key":"SR","Value":"Sranantongo"},{"Key":"Z","Value":"Swedish"},{"Key":"TG","Value":"Tagalog"},{"Key":"SH","Value":"Tshiluba"},{"Key":"TS","Value":"Tsonga"},{"Key":"TK","Value":"Turkish"},{"Key":"K","Value":"Ukrainian"},{"Key":"SA","Value":"Waray-Waray"},{"Key":"XO","Value":"Xhosa"},{"Key":"ZU","Value":"Zulu"},{"Key":"RM","Value":"Romany (Macedonia)"},{"Key":"RMC","Value":"Romany (Macedonia) Cyrillic"}]