{"Title":"Sing to Jehovah—Vocal Renditions, Disc 3","Tracks":[{"Title":"046-M Jehova ngu Mwami Wesu!","Url":"https://download-a.akamaihd.net/files/media_music/c6/iasnv3_CG_01.mp3"},{"Title":"103-M “Kuŋanda a Ŋanda”","Url":"https://download-a.akamaihd.net/files/media_music/43/iasnv3_CG_02.mp3"},{"Title":"077-M Kamulekelelana","Url":"https://download-a.akamaihd.net/files/media_music/06/iasnv3_CG_03.mp3"},{"Title":"062-M Ino Tubalilwa Kuli Ni?","Url":"https://download-a.akamaihd.net/files/media_music/cc/iasnv3_CG_04.mp3"},{"Title":"014-M Zyalengululwa Zyintu Zyoonse","Url":"https://download-a.akamaihd.net/files/media_music/fb/iasnv3_CG_05.mp3"},{"Title":"120-M Amuswiilile Akutobela  Zyaambwa Kutegwa Mulelekwe","Url":"https://download-a.akamaihd.net/files/media_music/fc/iasnv3_CG_07.mp3"},{"Title":"096-M Amuyandaule Bantu Beelela","Url":"https://download-a.akamaihd.net/files/media_music/58/iasnv3_CG_08.mp3"},{"Title":"054-M Tweelede Kuba Alusyomo Lwini-lwini","Url":"https://download-a.akamaihd.net/files/media_music/77/iasnv3_CG_09.mp3"},{"Title":"126-M Milimo Yesu Yaluyando","Url":"https://download-a.akamaihd.net/files/media_music/6d/iasnv3_CG_11.mp3"},{"Title":"040-M Amuzumanane Kusaanguna  Kuyandaula Bwami","Url":"https://download-a.akamaihd.net/files/media_music/33/iasnv3_CG_13.mp3"},{"Title":"019-M Cisyomezyo ca Leza ca Paladaiso","Url":"https://download-a.akamaihd.net/files/media_music/96/iasnv3_CG_14.mp3"},{"Title":"056-M Swiilila Mupailo Wangu","Url":"https://download-a.akamaihd.net/files/media_music/92/iasnv3_CG_15.mp3"},{"Title":"127-M Iŋanda Iijisi Zyina Lyako","Url":"https://download-a.akamaihd.net/files/media_music/00/iasnv3_CG_16.mp3"},{"Title":"106-M Ikumvwana a Jehova","Url":"https://download-a.akamaihd.net/files/media_music/cc/iasnv3_CG_17.mp3"},{"Title":"133-M Amuyandaule Leza  Kutegwa Mufwutulwe","Url":"https://download-a.akamaihd.net/files/media_music/f8/iasnv3_CG_18.mp3"}]}