{"Title":"Sing to Jehovah—Vocal Renditions, Disc 5","Tracks":[{"Title":"118-Φ Να Καλοδέχεστε ο Ένας τον Άλλον","Url":"https://download-a.akamaihd.net/files/media_music/e6/iasnv5_G_001.mp3"},{"Title":"052-Φ Φυλάξτε την Καρδιά Σας","Url":"https://download-a.akamaihd.net/files/media_music/33/iasnv5_G_002.mp3"},{"Title":"013-Φ Μια Ευχαριστήρια Προσευχή","Url":"https://download-a.akamaihd.net/files/media_music/34/iasnv5_G_003.mp3"},{"Title":"043-Φ Αγρυπνείτε, Μείνετε Στερεοί, να Είστε Δυνατοί","Url":"https://download-a.akamaihd.net/files/media_music/96/iasnv5_G_004.mp3"},{"Title":"041-Φ Λατρεύετε τον Ιεχωβά στη Διάρκεια της Νεότητας","Url":"https://download-a.akamaihd.net/files/media_music/91/iasnv5_G_005.mp3"},{"Title":"018-Φ Η Όσια Αγάπη του Θεού","Url":"https://download-a.akamaihd.net/files/media_music/92/iasnv5_G_006.mp3"},{"Title":"010-Φ «Ορίστε Εγώ! Στείλε Εμένα»","Url":"https://download-a.akamaihd.net/files/media_music/40/iasnv5_G_007.mp3"},{"Title":"031-Φ Είμαστε Μάρτυρες του Ιεχωβά!","Url":"https://download-a.akamaihd.net/files/media_music/94/iasnv5_G_008.mp3"},{"Title":"005-Φ Ο Χριστός, το Πρότυπό Μας","Url":"https://download-a.akamaihd.net/files/media_music/d3/iasnv5_G_009.mp3"},{"Title":"016-Φ Φύγετε στη Βασιλεία του Θεού!","Url":"https://download-a.akamaihd.net/files/media_music/91/iasnv5_G_010.mp3"},{"Title":"053-Φ Συνεργαζόμαστε με Ενότητα","Url":"https://download-a.akamaihd.net/files/media_music/56/iasnv5_G_011.mp3"},{"Title":"021-Φ Ευτυχισμένοι οι Ελεήμονες!","Url":"https://download-a.akamaihd.net/files/media_music/ed/iasnv5_G_012.mp3"},{"Title":"015-Φ Η Δημιουργία Αποκαλύπτει τη Δόξα του Ιεχωβά","Url":"https://download-a.akamaihd.net/files/media_music/bd/iasnv5_G_013.mp3"},{"Title":"035-Φ Ευγνωμοσύνη για τη Θεϊκή Υπομονή","Url":"https://download-a.akamaihd.net/files/media_music/20/iasnv5_G_014.mp3"},{"Title":"009-Φ Αινείτε τον Ιεχωβά, τον Θεό Μας!","Url":"https://download-a.akamaihd.net/files/media_music/e7/iasnv5_G_015.mp3"},{"Title":"011-Φ Ας Κάνουμε Χαρούμενη την Καρδιά του Ιεχωβά","Url":"https://download-a.akamaihd.net/files/media_music/f4/iasnv5_G_016.mp3"},{"Title":"023-Φ Ιεχωβά, η Ισχύς Μας","Url":"https://download-a.akamaihd.net/files/media_music/85/iasnv5_G_017.mp3"},{"Title":"047-Φ Κηρύξτε τα Καλά Νέα","Url":"https://download-a.akamaihd.net/files/media_music/51/iasnv5_G_018.mp3"},{"Title":"067-Φ Να Προσεύχεστε στον Ιεχωβά Κάθε Μέρα","Url":"https://download-a.akamaihd.net/files/media_music/a6/iasnv5_G_019.mp3"},{"Title":"051-Φ Προσκολλούμαστε στον Ιεχωβά","Url":"https://download-a.akamaihd.net/files/media_music/06/iasnv5_G_020.mp3"},{"Title":"002-Φ Σε Ευχαριστούμε, Ιεχωβά","Url":"https://download-a.akamaihd.net/files/media_music/85/iasnv5_G_021.mp3"}]}