{"Title":"Sing to Jehovah—Vocal Renditions, Disc 3","Tracks":[{"Title":"046-В Єгова — наш Цар","Url":"https://download-a.akamaihd.net/files/media_music/eb/iasnv3_K_01.mp3"},{"Title":"103-В Із дому в дім","Url":"https://download-a.akamaihd.net/files/media_music/ad/iasnv3_K_02.mp3"},{"Title":"077-В Охоче прощайте","Url":"https://download-a.akamaihd.net/files/media_music/43/iasnv3_K_03.mp3"},{"Title":"062-В Кому ми належимо?","Url":"https://download-a.akamaihd.net/files/media_music/12/iasnv3_K_04.mp3"},{"Title":"014-В Бог творить усе нове","Url":"https://download-a.akamaihd.net/files/media_music/84/iasnv3_K_05.mp3"},{"Title":"114-В Божа книга — скарб","Url":"https://download-a.akamaihd.net/files/media_music/23/iasnv3_K_06.mp3"},{"Title":"120-В Слухай, корись і радій","Url":"https://download-a.akamaihd.net/files/media_music/ff/iasnv3_K_07.mp3"},{"Title":"096-В Шукаймо достойних людей","Url":"https://download-a.akamaihd.net/files/media_music/aa/iasnv3_K_08.mp3"},{"Title":"054-В Треба мати віру","Url":"https://download-a.akamaihd.net/files/media_music/b5/iasnv3_K_09.mp3"},{"Title":"083-В Нам потрібне самовладання","Url":"https://download-a.akamaihd.net/files/media_music/32/iasnv3_K_10.mp3"},{"Title":"126-В Наша праця любові","Url":"https://download-a.akamaihd.net/files/media_music/62/iasnv3_K_11.mp3"},{"Title":"125-В Віддано підкоряймося теократичному порядку","Url":"https://download-a.akamaihd.net/files/media_music/2f/iasnv3_K_12.mp3"},{"Title":"040-В Шукай найперше Царства","Url":"https://download-a.akamaihd.net/files/media_music/e9/iasnv3_K_13.mp3"},{"Title":"019-В Божа обіцянка","Url":"https://download-a.akamaihd.net/files/media_music/16/iasnv3_K_14.mp3"},{"Title":"056-В Почуй мою молитву","Url":"https://download-a.akamaihd.net/files/media_music/3a/iasnv3_K_15.mp3"},{"Title":"127-В Місце для твого імені","Url":"https://download-a.akamaihd.net/files/media_music/d3/iasnv3_K_16.mp3"},{"Title":"106-В Здобуваймо дружбу з Єговою","Url":"https://download-a.akamaihd.net/files/media_music/da/iasnv3_K_17.mp3"},{"Title":"133-В Шукай Єгову, щоб спастись","Url":"https://download-a.akamaihd.net/files/media_music/0f/iasnv3_K_18.mp3"}]}