{"Title":"Sing to Jehovah—Vocal Renditions, Disc 4","Tracks":[{"Title":"102-Φ Να Συμμετέχετε στο Άσμα της Βασιλείας!","Url":"https://download-a.akamaihd.net/files/media_music/a0/iasnv4_G_01.mp3"},{"Title":"007-Φ Χριστιανική Αφιέρωση","Url":"https://download-a.akamaihd.net/files/media_music/c1/iasnv4_G_02.mp3"},{"Title":"066-Φ Υπηρετούμε τον Ιεχωβά Ολόψυχα","Url":"https://download-a.akamaihd.net/files/media_music/a5/iasnv4_G_03.mp3"},{"Title":"003-Φ «Ο Θεός Είναι Αγάπη»","Url":"https://download-a.akamaihd.net/files/media_music/0f/iasnv4_G_04.mp3"},{"Title":"119-Φ Ελάτε και Αναζωογονηθείτε!","Url":"https://download-a.akamaihd.net/files/media_music/ba/iasnv4_G_05.mp3"},{"Title":"027-Φ Ταχθείτε με τον Ιεχωβά!","Url":"https://download-a.akamaihd.net/files/media_music/f8/iasnv4_G_06.mp3"},{"Title":"132-Φ Ωδή Νίκης","Url":"https://download-a.akamaihd.net/files/media_music/37/iasnv4_G_07.mp3"},{"Title":"012-Φ Υπόσχεση για Αιώνια Ζωή","Url":"https://download-a.akamaihd.net/files/media_music/19/iasnv4_G_08.mp3"},{"Title":"004-Φ Ας Κάνουμε ένα Καλό Όνομα με τον Θεό","Url":"https://download-a.akamaihd.net/files/media_music/cb/iasnv4_G_09.mp3"},{"Title":"059-Φ Είμαστε Αφιερωμένοι στον Θεό!","Url":"https://download-a.akamaihd.net/files/media_music/59/iasnv4_G_10.mp3"},{"Title":"022-Φ «Ο Ιεχωβά Είναι ο Ποιμένας Μου»","Url":"https://download-a.akamaihd.net/files/media_music/b7/iasnv4_G_11.mp3"},{"Title":"073-Φ Να Αγαπάτε Έντονα, από Καρδιάς","Url":"https://download-a.akamaihd.net/files/media_music/01/iasnv4_G_12.mp3"},{"Title":"097-Φ Εμπρός, Διάκονοι της Βασιλείας!","Url":"https://download-a.akamaihd.net/files/media_music/64/iasnv4_G_13.mp3"},{"Title":"029-Φ Ας Περπατάμε με Ακεραιότητα","Url":"https://download-a.akamaihd.net/files/media_music/fc/iasnv4_G_14.mp3"},{"Title":"070-Φ «Να Βεβαιώνεστε για τα Πιο Σπουδαία Πράγματα»","Url":"https://download-a.akamaihd.net/files/media_music/7a/iasnv4_G_15.mp3"},{"Title":"006-Φ Η Προσευχή του Υπηρέτη του Θεού","Url":"https://download-a.akamaihd.net/files/media_music/46/iasnv4_G_16.mp3"},{"Title":"086-Φ Πιστές Γυναίκες, Χριστιανές Αδελφές","Url":"https://download-a.akamaihd.net/files/media_music/90/iasnv4_G_17.mp3"},{"Title":"131-Φ Ο Ιεχωβά Προμηθεύει Διαφυγή","Url":"https://download-a.akamaihd.net/files/media_music/ca/iasnv4_G_18.mp3"}]}