{"Title":"Sing to Jehovah—Vocal Renditions, Disc 1","Tracks":[{"Title":"065-V “Dit is die weg”","Url":"https://download-a.akamaihd.net/files/media_music/8e/iasnv1_AF_001.mp3"},{"Title":"063-V Bly lojaal","Url":"https://download-a.akamaihd.net/files/media_music/da/iasnv1_AF_002.mp3"},{"Title":"111-V Hy sal roep","Url":"https://download-a.akamaihd.net/files/media_music/f8/iasnv1_AF_003.mp3"},{"Title":"110-V God se wonderbare werke","Url":"https://download-a.akamaihd.net/files/media_music/98/iasnv1_AF_004.mp3"},{"Title":"075-V Ons redes tot vreugde","Url":"https://download-a.akamaihd.net/files/media_music/c1/iasnv1_AF_005.mp3"},{"Title":"036-V ‘Wat God saamgevoeg het’","Url":"https://download-a.akamaihd.net/files/media_music/de/iasnv1_AF_007.mp3"},{"Title":"045-V Gaan vooruit!","Url":"https://download-a.akamaihd.net/files/media_music/12/iasnv1_AF_008.mp3"},{"Title":"089-V Jehovah se hartlike versoek: “Wees wys, my seun”","Url":"https://download-a.akamaihd.net/files/media_music/0f/iasnv1_AF_013.mp3"},{"Title":"101-V Maak die Koninkrykswaarheid bekend","Url":"https://download-a.akamaihd.net/files/media_music/a6/iasnv1_AF_014.mp3"},{"Title":"091-V My Vader, my God en Vriend","Url":"https://download-a.akamaihd.net/files/media_music/04/iasnv1_AF_015.mp3"},{"Title":"090-V Die grysheid is ’n kroon","Url":"https://download-a.akamaihd.net/files/media_music/a0/iasnv1_AF_016.mp3"},{"Title":"134-V Sien jouself wanneer alles nuut is","Url":"https://download-a.akamaihd.net/files/media_music/17/iasnv1_AF_017.mp3"}]}