{"Title":"Sing to Jehovah—Vocal Renditions, Disc 1","Tracks":[{"Title":"065-M &quot;Jishinda Jino&quot;.","Url":"https://download-a.akamaihd.net/files/media_music/a8/iasnv1_KD_001.mp3"},{"Title":"063-M Kutwajijila Kwikala Bakishinka","Url":"https://download-a.akamaihd.net/files/media_music/1e/iasnv1_KD_002.mp3"},{"Title":"111-M Uketa","Url":"https://download-a.akamaihd.net/files/media_music/78/iasnv1_KD_003.mp3"},{"Title":"110-M Kulenga Jizhina Jawama na Lesa.","Url":"https://download-a.akamaihd.net/files/media_music/2b/iasnv1_KD_004.mp3"},{"Title":"075-M Bintu Bitulengela Kusangalala","Url":"https://download-a.akamaihd.net/files/media_music/2a/iasnv1_KD_005.mp3"},{"Title":"087-M Pano Twi Umo","Url":"https://download-a.akamaihd.net/files/media_music/bf/iasnv1_KD_006.mp3"},{"Title":"036 M &quot;Akya kyasambakanya Lesa&quot;","Url":"https://download-a.akamaihd.net/files/media_music/a3/iasnv1_KD_007.mp3"},{"Title":"045-M Tuyenga Kulutwe!","Url":"https://download-a.akamaihd.net/files/media_music/6f/iasnv1_KD_008.mp3"},{"Title":"098-M Kubyala Nkunwa ya Bufumu","Url":"https://download-a.akamaihd.net/files/media_music/f3/iasnv1_KD_009.mp3"},{"Title":"084-M &quot;Naswa&quot;","Url":"https://download-a.akamaihd.net/files/media_music/a5/iasnv1_KD_010.mp3"},{"Title":"092-M 'Sapwilainga Mambo'","Url":"https://download-a.akamaihd.net/files/media_music/53/iasnv1_KD_011.mp3"},{"Title":"109-M Totai Mubeji wa Yehoba","Url":"https://download-a.akamaihd.net/files/media_music/a5/iasnv1_KD_012.mp3"},{"Title":"089-M Yehoba Wasashijila'mba: 'Mwanami, Wikale wa Maana'","Url":"https://download-a.akamaihd.net/files/media_music/9c/iasnv1_KD_013.mp3"},{"Title":"101-M Kuyukanyikisha Bukine bwa Bufumu","Url":"https://download-a.akamaihd.net/files/media_music/b5/iasnv1_KD_014.mp3"},{"Title":"091-M Tata, Lesa wami, Kabiji Mulunda Nami","Url":"https://download-a.akamaihd.net/files/media_music/2d/iasnv1_KD_015.mp3"},{"Title":"090-M Lukumo Luji mu Mutwe wa Mvwi","Url":"https://download-a.akamaihd.net/files/media_music/e9/iasnv1_KD_016.mp3"},{"Title":"134-M Mukemwena Byonse byo Bikekala Bipya","Url":"https://download-a.akamaihd.net/files/media_music/62/iasnv1_KD_017.mp3"}]}