{"Title":"Sing to Jehovah—Vocal Renditions, Disc 1","Tracks":[{"Title":"065-M “Eyi Yeyi Jila”","Url":"https://download-a.akamaihd.net/files/media_music/98/iasnv1_LV_001.mp3"},{"Title":"063-M Kupwanga Vakwononoka","Url":"https://download-a.akamaihd.net/files/media_music/31/iasnv1_LV_002.mp3"},{"Title":"111-M Mwakasanyika","Url":"https://download-a.akamaihd.net/files/media_music/aa/iasnv1_LV_003.mp3"},{"Title":"110-M Vilinga vyaKalunga Vyakukomwesa","Url":"https://download-a.akamaihd.net/files/media_music/10/iasnv1_LV_004.mp3"},{"Title":"075-M Vyuma Vyatulingisa Tuwahilile","Url":"https://download-a.akamaihd.net/files/media_music/9d/iasnv1_LV_005.mp3"},{"Title":"087-M Tunapu Jino Umwe","Url":"https://download-a.akamaihd.net/files/media_music/88/iasnv1_LV_006.mp3"},{"Title":"036-M “Echi Nanungu Kalunga”","Url":"https://download-a.akamaihd.net/files/media_music/62/iasnv1_LV_007.mp3"},{"Title":"045-M Twalenuho Lika!","Url":"https://download-a.akamaihd.net/files/media_music/03/iasnv1_LV_008.mp3"},{"Title":"098-M Kukuva Mbuto jaWangana","Url":"https://download-a.akamaihd.net/files/media_music/99/iasnv1_LV_009.mp3"},{"Title":"084-M “Ngunasake Vene”","Url":"https://download-a.akamaihd.net/files/media_music/71/iasnv1_LV_010.mp3"},{"Title":"092-M “Ambulula Mazu”","Url":"https://download-a.akamaihd.net/files/media_music/bf/iasnv1_LV_011.mp3"},{"Title":"109-M Alisenu MwanaYehova Watwatwa!","Url":"https://download-a.akamaihd.net/files/media_music/af/iasnv1_LV_012.mp3"},{"Title":"089-M Yehova Ngwenyi: “Ove Mwanami, Twamanga naMangana”","Url":"https://download-a.akamaihd.net/files/media_music/8e/iasnv1_LV_013.mp3"},{"Title":"101-M Kuvilika Muchano waWangana","Url":"https://download-a.akamaihd.net/files/media_music/f2/iasnv1_LV_014.mp3"},{"Title":"091-M Tata, Kalunga Kami, Sepa Lyami","Url":"https://download-a.akamaihd.net/files/media_music/6f/iasnv1_LV_015.mp3"},{"Title":"090-M Upahu muUshinakaji","Url":"https://download-a.akamaihd.net/files/media_music/8b/iasnv1_LV_016.mp3"},{"Title":"134-M Shinganyekenu Muli muLifuchi Lyalihya","Url":"https://download-a.akamaihd.net/files/media_music/4b/iasnv1_LV_017.mp3"}]}