{"Title":"Sing to Jehovah—Vocal Renditions, Disc 2","Tracks":[{"Title":"074-V エホバの喜び","Url":"https://download-a.akamaihd.net/files/media_music/7e/iasnv2_J_01.mp3"},{"Title":"095-V 「エホバが善良であることを味わい知れ」","Url":"https://download-a.akamaihd.net/files/media_music/03/iasnv2_J_02.mp3"},{"Title":"069-V あなたの道をわたしに知らせてください","Url":"https://download-a.akamaihd.net/files/media_music/84/iasnv2_J_03.mp3"},{"Title":"130-V 命という奇跡","Url":"https://download-a.akamaihd.net/files/media_music/0d/iasnv2_J_04.mp3"},{"Title":"060-V 神はあなたを強い者としてくださる","Url":"https://download-a.akamaihd.net/files/media_music/ee/iasnv2_J_05.mp3"},{"Title":"107-V エホバの山に来なさい","Url":"https://download-a.akamaihd.net/files/media_music/fc/iasnv2_J_06.mp3"},{"Title":"088-V 子どもたち―神から託されたもの","Url":"https://download-a.akamaihd.net/files/media_music/20/iasnv2_J_07.mp3"},{"Title":"081-V 「わたしたちにさらに信仰をお与えください」","Url":"https://download-a.akamaihd.net/files/media_music/dd/iasnv2_J_08.mp3"},{"Title":"058-V わたしの献身の祈り","Url":"https://download-a.akamaihd.net/files/media_music/59/iasnv2_J_09.mp3"},{"Title":"108-V エホバをその王国ゆえに賛美しなさい","Url":"https://download-a.akamaihd.net/files/media_music/33/iasnv2_J_10.mp3"},{"Title":"116-V 光は輝きを増す","Url":"https://download-a.akamaihd.net/files/media_music/bf/iasnv2_J_11.mp3"},{"Title":"123-V 牧者―人々の賜物","Url":"https://download-a.akamaihd.net/files/media_music/02/iasnv2_J_12.mp3"},{"Title":"124-V 人々をもてなしなさい","Url":"https://download-a.akamaihd.net/files/media_music/0c/iasnv2_J_13.mp3"},{"Title":"061-V わたしはどんな人になるべきだろうか","Url":"https://download-a.akamaihd.net/files/media_music/eb/iasnv2_J_14.mp3"},{"Title":"064-V 真理に生きなさい","Url":"https://download-a.akamaihd.net/files/media_music/ab/iasnv2_J_15.mp3"},{"Title":"008-V 主の晩さん","Url":"https://download-a.akamaihd.net/files/media_music/55/iasnv2_J_16.mp3"},{"Title":"068-V 助けを求める祈り","Url":"https://download-a.akamaihd.net/files/media_music/bb/iasnv2_J_17.mp3"},{"Title":"057-V わたしの心の黙想","Url":"https://download-a.akamaihd.net/files/media_music/a9/iasnv2_J_18.mp3"},{"Title":"085-V エホバは十分な報いを与えてくださる","Url":"https://download-a.akamaihd.net/files/media_music/f7/iasnv2_J_19.mp3"}]}