{"Title":"Sing to Jehovah—Vocal Renditions, Disc 4","Tracks":[{"Title":"102-V 齊唱王國之歌！","Url":"https://download-a.akamaihd.net/files/media_music/b5/iasnv4_CH_01.mp3"},{"Title":"007-V 基督徒的獻身","Url":"https://download-a.akamaihd.net/files/media_music/af/iasnv4_CH_02.mp3"},{"Title":"066-V 全心全意事奉耶和華","Url":"https://download-a.akamaihd.net/files/media_music/24/iasnv4_CH_03.mp3"},{"Title":"003-V “上帝就是愛”","Url":"https://download-a.akamaihd.net/files/media_music/97/iasnv4_CH_04.mp3"},{"Title":"119-V 來吧！你必享安舒","Url":"https://download-a.akamaihd.net/files/media_music/47/iasnv4_CH_05.mp3"},{"Title":"027-V 擁護耶和華","Url":"https://download-a.akamaihd.net/files/media_music/c0/iasnv4_CH_06.mp3"},{"Title":"132-V 勝利之歌","Url":"https://download-a.akamaihd.net/files/media_music/85/iasnv4_CH_07.mp3"},{"Title":"012-V 上帝應許的永生","Url":"https://download-a.akamaihd.net/files/media_music/26/iasnv4_CH_08.mp3"},{"Title":"004-V 在上帝面前建立美名","Url":"https://download-a.akamaihd.net/files/media_music/e7/iasnv4_CH_09.mp3"},{"Title":"059-V 我們獻了身給上帝！","Url":"https://download-a.akamaihd.net/files/media_music/e1/iasnv4_CH_10.mp3"},{"Title":"022-V “耶和華是我的牧者”","Url":"https://download-a.akamaihd.net/files/media_music/c5/iasnv4_CH_11.mp3"},{"Title":"073-V 從心裏熱切地相愛","Url":"https://download-a.akamaihd.net/files/media_music/a1/iasnv4_CH_12.mp3"},{"Title":"097-V 王國傳道員，勇往向前！","Url":"https://download-a.akamaihd.net/files/media_music/4f/iasnv4_CH_13.mp3"},{"Title":"029-V 行事忠義","Url":"https://download-a.akamaihd.net/files/media_music/d2/iasnv4_CH_14.mp3"},{"Title":"070-V “看清哪些事更為重要”","Url":"https://download-a.akamaihd.net/files/media_music/b4/iasnv4_CH_15.mp3"},{"Title":"006-V 上帝僕人的禱告","Url":"https://download-a.akamaihd.net/files/media_music/e8/iasnv4_CH_16.mp3"},{"Title":"086-V 忠信的婦女基督徒姊妹","Url":"https://download-a.akamaihd.net/files/media_music/5d/iasnv4_CH_17.mp3"},{"Title":"131-V 耶和華是救人脱險的上帝","Url":"https://download-a.akamaihd.net/files/media_music/39/iasnv4_CH_18.mp3"}]}