{"Title":"Sing to Jehovah—Vocal Renditions, Disc 1","Tracks":[{"Title":"065-V ”See on tee”","Url":"https://download-a.akamaihd.net/files/media_music/9f/iasnv1_ST_001.mp3"},{"Title":"063-V Ustav rahvas","Url":"https://download-a.akamaihd.net/files/media_music/92/iasnv1_ST_002.mp3"},{"Title":"111-V Ta hüüab oma kätetööd","Url":"https://download-a.akamaihd.net/files/media_music/b4/iasnv1_ST_003.mp3"},{"Title":"110-V Jumala imelised teod","Url":"https://download-a.akamaihd.net/files/media_music/8d/iasnv1_ST_004.mp3"},{"Title":"075-V ”Olge rõõmsad”","Url":"https://download-a.akamaihd.net/files/media_music/72/iasnv1_ST_005.mp3"},{"Title":"087-V Nüüd oleme üks","Url":"https://download-a.akamaihd.net/files/media_music/8e/iasnv1_ST_006.mp3"},{"Title":"036-V Mis Jumal ühte pannud","Url":"https://download-a.akamaihd.net/files/media_music/82/iasnv1_ST_007.mp3"},{"Title":"045-V Tehkem edusamme!","Url":"https://download-a.akamaihd.net/files/media_music/b6/iasnv1_ST_008.mp3"},{"Title":"098-V Külvame kuningriigi seemet","Url":"https://download-a.akamaihd.net/files/media_music/08/iasnv1_ST_009.mp3"},{"Title":"084-V ”Ma tahan”","Url":"https://download-a.akamaihd.net/files/media_music/5c/iasnv1_ST_010.mp3"},{"Title":"092-V ”Kuuluta sõna”","Url":"https://download-a.akamaihd.net/files/media_music/bc/iasnv1_ST_011.mp3"},{"Title":"109-V Austage Jehoova Esmaloodut!","Url":"https://download-a.akamaihd.net/files/media_music/73/iasnv1_ST_012.mp3"},{"Title":"089-V Jehoova südamlik kutse ”Ole tark, mu poeg”","Url":"https://download-a.akamaihd.net/files/media_music/20/iasnv1_ST_013.mp3"},{"Title":"101-V Räägime kuningriigi tõde","Url":"https://download-a.akamaihd.net/files/media_music/27/iasnv1_ST_014.mp3"},{"Title":"091-V Jehoova, mu Isa ja sõber","Url":"https://download-a.akamaihd.net/files/media_music/90/iasnv1_ST_015.mp3"},{"Title":"090-V ”Hallid juuksed on ilus kroon”","Url":"https://download-a.akamaihd.net/files/media_music/f3/iasnv1_ST_016.mp3"},{"Title":"134-V Näe end vaimus uuel maal","Url":"https://download-a.akamaihd.net/files/media_music/6b/iasnv1_ST_017.mp3"}]}