{"Title":"Sing to Jehovah—Vocal Renditions, Disc 1","Tracks":[{"Title":"065-В «Ось та дорога»","Url":"https://download-a.akamaihd.net/files/media_music/25/iasnv1_K_01.mp3"},{"Title":"063-В Завжди вірні","Url":"https://download-a.akamaihd.net/files/media_music/31/iasnv1_K_02.mp3"},{"Title":"111-В Він покличе","Url":"https://download-a.akamaihd.net/files/media_music/e5/iasnv1_K_03.mp3"},{"Title":"110-В Божі чудові діла","Url":"https://download-a.akamaihd.net/files/media_music/44/iasnv1_K_04.mp3"},{"Title":"075-В Безліч підстав для радості","Url":"https://download-a.akamaihd.net/files/media_music/f9/iasnv1_K_05.mp3"},{"Title":"087-В Тепер ми вже одне","Url":"https://download-a.akamaihd.net/files/media_music/94/iasnv1_K_06.mp3"},{"Title":"036-В «Що Бог з’єднав одним ярмом»","Url":"https://download-a.akamaihd.net/files/media_music/6c/iasnv1_K_07.mp3"},{"Title":"045-В Все вперед!","Url":"https://download-a.akamaihd.net/files/media_music/79/iasnv1_K_08.mp3"},{"Title":"098-В Сійте насіння Царства","Url":"https://download-a.akamaihd.net/files/media_music/8e/iasnv1_K_09.mp3"},{"Title":"084-В Бажаю","Url":"https://download-a.akamaihd.net/files/media_music/5e/iasnv1_K_10.mp3"},{"Title":"092-В «Проповідуй слово»","Url":"https://download-a.akamaihd.net/files/media_music/5a/iasnv1_K_11.mp3"},{"Title":"109-В Вітайте Первістка Єгови!","Url":"https://download-a.akamaihd.net/files/media_music/18/iasnv1_K_12.mp3"},{"Title":"089-В Сердечне запрошення Єгови: «Будь мудрий, мій сину»","Url":"https://download-a.akamaihd.net/files/media_music/51/iasnv1_K_13.mp3"},{"Title":"101-В Проголошуймо правду про Царство","Url":"https://download-a.akamaihd.net/files/media_music/56/iasnv1_K_14.mp3"},{"Title":"091-В Мій Батько, мій Бог і Друг","Url":"https://download-a.akamaihd.net/files/media_music/00/iasnv1_K_15.mp3"},{"Title":"090-В Краса сивини","Url":"https://download-a.akamaihd.net/files/media_music/d4/iasnv1_K_16.mp3"},{"Title":"134-В Уяви, коли все буде нове","Url":"https://download-a.akamaihd.net/files/media_music/c2/iasnv1_K_17.mp3"}]}