{"Title":"Sing to Jehovah—Vocal Renditions, Disc 1","Tracks":[{"Title":"065-K “Iyo Ini an Dalan”","Url":"https://download-a.akamaihd.net/files/media_music/41/iasnv1_BI_01.mp3"},{"Title":"063-K Danay na Maimbod","Url":"https://download-a.akamaihd.net/files/media_music/1a/iasnv1_BI_02.mp3"},{"Title":"111-K Sia Maapod","Url":"https://download-a.akamaihd.net/files/media_music/a0/iasnv1_BI_03.mp3"},{"Title":"110-K An Makangangalas na mga Gibo nin Dios","Url":"https://download-a.akamaihd.net/files/media_music/8d/iasnv1_BI_04.mp3"},{"Title":"075-K An mga Dahelan Niatong Maggayagaya","Url":"https://download-a.akamaihd.net/files/media_music/13/iasnv1_BI_05.mp3"},{"Title":"087-K Saro Na Kita Ngonyan","Url":"https://download-a.akamaihd.net/files/media_music/a4/iasnv1_BI_06.mp3"},{"Title":"036-K “An Pinagsaro nin Dios”","Url":"https://download-a.akamaihd.net/files/media_music/94/iasnv1_BI_07.mp3"},{"Title":"045-K Umabante!","Url":"https://download-a.akamaihd.net/files/media_music/33/iasnv1_BI_08.mp3"},{"Title":"098-K Pagsabwag kan Banhi kan Kahadean","Url":"https://download-a.akamaihd.net/files/media_music/7c/iasnv1_BI_09.mp3"},{"Title":"084-K “Boot Ko”","Url":"https://download-a.akamaihd.net/files/media_music/64/iasnv1_BI_10.mp3"},{"Title":"092-K “Ihulit Mo an Tataramon”","Url":"https://download-a.akamaihd.net/files/media_music/2b/iasnv1_BI_11.mp3"},{"Title":"109-K Irukyaw an Panganay ni Jehova!","Url":"https://download-a.akamaihd.net/files/media_music/c5/iasnv1_BI_12.mp3"},{"Title":"089-K An Pakiolay ni Jehova: “Magpakadonong Ka, Aki Ko”","Url":"https://download-a.akamaihd.net/files/media_music/c9/iasnv1_BI_13.mp3"},{"Title":"101-K Paghahayag kan Katotoohan sa Kahadean","Url":"https://download-a.akamaihd.net/files/media_music/58/iasnv1_BI_14.mp3"},{"Title":"091-K Sakuyang Ama, Sakuyang Dios Asin Katood","Url":"https://download-a.akamaihd.net/files/media_music/54/iasnv1_BI_15.mp3"},{"Title":"090-K Kagayonan kan Pagigin May Uban","Url":"https://download-a.akamaihd.net/files/media_music/ae/iasnv1_BI_16.mp3"},{"Title":"134-K Imahinara Kun Bago Na an Gabos na Bagay","Url":"https://download-a.akamaihd.net/files/media_music/50/iasnv1_BI_17.mp3"}]}