{"Title":"Sing to Jehovah—Vocal Renditions, Disc 2","Tracks":[{"Title":"074-V Jehovova radosť","Url":"https://download-a.akamaihd.net/files/media_music/bb/iasnv2_V_01.mp3"},{"Title":"095-V „Okúste a viďte, že Jehova je dobrý“","Url":"https://download-a.akamaihd.net/files/media_music/6e/iasnv2_V_02.mp3"},{"Title":"069-V Daj mi poznať svoje cesty","Url":"https://download-a.akamaihd.net/files/media_music/ba/iasnv2_V_03.mp3"},{"Title":"130-V Zázrak života","Url":"https://download-a.akamaihd.net/files/media_music/d3/iasnv2_V_04.mp3"},{"Title":"060-V Boh ťa posilní","Url":"https://download-a.akamaihd.net/files/media_music/d3/iasnv2_V_05.mp3"},{"Title":"107-V Poďme na Jehovov vrch","Url":"https://download-a.akamaihd.net/files/media_music/fe/iasnv2_V_06.mp3"},{"Title":"088-V Deti — dedičstvo od Boha","Url":"https://download-a.akamaihd.net/files/media_music/17/iasnv2_V_07.mp3"},{"Title":"081-V „Daj nám viac viery“","Url":"https://download-a.akamaihd.net/files/media_music/9b/iasnv2_V_08.mp3"},{"Title":"058-V Moja modlitba zasvätenia","Url":"https://download-a.akamaihd.net/files/media_music/31/iasnv2_V_09.mp3"},{"Title":"108-V Chváľte Jehovu za jeho Kráľovstvo","Url":"https://download-a.akamaihd.net/files/media_music/aa/iasnv2_V_10.mp3"},{"Title":"116-V Svetlo svieti stále viac","Url":"https://download-a.akamaihd.net/files/media_music/b8/iasnv2_V_11.mp3"},{"Title":"123-V Pastieri — dary v podobe ľudí","Url":"https://download-a.akamaihd.net/files/media_music/54/iasnv2_V_12.mp3"},{"Title":"124-V Prijímajte ich pohostinne","Url":"https://download-a.akamaihd.net/files/media_music/e6/iasnv2_V_13.mp3"},{"Title":"061-V Akým človekom by som mal byť","Url":"https://download-a.akamaihd.net/files/media_music/a4/iasnv2_V_14.mp3"},{"Title":"064-V Urob pravdu svojím vlastníctvom","Url":"https://download-a.akamaihd.net/files/media_music/72/iasnv2_V_15.mp3"},{"Title":"008-V Pánova večera","Url":"https://download-a.akamaihd.net/files/media_music/81/iasnv2_V_16.mp3"},{"Title":"068-V Modlitba strápeného","Url":"https://download-a.akamaihd.net/files/media_music/53/iasnv2_V_17.mp3"},{"Title":"057-V Rozjímanie môjho srdca","Url":"https://download-a.akamaihd.net/files/media_music/4a/iasnv2_V_18.mp3"},{"Title":"085-V Dokonalá odmena od Jehovu","Url":"https://download-a.akamaihd.net/files/media_music/74/iasnv2_V_19.mp3"}]}