{"Title":"Sing to Jehovah—Vocal Renditions, Disc 3","Tracks":[{"Title":"046-K Jehova är vår kung!","Url":"https://download-a.akamaihd.net/files/media_music/68/iasnv3_Z_001.mp3"},{"Title":"103-K \"Från hus till hus\"","Url":"https://download-a.akamaihd.net/files/media_music/da/iasnv3_Z_002.mp3"},{"Title":"077-K Var förlåtande","Url":"https://download-a.akamaihd.net/files/media_music/f5/iasnv3_Z_003.mp3"},{"Title":"062-K Vem tillhör vi","Url":"https://download-a.akamaihd.net/files/media_music/2a/iasnv3_Z_004.mp3"},{"Title":"014-K \"Se! Jag gör allting nytt\"","Url":"https://download-a.akamaihd.net/files/media_music/31/iasnv3_Z_005.mp3"},{"Title":"114-K Guds egen bok – en skatt","Url":"https://download-a.akamaihd.net/files/media_music/9f/iasnv3_Z_006.mp3"},{"Title":"120-K Lyssna till Gud och bli välsignad","Url":"https://download-a.akamaihd.net/files/media_music/96/iasnv3_Z_007.mp3"},{"Title":"096-K Utforska vilka som är värdiga","Url":"https://download-a.akamaihd.net/files/media_music/85/iasnv3_Z_008.mp3"},{"Title":"054-K Vi måste ha tro","Url":"https://download-a.akamaihd.net/files/media_music/1b/iasnv3_Z_009.mp3"},{"Title":"083-K Vi måste ha självbehärskning","Url":"https://download-a.akamaihd.net/files/media_music/08/iasnv3_Z_010.mp3"},{"Title":"126-K Ett verk av kärlek","Url":"https://download-a.akamaihd.net/files/media_music/30/iasnv3_Z_011.mp3"},{"Title":"125-K Vi följer lojalt Guds vägledning","Url":"https://download-a.akamaihd.net/files/media_music/8e/iasnv3_Z_012.mp3"},{"Title":"040-K Fortsätt med att först söka Guds rike","Url":"https://download-a.akamaihd.net/files/media_music/2a/iasnv3_Z_013.mp3"},{"Title":"019-K Guds löfte om ett paradis","Url":"https://download-a.akamaihd.net/files/media_music/b2/iasnv3_Z_014.mp3"},{"Title":"056-K Hör min bön","Url":"https://download-a.akamaihd.net/files/media_music/44/iasnv3_Z_015.mp3"},{"Title":"127-K En plats som ärar ditt namn","Url":"https://download-a.akamaihd.net/files/media_music/d9/iasnv3_Z_016.mp3"},{"Title":"106-K Vänskap med Jehova","Url":"https://download-a.akamaihd.net/files/media_music/3a/iasnv3_Z_017.mp3"},{"Title":"133-K Sök Jehova, räddningens Gud","Url":"https://download-a.akamaihd.net/files/media_music/0b/iasnv3_Z_018.mp3"}]}