{"Title":"Sing to Jehovah—Vocal Renditions, Disc 1","Tracks":[{"Title":"065-(Վ) «Սա՛ է ճանապարհը»","Url":"https://download-a.akamaihd.net/files/media_music/75/iasnv1_REA_01.mp3"},{"Title":"063-(Վ) Միշտ նվիրված","Url":"https://download-a.akamaihd.net/files/media_music/e5/iasnv1_REA_02.mp3"},{"Title":"111-(Վ) Նա կկանչի","Url":"https://download-a.akamaihd.net/files/media_music/67/iasnv1_REA_03.mp3"},{"Title":"110-(Վ) Աստծու զարմանալի գործերը","Url":"https://download-a.akamaihd.net/files/media_music/98/iasnv1_REA_04.mp3"},{"Title":"075-(Վ) Մեր ուրախության պատճառները","Url":"https://download-a.akamaihd.net/files/media_music/05/iasnv1_REA_05.mp3"},{"Title":"087-(Վ) Հիմա մեկ մարմին ենք","Url":"https://download-a.akamaihd.net/files/media_music/28/iasnv1_REA_06.mp3"},{"Title":"036-(Վ) «Ինչ որ Աստված միավորեց մեկ լծի տակ»","Url":"https://download-a.akamaihd.net/files/media_music/27/iasnv1_REA_07.mp3"},{"Title":"045-(Վ) Մի՛շտ առաջ","Url":"https://download-a.akamaihd.net/files/media_music/d0/iasnv1_REA_08.mp3"},{"Title":"098-(Վ) Ցանեք Թագավորության սերմերը","Url":"https://download-a.akamaihd.net/files/media_music/a9/iasnv1_REA_09.mp3"},{"Title":"084-(Վ) «Ուզում եմ»","Url":"https://download-a.akamaihd.net/files/media_music/f8/iasnv1_REA_10.mp3"},{"Title":"092-(Վ) «Խոսքը քարոզի՛ր»","Url":"https://download-a.akamaihd.net/files/media_music/77/iasnv1_REA_11.mp3"},{"Title":"109-(Վ) Ողջունենք Եհովայի Առաջնեկին","Url":"https://download-a.akamaihd.net/files/media_music/0d/iasnv1_REA_12.mp3"},{"Title":"089-(Վ) Եհովայի կոչը. «Որդի՛ս, իմաստուն եղիր»","Url":"https://download-a.akamaihd.net/files/media_music/a1/iasnv1_REA_13.mp3"},{"Title":"101-(Վ) Պատմենք Թագավորության մասին","Url":"https://download-a.akamaihd.net/files/media_music/ad/iasnv1_REA_14.mp3"},{"Title":"091-(Վ) Իմ Հայր, իմ Աստված և իմ Ընկեր","Url":"https://download-a.akamaihd.net/files/media_music/4d/iasnv1_REA_15.mp3"},{"Title":"090-(Վ) Ալևորության գեղեցկությունը","Url":"https://download-a.akamaihd.net/files/media_music/59/iasnv1_REA_16.mp3"},{"Title":"134-(Վ) Տե՛ս քեզ նոր աշխարհում","Url":"https://download-a.akamaihd.net/files/media_music/ab/iasnv1_REA_17.mp3"}]}