{"Title":"Sing to Jehovah—Vocal Renditions, Disc 6","Tracks":[{"Title":"030-G Si Jehova Nagmando Na","Url":"https://download-a.akamaihd.net/files/media_music/14/iasnv6_CV_01.mp3"},{"Title":"121-G Magdinasigay sa Usag Usa","Url":"https://download-a.akamaihd.net/files/media_music/b5/iasnv6_CV_02.mp3"},{"Title":"033-G Ayaw Kahadlok Kanila!","Url":"https://download-a.akamaihd.net/files/media_music/8c/iasnv6_CV_03.mp3"},{"Title":"025-G Pamatuod sa Pagkadisipulo","Url":"https://download-a.akamaihd.net/files/media_music/10/iasnv6_CV_04.mp3"},{"Title":"042-G ‘Tabangi ang mga Maluyahon’","Url":"https://download-a.akamaihd.net/files/media_music/fc/iasnv6_CV_05.mp3"},{"Title":"032-G Magmalig-on, Dili Matarog!","Url":"https://download-a.akamaihd.net/files/media_music/8d/iasnv6_CV_06.mp3"},{"Title":"071-G Gasa sa Diyos nga Balaang Espiritu","Url":"https://download-a.akamaihd.net/files/media_music/81/iasnv6_CV_07.mp3"},{"Title":"093-G “Palamdaga ang Inyong Kahayag”","Url":"https://download-a.akamaihd.net/files/media_music/5b/iasnv6_CV_08.mp3"},{"Title":"105-G Kalangitan Nagapahayag sa Himaya sa Diyos","Url":"https://download-a.akamaihd.net/files/media_music/23/iasnv6_CV_09.mp3"},{"Title":"072-G Pag-ugmad sa Hiyas nga Gugma","Url":"https://download-a.akamaihd.net/files/media_music/8c/iasnv6_CV_10.mp3"},{"Title":"026-G Maglakaw Uban sa Diyos!","Url":"https://download-a.akamaihd.net/files/media_music/63/iasnv6_CV_11.mp3"},{"Title":"129-G Hugot nga Nagtuo sa Atong Paglaom","Url":"https://download-a.akamaihd.net/files/media_music/d3/iasnv6_CV_12.mp3"},{"Title":"038-G Itugyan Kang Jehova ang Imong Problema","Url":"https://download-a.akamaihd.net/files/media_music/92/iasnv6_CV_13.mp3"},{"Title":"135-G Lahutay Hangtod sa Kataposan","Url":"https://download-a.akamaihd.net/files/media_music/e1/iasnv6_CV_14.mp3"},{"Title":"044-G Malipayong Nagpakigbahin sa Pagpangani","Url":"https://download-a.akamaihd.net/files/media_music/be/iasnv6_CV_15.mp3"},{"Title":"080-G Ang Hiyas nga Pagkamaayo","Url":"https://download-a.akamaihd.net/files/media_music/5b/iasnv6_CV_16.mp3"},{"Title":"037-G Ang Kasulatan—Inspirado sa Diyos","Url":"https://download-a.akamaihd.net/files/media_music/3a/iasnv6_CV_17.mp3"},{"Title":"049-G Si Jehova ang Atong Dangpanan","Url":"https://download-a.akamaihd.net/files/media_music/d7/iasnv6_CV_18.mp3"},{"Title":"020-G Panalangini ang Among Panagkatigom","Url":"https://download-a.akamaihd.net/files/media_music/7f/iasnv6_CV_19.mp3"},{"Title":"034-G Nagabarog sa Among Ngalan","Url":"https://download-a.akamaihd.net/files/media_music/bb/iasnv6_CV_20.mp3"},{"Title":"001-G Mga Hiyas ni Jehova","Url":"https://download-a.akamaihd.net/files/media_music/57/iasnv6_CV_21.mp3"}]}