{"Title":"Sing to Jehovah—Vocal Renditions, Disc 2","Tracks":[{"Title":"074-K Jehovas glädje är vårt fäste","Url":"https://download-a.akamaihd.net/files/media_music/9e/iasnv2_Z_001.mp3"},{"Title":"095-K \"Smaka och se att Jehova är god\"","Url":"https://download-a.akamaihd.net/files/media_music/42/iasnv2_Z_002.mp3"},{"Title":"069-K Gör dina vägar kända för mig","Url":"https://download-a.akamaihd.net/files/media_music/f6/iasnv2_Z_003.mp3"},{"Title":"130-K Livets underverk","Url":"https://download-a.akamaihd.net/files/media_music/63/iasnv2_Z_004.mp3"},{"Title":"060-K Han som gör dig stark","Url":"https://download-a.akamaihd.net/files/media_music/87/iasnv2_Z_005.mp3"},{"Title":"107-K Kom till Jehovas berg!","Url":"https://download-a.akamaihd.net/files/media_music/16/iasnv2_Z_006.mp3"},{"Title":"088-K Barn - en gåva från Gud","Url":"https://download-a.akamaihd.net/files/media_music/14/iasnv2_Z_007.mp3"},{"Title":"081-K \"Ge oss mera tro\"","Url":"https://download-a.akamaihd.net/files/media_music/05/iasnv2_Z_008.mp3"},{"Title":"058-K Mitt överlämnande åt Gud i bön","Url":"https://download-a.akamaihd.net/files/media_music/c0/iasnv2_Z_009.mp3"},{"Title":"108-K Prisa Jehova för hans Smorde","Url":"https://download-a.akamaihd.net/files/media_music/c9/iasnv2_Z_010.mp3"},{"Title":"116-K Ljuset växer i klarhet","Url":"https://download-a.akamaihd.net/files/media_music/27/iasnv2_Z_011.mp3"},{"Title":"123-K Herdar - gåvor i form av människor","Url":"https://download-a.akamaihd.net/files/media_music/e7/iasnv2_Z_012.mp3"},{"Title":"124-K Följ gästfrihetens väg","Url":"https://download-a.akamaihd.net/files/media_music/f7/iasnv2_Z_013.mp3"},{"Title":"061-K Min önskan att behaga Jehova","Url":"https://download-a.akamaihd.net/files/media_music/52/iasnv2_Z_014.mp3"},{"Title":"064-K Lev i sanningen","Url":"https://download-a.akamaihd.net/files/media_music/c3/iasnv2_Z_015.mp3"},{"Title":"008-K Herrens kvällsmåltid","Url":"https://download-a.akamaihd.net/files/media_music/fe/iasnv2_Z_016.mp3"},{"Title":"068-K Den förtvivlades bön","Url":"https://download-a.akamaihd.net/files/media_music/24/iasnv2_Z_017.mp3"},{"Title":"057-K Det mitt hjärta mediterar över","Url":"https://download-a.akamaihd.net/files/media_music/49/iasnv2_Z_018.mp3"},{"Title":"085-K Jehovas rika belöning","Url":"https://download-a.akamaihd.net/files/media_music/5d/iasnv2_Z_019.mp3"}]}