{"Title":"Sing to Jehovah—Vocal Renditions, Disc 5","Tracks":[{"Title":"118-V Prigrlimo jedni druge","Url":"https://download-a.akamaihd.net/files/media_music/68/iasnv5_C_01.mp3"},{"Title":"013-V Zahvalna molitva","Url":"https://download-a.akamaihd.net/files/media_music/ec/iasnv5_C_03.mp3"},{"Title":"043-V Bdijmo, stojmo čvrsti i jaki!","Url":"https://download-a.akamaihd.net/files/media_music/fc/iasnv5_C_04.mp3"},{"Title":"010-V “Evo me, mene pošalji!”","Url":"https://download-a.akamaihd.net/files/media_music/3f/iasnv5_C_07.mp3"},{"Title":"053-V Budimo složni, jedinstveni","Url":"https://download-a.akamaihd.net/files/media_music/3a/iasnv5_C_11.mp3"},{"Title":"035-V Zahvalni smo za Božju strpljivost","Url":"https://download-a.akamaihd.net/files/media_music/5e/iasnv5_C_14.mp3"},{"Title":"009-V Hvalimo Jehovu, našeg Boga!","Url":"https://download-a.akamaihd.net/files/media_music/f3/iasnv5_C_15.mp3"},{"Title":"067-V Molimo se Jehovi svaki dan!","Url":"https://download-a.akamaihd.net/files/media_music/f9/iasnv5_C_19.mp3"},{"Title":"051-V Držimo se Jehove","Url":"https://download-a.akamaihd.net/files/media_music/23/iasnv5_C_20.mp3"},{"Title":"002-V Hvala ti, Jehova!","Url":"https://download-a.akamaihd.net/files/media_music/ec/iasnv5_C_21.mp3"}]}