[{"BookNumber":15,"Name":"Ezra","TotalChapters":10,"Chapters":[{"Chapter":"Chapter 1","Url":"https://download-a.akamaihd.net/files/media_bible/bd/bi12_15_Ezr_SN_01.mp3"},{"Chapter":"Chapter 2","Url":"https://download-a.akamaihd.net/files/media_bible/ab/bi12_15_Ezr_SN_02.mp3"},{"Chapter":"Chapter 3","Url":"https://download-a.akamaihd.net/files/media_bible/96/bi12_15_Ezr_SN_03.mp3"},{"Chapter":"Chapter 4","Url":"https://download-a.akamaihd.net/files/media_bible/01/bi12_15_Ezr_SN_04.mp3"},{"Chapter":"Chapter 5","Url":"https://download-a.akamaihd.net/files/media_bible/02/bi12_15_Ezr_SN_05.mp3"},{"Chapter":"Chapter 6","Url":"https://download-a.akamaihd.net/files/media_bible/3c/bi12_15_Ezr_SN_06.mp3"},{"Chapter":"Chapter 7","Url":"https://download-a.akamaihd.net/files/media_bible/f5/bi12_15_Ezr_SN_07.mp3"},{"Chapter":"Chapter 8","Url":"https://download-a.akamaihd.net/files/media_bible/42/bi12_15_Ezr_SN_08.mp3"},{"Chapter":"Chapter 9","Url":"https://download-a.akamaihd.net/files/media_bible/d7/bi12_15_Ezr_SN_09.mp3"},{"Chapter":"Chapter 10","Url":"https://download-a.akamaihd.net/files/media_bible/ab/bi12_15_Ezr_SN_10.mp3"}]},{"BookNumber":16,"Name":"Nehemiah","TotalChapters":13,"Chapters":[{"Chapter":"Chapter 1","Url":"https://download-a.akamaihd.net/files/media_bible/4d/bi12_16_Neh_SN_01.mp3"},{"Chapter":"Chapter 2","Url":"https://download-a.akamaihd.net/files/media_bible/13/bi12_16_Neh_SN_02.mp3"},{"Chapter":"Chapter 3","Url":"https://download-a.akamaihd.net/files/media_bible/aa/bi12_16_Neh_SN_03.mp3"},{"Chapter":"Chapter 4","Url":"https://download-a.akamaihd.net/files/media_bible/05/bi12_16_Neh_SN_04.mp3"},{"Chapter":"Chapter 5","Url":"https://download-a.akamaihd.net/files/media_bible/31/bi12_16_Neh_SN_05.mp3"},{"Chapter":"Chapter 6","Url":"https://download-a.akamaihd.net/files/media_bible/99/bi12_16_Neh_SN_06.mp3"},{"Chapter":"Chapter 7","Url":"https://download-a.akamaihd.net/files/media_bible/fc/bi12_16_Neh_SN_07.mp3"},{"Chapter":"Chapter 8","Url":"https://download-a.akamaihd.net/files/media_bible/8d/bi12_16_Neh_SN_08.mp3"},{"Chapter":"Chapter 9","Url":"https://download-a.akamaihd.net/files/media_bible/de/bi12_16_Neh_SN_09.mp3"},{"Chapter":"Chapter 10","Url":"https://download-a.akamaihd.net/files/media_bible/10/bi12_16_Neh_SN_10.mp3"},{"Chapter":"Chapter 11","Url":"https://download-a.akamaihd.net/files/media_bible/87/bi12_16_Neh_SN_11.mp3"},{"Chapter":"Chapter 12","Url":"https://download-a.akamaihd.net/files/media_bible/39/bi12_16_Neh_SN_12.mp3"},{"Chapter":"Chapter 13","Url":"https://download-a.akamaihd.net/files/media_bible/eb/bi12_16_Neh_SN_13.mp3"}]},{"BookNumber":17,"Name":"Esther","TotalChapters":10,"Chapters":[{"Chapter":"Chapter 1","Url":"https://download-a.akamaihd.net/files/media_bible/10/bi12_17_Es_SN_01.mp3"},{"Chapter":"Chapter 2","Url":"https://download-a.akamaihd.net/files/media_bible/95/bi12_17_Es_SN_02.mp3"},{"Chapter":"Chapter 3","Url":"https://download-a.akamaihd.net/files/media_bible/00/bi12_17_Es_SN_03.mp3"},{"Chapter":"Chapter 4","Url":"https://download-a.akamaihd.net/files/media_bible/f9/bi12_17_Es_SN_04.mp3"},{"Chapter":"Chapter 5","Url":"https://download-a.akamaihd.net/files/media_bible/64/bi12_17_Es_SN_05.mp3"},{"Chapter":"Chapter 6","Url":"https://download-a.akamaihd.net/files/media_bible/55/bi12_17_Es_SN_06.mp3"},{"Chapter":"Chapter 7","Url":"https://download-a.akamaihd.net/files/media_bible/02/bi12_17_Es_SN_07.mp3"},{"Chapter":"Chapter 8","Url":"https://download-a.akamaihd.net/files/media_bible/ab/bi12_17_Es_SN_08.mp3"},{"Chapter":"Chapter 9","Url":"https://download-a.akamaihd.net/files/media_bible/01/bi12_17_Es_SN_09.mp3"},{"Chapter":"Chapter 10","Url":"https://download-a.akamaihd.net/files/media_bible/26/bi12_17_Es_SN_10.mp3"}]},{"BookNumber":18,"Name":"Job","TotalChapters":42,"Chapters":[{"Chapter":"Chapter 1","Url":"https://download-a.akamaihd.net/files/media_bible/c6/bi12_18_Job_SN_01.mp3"},{"Chapter":"Chapter 2","Url":"https://download-a.akamaihd.net/files/media_bible/36/bi12_18_Job_SN_02.mp3"},{"Chapter":"Chapter 3","Url":"https://download-a.akamaihd.net/files/media_bible/4a/bi12_18_Job_SN_03.mp3"},{"Chapter":"Chapter 4","Url":"https://download-a.akamaihd.net/files/media_bible/00/bi12_18_Job_SN_04.mp3"},{"Chapter":"Chapter 5","Url":"https://download-a.akamaihd.net/files/media_bible/db/bi12_18_Job_SN_05.mp3"},{"Chapter":"Chapter 6","Url":"https://download-a.akamaihd.net/files/media_bible/99/bi12_18_Job_SN_06.mp3"},{"Chapter":"Chapter 7","Url":"https://download-a.akamaihd.net/files/media_bible/d7/bi12_18_Job_SN_07.mp3"},{"Chapter":"Chapter 8","Url":"https://download-a.akamaihd.net/files/media_bible/5c/bi12_18_Job_SN_08.mp3"},{"Chapter":"Chapter 9","Url":"https://download-a.akamaihd.net/files/media_bible/30/bi12_18_Job_SN_09.mp3"},{"Chapter":"Chapter 10","Url":"https://download-a.akamaihd.net/files/media_bible/44/bi12_18_Job_SN_10.mp3"},{"Chapter":"Chapter 11","Url":"https://download-a.akamaihd.net/files/media_bible/1e/bi12_18_Job_SN_11.mp3"},{"Chapter":"Chapter 12","Url":"https://download-a.akamaihd.net/files/media_bible/4a/bi12_18_Job_SN_12.mp3"},{"Chapter":"Chapter 13","Url":"https://download-a.akamaihd.net/files/media_bible/7b/bi12_18_Job_SN_13.mp3"},{"Chapter":"Chapter 14","Url":"https://download-a.akamaihd.net/files/media_bible/62/bi12_18_Job_SN_14.mp3"},{"Chapter":"Chapter 15","Url":"https://download-a.akamaihd.net/files/media_bible/23/bi12_18_Job_SN_15.mp3"},{"Chapter":"Chapter 16","Url":"https://download-a.akamaihd.net/files/media_bible/7f/bi12_18_Job_SN_16.mp3"},{"Chapter":"Chapter 17","Url":"https://download-a.akamaihd.net/files/media_bible/cd/bi12_18_Job_SN_17.mp3"},{"Chapter":"Chapter 18","Url":"https://download-a.akamaihd.net/files/media_bible/f5/bi12_18_Job_SN_18.mp3"},{"Chapter":"Chapter 19","Url":"https://download-a.akamaihd.net/files/media_bible/0c/bi12_18_Job_SN_19.mp3"},{"Chapter":"Chapter 20","Url":"https://download-a.akamaihd.net/files/media_bible/01/bi12_18_Job_SN_20.mp3"},{"Chapter":"Chapter 21","Url":"https://download-a.akamaihd.net/files/media_bible/5b/bi12_18_Job_SN_21.mp3"},{"Chapter":"Chapter 22","Url":"https://download-a.akamaihd.net/files/media_bible/a8/bi12_18_Job_SN_22.mp3"},{"Chapter":"Chapter 23","Url":"https://download-a.akamaihd.net/files/media_bible/48/bi12_18_Job_SN_23.mp3"},{"Chapter":"Chapter 24","Url":"https://download-a.akamaihd.net/files/media_bible/c8/bi12_18_Job_SN_24.mp3"},{"Chapter":"Chapter 25","Url":"https://download-a.akamaihd.net/files/media_bible/4b/bi12_18_Job_SN_25.mp3"},{"Chapter":"Chapter 26","Url":"https://download-a.akamaihd.net/files/media_bible/d0/bi12_18_Job_SN_26.mp3"},{"Chapter":"Chapter 27","Url":"https://download-a.akamaihd.net/files/media_bible/4e/bi12_18_Job_SN_27.mp3"},{"Chapter":"Chapter 28","Url":"https://download-a.akamaihd.net/files/media_bible/07/bi12_18_Job_SN_28.mp3"},{"Chapter":"Chapter 29","Url":"https://download-a.akamaihd.net/files/media_bible/50/bi12_18_Job_SN_29.mp3"},{"Chapter":"Chapter 30","Url":"https://download-a.akamaihd.net/files/media_bible/67/bi12_18_Job_SN_30.mp3"},{"Chapter":"Chapter 31","Url":"https://download-a.akamaihd.net/files/media_bible/fc/bi12_18_Job_SN_31.mp3"},{"Chapter":"Chapter 32","Url":"https://download-a.akamaihd.net/files/media_bible/8b/bi12_18_Job_SN_32.mp3"},{"Chapter":"Chapter 33","Url":"https://download-a.akamaihd.net/files/media_bible/17/bi12_18_Job_SN_33.mp3"},{"Chapter":"Chapter 34","Url":"https://download-a.akamaihd.net/files/media_bible/a7/bi12_18_Job_SN_34.mp3"},{"Chapter":"Chapter 35","Url":"https://download-a.akamaihd.net/files/media_bible/a9/bi12_18_Job_SN_35.mp3"},{"Chapter":"Chapter 36","Url":"https://download-a.akamaihd.net/files/media_bible/94/bi12_18_Job_SN_36.mp3"},{"Chapter":"Chapter 37","Url":"https://download-a.akamaihd.net/files/media_bible/ae/bi12_18_Job_SN_37.mp3"},{"Chapter":"Chapter 38","Url":"https://download-a.akamaihd.net/files/media_bible/7b/bi12_18_Job_SN_38.mp3"},{"Chapter":"Chapter 39","Url":"https://download-a.akamaihd.net/files/media_bible/db/bi12_18_Job_SN_39.mp3"},{"Chapter":"Chapter 40","Url":"https://download-a.akamaihd.net/files/media_bible/12/bi12_18_Job_SN_40.mp3"},{"Chapter":"Chapter 41","Url":"https://download-a.akamaihd.net/files/media_bible/ec/bi12_18_Job_SN_41.mp3"},{"Chapter":"Chapter 42","Url":"https://download-a.akamaihd.net/files/media_bible/3d/bi12_18_Job_SN_42.mp3"}]},{"BookNumber":20,"Name":"Proverbs","TotalChapters":31,"Chapters":[{"Chapter":"Chapter 1","Url":"https://download-a.akamaihd.net/files/media_bible/d5/bi12_20_Pr_SN_01.mp3"},{"Chapter":"Chapter 2","Url":"https://download-a.akamaihd.net/files/media_bible/80/bi12_20_Pr_SN_02.mp3"},{"Chapter":"Chapter 3","Url":"https://download-a.akamaihd.net/files/media_bible/07/bi12_20_Pr_SN_03.mp3"},{"Chapter":"Chapter 4","Url":"https://download-a.akamaihd.net/files/media_bible/9c/bi12_20_Pr_SN_04.mp3"},{"Chapter":"Chapter 5","Url":"https://download-a.akamaihd.net/files/media_bible/6e/bi12_20_Pr_SN_05.mp3"},{"Chapter":"Chapter 6","Url":"https://download-a.akamaihd.net/files/media_bible/1a/bi12_20_Pr_SN_06.mp3"},{"Chapter":"Chapter 7","Url":"https://download-a.akamaihd.net/files/media_bible/da/bi12_20_Pr_SN_07.mp3"},{"Chapter":"Chapter 8","Url":"https://download-a.akamaihd.net/files/media_bible/80/bi12_20_Pr_SN_08.mp3"},{"Chapter":"Chapter 9","Url":"https://download-a.akamaihd.net/files/media_bible/6d/bi12_20_Pr_SN_09.mp3"},{"Chapter":"Chapter 10","Url":"https://download-a.akamaihd.net/files/media_bible/c0/bi12_20_Pr_SN_10.mp3"},{"Chapter":"Chapter 11","Url":"https://download-a.akamaihd.net/files/media_bible/a2/bi12_20_Pr_SN_11.mp3"},{"Chapter":"Chapter 12","Url":"https://download-a.akamaihd.net/files/media_bible/90/bi12_20_Pr_SN_12.mp3"},{"Chapter":"Chapter 13","Url":"https://download-a.akamaihd.net/files/media_bible/b9/bi12_20_Pr_SN_13.mp3"},{"Chapter":"Chapter 14","Url":"https://download-a.akamaihd.net/files/media_bible/29/bi12_20_Pr_SN_14.mp3"},{"Chapter":"Chapter 15","Url":"https://download-a.akamaihd.net/files/media_bible/bc/bi12_20_Pr_SN_15.mp3"},{"Chapter":"Chapter 16","Url":"https://download-a.akamaihd.net/files/media_bible/e2/bi12_20_Pr_SN_16.mp3"},{"Chapter":"Chapter 17","Url":"https://download-a.akamaihd.net/files/media_bible/5f/bi12_20_Pr_SN_17.mp3"},{"Chapter":"Chapter 18","Url":"https://download-a.akamaihd.net/files/media_bible/62/bi12_20_Pr_SN_18.mp3"},{"Chapter":"Chapter 19","Url":"https://download-a.akamaihd.net/files/media_bible/8d/bi12_20_Pr_SN_19.mp3"},{"Chapter":"Chapter 20","Url":"https://download-a.akamaihd.net/files/media_bible/96/bi12_20_Pr_SN_20.mp3"},{"Chapter":"Chapter 21","Url":"https://download-a.akamaihd.net/files/media_bible/dd/bi12_20_Pr_SN_21.mp3"},{"Chapter":"Chapter 22","Url":"https://download-a.akamaihd.net/files/media_bible/64/bi12_20_Pr_SN_22.mp3"},{"Chapter":"Chapter 23","Url":"https://download-a.akamaihd.net/files/media_bible/6d/bi12_20_Pr_SN_23.mp3"},{"Chapter":"Chapter 24","Url":"https://download-a.akamaihd.net/files/media_bible/f4/bi12_20_Pr_SN_24.mp3"},{"Chapter":"Chapter 25","Url":"https://download-a.akamaihd.net/files/media_bible/fb/bi12_20_Pr_SN_25.mp3"},{"Chapter":"Chapter 26","Url":"https://download-a.akamaihd.net/files/media_bible/5e/bi12_20_Pr_SN_26.mp3"},{"Chapter":"Chapter 27","Url":"https://download-a.akamaihd.net/files/media_bible/7e/bi12_20_Pr_SN_27.mp3"},{"Chapter":"Chapter 28","Url":"https://download-a.akamaihd.net/files/media_bible/3d/bi12_20_Pr_SN_28.mp3"},{"Chapter":"Chapter 29","Url":"https://download-a.akamaihd.net/files/media_bible/ba/bi12_20_Pr_SN_29.mp3"},{"Chapter":"Chapter 30","Url":"https://download-a.akamaihd.net/files/media_bible/0a/bi12_20_Pr_SN_30.mp3"},{"Chapter":"Chapter 31","Url":"https://download-a.akamaihd.net/files/media_bible/15/bi12_20_Pr_SN_31.mp3"}]},{"BookNumber":21,"Name":"Ecclesiastes","TotalChapters":12,"Chapters":[{"Chapter":"Chapter 1","Url":"https://download-a.akamaihd.net/files/media_bible/d0/bi12_21_Ec_SN_01.mp3"},{"Chapter":"Chapter 2","Url":"https://download-a.akamaihd.net/files/media_bible/9b/bi12_21_Ec_SN_02.mp3"},{"Chapter":"Chapter 3","Url":"https://download-a.akamaihd.net/files/media_bible/75/bi12_21_Ec_SN_03.mp3"},{"Chapter":"Chapter 4","Url":"https://download-a.akamaihd.net/files/media_bible/db/bi12_21_Ec_SN_04.mp3"},{"Chapter":"Chapter 5","Url":"https://download-a.akamaihd.net/files/media_bible/03/bi12_21_Ec_SN_05.mp3"},{"Chapter":"Chapter 6","Url":"https://download-a.akamaihd.net/files/media_bible/d5/bi12_21_Ec_SN_06.mp3"},{"Chapter":"Chapter 7","Url":"https://download-a.akamaihd.net/files/media_bible/62/bi12_21_Ec_SN_07.mp3"},{"Chapter":"Chapter 8","Url":"https://download-a.akamaihd.net/files/media_bible/d6/bi12_21_Ec_SN_08.mp3"},{"Chapter":"Chapter 9","Url":"https://download-a.akamaihd.net/files/media_bible/74/bi12_21_Ec_SN_09.mp3"},{"Chapter":"Chapter 10","Url":"https://download-a.akamaihd.net/files/media_bible/bd/bi12_21_Ec_SN_10.mp3"},{"Chapter":"Chapter 11","Url":"https://download-a.akamaihd.net/files/media_bible/41/bi12_21_Ec_SN_11.mp3"},{"Chapter":"Chapter 12","Url":"https://download-a.akamaihd.net/files/media_bible/e9/bi12_21_Ec_SN_12.mp3"}]},{"BookNumber":22,"Name":"Song of Solomon (Canticles)","TotalChapters":8,"Chapters":[{"Chapter":"Chapter 1","Url":"https://download-a.akamaihd.net/files/media_bible/15/bi12_22_Ca_SN_01.mp3"},{"Chapter":"Chapter 2","Url":"https://download-a.akamaihd.net/files/media_bible/d6/bi12_22_Ca_SN_02.mp3"},{"Chapter":"Chapter 3","Url":"https://download-a.akamaihd.net/files/media_bible/d8/bi12_22_Ca_SN_03.mp3"},{"Chapter":"Chapter 4","Url":"https://download-a.akamaihd.net/files/media_bible/b9/bi12_22_Ca_SN_04.mp3"},{"Chapter":"Chapter 5","Url":"https://download-a.akamaihd.net/files/media_bible/80/bi12_22_Ca_SN_05.mp3"},{"Chapter":"Chapter 6","Url":"https://download-a.akamaihd.net/files/media_bible/23/bi12_22_Ca_SN_06.mp3"},{"Chapter":"Chapter 7","Url":"https://download-a.akamaihd.net/files/media_bible/ea/bi12_22_Ca_SN_07.mp3"},{"Chapter":"Chapter 8","Url":"https://download-a.akamaihd.net/files/media_bible/b0/bi12_22_Ca_SN_08.mp3"}]},{"BookNumber":23,"Name":"Isaiah","TotalChapters":66,"Chapters":[{"Chapter":"Chapter 1","Url":"https://download-a.akamaihd.net/files/media_bible/0a/bi12_23_Isa_SN_01.mp3"},{"Chapter":"Chapter 2","Url":"https://download-a.akamaihd.net/files/media_bible/a9/bi12_23_Isa_SN_02.mp3"},{"Chapter":"Chapter 3","Url":"https://download-a.akamaihd.net/files/media_bible/8d/bi12_23_Isa_SN_03.mp3"},{"Chapter":"Chapter 4","Url":"https://download-a.akamaihd.net/files/media_bible/3f/bi12_23_Isa_SN_04.mp3"},{"Chapter":"Chapter 5","Url":"https://download-a.akamaihd.net/files/media_bible/4f/bi12_23_Isa_SN_05.mp3"},{"Chapter":"Chapter 6","Url":"https://download-a.akamaihd.net/files/media_bible/db/bi12_23_Isa_SN_06.mp3"},{"Chapter":"Chapter 7","Url":"https://download-a.akamaihd.net/files/media_bible/d3/bi12_23_Isa_SN_07.mp3"},{"Chapter":"Chapter 8","Url":"https://download-a.akamaihd.net/files/media_bible/fe/bi12_23_Isa_SN_08.mp3"},{"Chapter":"Chapter 9","Url":"https://download-a.akamaihd.net/files/media_bible/bc/bi12_23_Isa_SN_09.mp3"},{"Chapter":"Chapter 10","Url":"https://download-a.akamaihd.net/files/media_bible/1d/bi12_23_Isa_SN_10.mp3"},{"Chapter":"Chapter 11","Url":"https://download-a.akamaihd.net/files/media_bible/65/bi12_23_Isa_SN_11.mp3"},{"Chapter":"Chapter 12","Url":"https://download-a.akamaihd.net/files/media_bible/1d/bi12_23_Isa_SN_12.mp3"},{"Chapter":"Chapter 13","Url":"https://download-a.akamaihd.net/files/media_bible/0d/bi12_23_Isa_SN_13.mp3"},{"Chapter":"Chapter 14","Url":"https://download-a.akamaihd.net/files/media_bible/70/bi12_23_Isa_SN_14.mp3"},{"Chapter":"Chapter 15","Url":"https://download-a.akamaihd.net/files/media_bible/83/bi12_23_Isa_SN_15.mp3"},{"Chapter":"Chapter 16","Url":"https://download-a.akamaihd.net/files/media_bible/b2/bi12_23_Isa_SN_16.mp3"},{"Chapter":"Chapter 17","Url":"https://download-a.akamaihd.net/files/media_bible/cf/bi12_23_Isa_SN_17.mp3"},{"Chapter":"Chapter 18","Url":"https://download-a.akamaihd.net/files/media_bible/57/bi12_23_Isa_SN_18.mp3"},{"Chapter":"Chapter 19","Url":"https://download-a.akamaihd.net/files/media_bible/d3/bi12_23_Isa_SN_19.mp3"},{"Chapter":"Chapter 20","Url":"https://download-a.akamaihd.net/files/media_bible/e2/bi12_23_Isa_SN_20.mp3"},{"Chapter":"Chapter 21","Url":"https://download-a.akamaihd.net/files/media_bible/40/bi12_23_Isa_SN_21.mp3"},{"Chapter":"Chapter 22","Url":"https://download-a.akamaihd.net/files/media_bible/0f/bi12_23_Isa_SN_22.mp3"},{"Chapter":"Chapter 23","Url":"https://download-a.akamaihd.net/files/media_bible/b6/bi12_23_Isa_SN_23.mp3"},{"Chapter":"Chapter 24","Url":"https://download-a.akamaihd.net/files/media_bible/c5/bi12_23_Isa_SN_24.mp3"},{"Chapter":"Chapter 25","Url":"https://download-a.akamaihd.net/files/media_bible/2a/bi12_23_Isa_SN_25.mp3"},{"Chapter":"Chapter 26","Url":"https://download-a.akamaihd.net/files/media_bible/45/bi12_23_Isa_SN_26.mp3"},{"Chapter":"Chapter 27","Url":"https://download-a.akamaihd.net/files/media_bible/56/bi12_23_Isa_SN_27.mp3"},{"Chapter":"Chapter 28","Url":"https://download-a.akamaihd.net/files/media_bible/5a/bi12_23_Isa_SN_28.mp3"},{"Chapter":"Chapter 29","Url":"https://download-a.akamaihd.net/files/media_bible/19/bi12_23_Isa_SN_29.mp3"},{"Chapter":"Chapter 30","Url":"https://download-a.akamaihd.net/files/media_bible/c8/bi12_23_Isa_SN_30.mp3"},{"Chapter":"Chapter 31","Url":"https://download-a.akamaihd.net/files/media_bible/2a/bi12_23_Isa_SN_31.mp3"},{"Chapter":"Chapter 32","Url":"https://download-a.akamaihd.net/files/media_bible/e4/bi12_23_Isa_SN_32.mp3"},{"Chapter":"Chapter 33","Url":"https://download-a.akamaihd.net/files/media_bible/20/bi12_23_Isa_SN_33.mp3"},{"Chapter":"Chapter 34","Url":"https://download-a.akamaihd.net/files/media_bible/c6/bi12_23_Isa_SN_34.mp3"},{"Chapter":"Chapter 35","Url":"https://download-a.akamaihd.net/files/media_bible/de/bi12_23_Isa_SN_35.mp3"},{"Chapter":"Chapter 36","Url":"https://download-a.akamaihd.net/files/media_bible/d5/bi12_23_Isa_SN_36.mp3"},{"Chapter":"Chapter 37","Url":"https://download-a.akamaihd.net/files/media_bible/3a/bi12_23_Isa_SN_37.mp3"},{"Chapter":"Chapter 38","Url":"https://download-a.akamaihd.net/files/media_bible/ca/bi12_23_Isa_SN_38.mp3"},{"Chapter":"Chapter 39","Url":"https://download-a.akamaihd.net/files/media_bible/73/bi12_23_Isa_SN_39.mp3"},{"Chapter":"Chapter 40","Url":"https://download-a.akamaihd.net/files/media_bible/bf/bi12_23_Isa_SN_40.mp3"},{"Chapter":"Chapter 41","Url":"https://download-a.akamaihd.net/files/media_bible/93/bi12_23_Isa_SN_41.mp3"},{"Chapter":"Chapter 42","Url":"https://download-a.akamaihd.net/files/media_bible/85/bi12_23_Isa_SN_42.mp3"},{"Chapter":"Chapter 43","Url":"https://download-a.akamaihd.net/files/media_bible/09/bi12_23_Isa_SN_43.mp3"},{"Chapter":"Chapter 44","Url":"https://download-a.akamaihd.net/files/media_bible/4d/bi12_23_Isa_SN_44.mp3"},{"Chapter":"Chapter 45","Url":"https://download-a.akamaihd.net/files/media_bible/7a/bi12_23_Isa_SN_45.mp3"},{"Chapter":"Chapter 46","Url":"https://download-a.akamaihd.net/files/media_bible/dd/bi12_23_Isa_SN_46.mp3"},{"Chapter":"Chapter 47","Url":"https://download-a.akamaihd.net/files/media_bible/16/bi12_23_Isa_SN_47.mp3"},{"Chapter":"Chapter 48","Url":"https://download-a.akamaihd.net/files/media_bible/ab/bi12_23_Isa_SN_48.mp3"},{"Chapter":"Chapter 49","Url":"https://download-a.akamaihd.net/files/media_bible/8a/bi12_23_Isa_SN_49.mp3"},{"Chapter":"Chapter 50","Url":"https://download-a.akamaihd.net/files/media_bible/47/bi12_23_Isa_SN_50.mp3"},{"Chapter":"Chapter 51","Url":"https://download-a.akamaihd.net/files/media_bible/05/bi12_23_Isa_SN_51.mp3"},{"Chapter":"Chapter 52","Url":"https://download-a.akamaihd.net/files/media_bible/88/bi12_23_Isa_SN_52.mp3"},{"Chapter":"Chapter 53","Url":"https://download-a.akamaihd.net/files/media_bible/99/bi12_23_Isa_SN_53.mp3"},{"Chapter":"Chapter 54","Url":"https://download-a.akamaihd.net/files/media_bible/59/bi12_23_Isa_SN_54.mp3"},{"Chapter":"Chapter 55","Url":"https://download-a.akamaihd.net/files/media_bible/5a/bi12_23_Isa_SN_55.mp3"},{"Chapter":"Chapter 56","Url":"https://download-a.akamaihd.net/files/media_bible/4f/bi12_23_Isa_SN_56.mp3"},{"Chapter":"Chapter 57","Url":"https://download-a.akamaihd.net/files/media_bible/21/bi12_23_Isa_SN_57.mp3"},{"Chapter":"Chapter 58","Url":"https://download-a.akamaihd.net/files/media_bible/3f/bi12_23_Isa_SN_58.mp3"},{"Chapter":"Chapter 59","Url":"https://download-a.akamaihd.net/files/media_bible/7f/bi12_23_Isa_SN_59.mp3"},{"Chapter":"Chapter 60","Url":"https://download-a.akamaihd.net/files/media_bible/68/bi12_23_Isa_SN_60.mp3"},{"Chapter":"Chapter 61","Url":"https://download-a.akamaihd.net/files/media_bible/19/bi12_23_Isa_SN_61.mp3"},{"Chapter":"Chapter 62","Url":"https://download-a.akamaihd.net/files/media_bible/5b/bi12_23_Isa_SN_62.mp3"},{"Chapter":"Chapter 63","Url":"https://download-a.akamaihd.net/files/media_bible/05/bi12_23_Isa_SN_63.mp3"},{"Chapter":"Chapter 64","Url":"https://download-a.akamaihd.net/files/media_bible/e6/bi12_23_Isa_SN_64.mp3"},{"Chapter":"Chapter 65","Url":"https://download-a.akamaihd.net/files/media_bible/79/bi12_23_Isa_SN_65.mp3"},{"Chapter":"Chapter 66","Url":"https://download-a.akamaihd.net/files/media_bible/d7/bi12_23_Isa_SN_66.mp3"}]},{"BookNumber":24,"Name":"Jeremiah","TotalChapters":52,"Chapters":[{"Chapter":"Chapter 1","Url":"https://download-a.akamaihd.net/files/media_bible/45/bi12_24_Jer_SN_01.mp3"},{"Chapter":"Chapter 2","Url":"https://download-a.akamaihd.net/files/media_bible/b1/bi12_24_Jer_SN_02.mp3"},{"Chapter":"Chapter 3","Url":"https://download-a.akamaihd.net/files/media_bible/29/bi12_24_Jer_SN_03.mp3"},{"Chapter":"Chapter 4","Url":"https://download-a.akamaihd.net/files/media_bible/17/bi12_24_Jer_SN_04.mp3"},{"Chapter":"Chapter 5","Url":"https://download-a.akamaihd.net/files/media_bible/4d/bi12_24_Jer_SN_05.mp3"},{"Chapter":"Chapter 6","Url":"https://download-a.akamaihd.net/files/media_bible/14/bi12_24_Jer_SN_06.mp3"},{"Chapter":"Chapter 7","Url":"https://download-a.akamaihd.net/files/media_bible/8a/bi12_24_Jer_SN_07.mp3"},{"Chapter":"Chapter 8","Url":"https://download-a.akamaihd.net/files/media_bible/2a/bi12_24_Jer_SN_08.mp3"},{"Chapter":"Chapter 9","Url":"https://download-a.akamaihd.net/files/media_bible/b3/bi12_24_Jer_SN_09.mp3"},{"Chapter":"Chapter 10","Url":"https://download-a.akamaihd.net/files/media_bible/12/bi12_24_Jer_SN_10.mp3"},{"Chapter":"Chapter 11","Url":"https://download-a.akamaihd.net/files/media_bible/6b/bi12_24_Jer_SN_11.mp3"},{"Chapter":"Chapter 12","Url":"https://download-a.akamaihd.net/files/media_bible/86/bi12_24_Jer_SN_12.mp3"},{"Chapter":"Chapter 13","Url":"https://download-a.akamaihd.net/files/media_bible/e9/bi12_24_Jer_SN_13.mp3"},{"Chapter":"Chapter 14","Url":"https://download-a.akamaihd.net/files/media_bible/09/bi12_24_Jer_SN_14.mp3"},{"Chapter":"Chapter 15","Url":"https://download-a.akamaihd.net/files/media_bible/f7/bi12_24_Jer_SN_15.mp3"},{"Chapter":"Chapter 16","Url":"https://download-a.akamaihd.net/files/media_bible/b5/bi12_24_Jer_SN_16.mp3"},{"Chapter":"Chapter 17","Url":"https://download-a.akamaihd.net/files/media_bible/78/bi12_24_Jer_SN_17.mp3"},{"Chapter":"Chapter 18","Url":"https://download-a.akamaihd.net/files/media_bible/b5/bi12_24_Jer_SN_18.mp3"},{"Chapter":"Chapter 19","Url":"https://download-a.akamaihd.net/files/media_bible/10/bi12_24_Jer_SN_19.mp3"},{"Chapter":"Chapter 20","Url":"https://download-a.akamaihd.net/files/media_bible/77/bi12_24_Jer_SN_20.mp3"},{"Chapter":"Chapter 21","Url":"https://download-a.akamaihd.net/files/media_bible/06/bi12_24_Jer_SN_21.mp3"},{"Chapter":"Chapter 22","Url":"https://download-a.akamaihd.net/files/media_bible/2e/bi12_24_Jer_SN_22.mp3"},{"Chapter":"Chapter 23","Url":"https://download-a.akamaihd.net/files/media_bible/22/bi12_24_Jer_SN_23.mp3"},{"Chapter":"Chapter 24","Url":"https://download-a.akamaihd.net/files/media_bible/b3/bi12_24_Jer_SN_24.mp3"},{"Chapter":"Chapter 25","Url":"https://download-a.akamaihd.net/files/media_bible/fd/bi12_24_Jer_SN_25.mp3"},{"Chapter":"Chapter 26","Url":"https://download-a.akamaihd.net/files/media_bible/33/bi12_24_Jer_SN_26.mp3"},{"Chapter":"Chapter 27","Url":"https://download-a.akamaihd.net/files/media_bible/36/bi12_24_Jer_SN_27.mp3"},{"Chapter":"Chapter 28","Url":"https://download-a.akamaihd.net/files/media_bible/51/bi12_24_Jer_SN_28.mp3"},{"Chapter":"Chapter 29","Url":"https://download-a.akamaihd.net/files/media_bible/2f/bi12_24_Jer_SN_29.mp3"},{"Chapter":"Chapter 30","Url":"https://download-a.akamaihd.net/files/media_bible/18/bi12_24_Jer_SN_30.mp3"},{"Chapter":"Chapter 31","Url":"https://download-a.akamaihd.net/files/media_bible/24/bi12_24_Jer_SN_31.mp3"},{"Chapter":"Chapter 32","Url":"https://download-a.akamaihd.net/files/media_bible/1a/bi12_24_Jer_SN_32.mp3"},{"Chapter":"Chapter 33","Url":"https://download-a.akamaihd.net/files/media_bible/78/bi12_24_Jer_SN_33.mp3"},{"Chapter":"Chapter 34","Url":"https://download-a.akamaihd.net/files/media_bible/b4/bi12_24_Jer_SN_34.mp3"},{"Chapter":"Chapter 35","Url":"https://download-a.akamaihd.net/files/media_bible/c3/bi12_24_Jer_SN_35.mp3"},{"Chapter":"Chapter 36","Url":"https://download-a.akamaihd.net/files/media_bible/24/bi12_24_Jer_SN_36.mp3"},{"Chapter":"Chapter 37","Url":"https://download-a.akamaihd.net/files/media_bible/41/bi12_24_Jer_SN_37.mp3"},{"Chapter":"Chapter 38","Url":"https://download-a.akamaihd.net/files/media_bible/e5/bi12_24_Jer_SN_38.mp3"},{"Chapter":"Chapter 39","Url":"https://download-a.akamaihd.net/files/media_bible/52/bi12_24_Jer_SN_39.mp3"},{"Chapter":"Chapter 40","Url":"https://download-a.akamaihd.net/files/media_bible/1a/bi12_24_Jer_SN_40.mp3"},{"Chapter":"Chapter 41","Url":"https://download-a.akamaihd.net/files/media_bible/15/bi12_24_Jer_SN_41.mp3"},{"Chapter":"Chapter 42","Url":"https://download-a.akamaihd.net/files/media_bible/3c/bi12_24_Jer_SN_42.mp3"},{"Chapter":"Chapter 43","Url":"https://download-a.akamaihd.net/files/media_bible/20/bi12_24_Jer_SN_43.mp3"},{"Chapter":"Chapter 44","Url":"https://download-a.akamaihd.net/files/media_bible/ec/bi12_24_Jer_SN_44.mp3"},{"Chapter":"Chapter 45","Url":"https://download-a.akamaihd.net/files/media_bible/72/bi12_24_Jer_SN_45.mp3"},{"Chapter":"Chapter 46","Url":"https://download-a.akamaihd.net/files/media_bible/0c/bi12_24_Jer_SN_46.mp3"},{"Chapter":"Chapter 47","Url":"https://download-a.akamaihd.net/files/media_bible/01/bi12_24_Jer_SN_47.mp3"},{"Chapter":"Chapter 48","Url":"https://download-a.akamaihd.net/files/media_bible/c8/bi12_24_Jer_SN_48.mp3"},{"Chapter":"Chapter 49","Url":"https://download-a.akamaihd.net/files/media_bible/c1/bi12_24_Jer_SN_49.mp3"},{"Chapter":"Chapter 50","Url":"https://download-a.akamaihd.net/files/media_bible/ed/bi12_24_Jer_SN_50.mp3"},{"Chapter":"Chapter 51","Url":"https://download-a.akamaihd.net/files/media_bible/21/bi12_24_Jer_SN_51.mp3"},{"Chapter":"Chapter 52","Url":"https://download-a.akamaihd.net/files/media_bible/d8/bi12_24_Jer_SN_52.mp3"}]},{"BookNumber":25,"Name":"Lamentations","TotalChapters":5,"Chapters":[{"Chapter":"Chapter 1","Url":"https://download-a.akamaihd.net/files/media_bible/78/bi12_25_La_SN_01.mp3"},{"Chapter":"Chapter 2","Url":"https://download-a.akamaihd.net/files/media_bible/9d/bi12_25_La_SN_02.mp3"},{"Chapter":"Chapter 3","Url":"https://download-a.akamaihd.net/files/media_bible/14/bi12_25_La_SN_03.mp3"},{"Chapter":"Chapter 4","Url":"https://download-a.akamaihd.net/files/media_bible/c3/bi12_25_La_SN_04.mp3"},{"Chapter":"Chapter 5","Url":"https://download-a.akamaihd.net/files/media_bible/1b/bi12_25_La_SN_05.mp3"}]},{"BookNumber":26,"Name":"Ezekiel","TotalChapters":48,"Chapters":[{"Chapter":"Chapter 1","Url":"https://download-a.akamaihd.net/files/media_bible/2a/bi12_26_Eze_SN_01.mp3"},{"Chapter":"Chapter 2","Url":"https://download-a.akamaihd.net/files/media_bible/e0/bi12_26_Eze_SN_02.mp3"},{"Chapter":"Chapter 3","Url":"https://download-a.akamaihd.net/files/media_bible/0d/bi12_26_Eze_SN_03.mp3"},{"Chapter":"Chapter 4","Url":"https://download-a.akamaihd.net/files/media_bible/9d/bi12_26_Eze_SN_04.mp3"},{"Chapter":"Chapter 5","Url":"https://download-a.akamaihd.net/files/media_bible/1f/bi12_26_Eze_SN_05.mp3"},{"Chapter":"Chapter 6","Url":"https://download-a.akamaihd.net/files/media_bible/42/bi12_26_Eze_SN_06.mp3"},{"Chapter":"Chapter 7","Url":"https://download-a.akamaihd.net/files/media_bible/7d/bi12_26_Eze_SN_07.mp3"},{"Chapter":"Chapter 8","Url":"https://download-a.akamaihd.net/files/media_bible/26/bi12_26_Eze_SN_08.mp3"},{"Chapter":"Chapter 9","Url":"https://download-a.akamaihd.net/files/media_bible/c1/bi12_26_Eze_SN_09.mp3"},{"Chapter":"Chapter 10","Url":"https://download-a.akamaihd.net/files/media_bible/ba/bi12_26_Eze_SN_10.mp3"},{"Chapter":"Chapter 11","Url":"https://download-a.akamaihd.net/files/media_bible/7c/bi12_26_Eze_SN_11.mp3"},{"Chapter":"Chapter 12","Url":"https://download-a.akamaihd.net/files/media_bible/67/bi12_26_Eze_SN_12.mp3"},{"Chapter":"Chapter 13","Url":"https://download-a.akamaihd.net/files/media_bible/91/bi12_26_Eze_SN_13.mp3"},{"Chapter":"Chapter 14","Url":"https://download-a.akamaihd.net/files/media_bible/6f/bi12_26_Eze_SN_14.mp3"},{"Chapter":"Chapter 15","Url":"https://download-a.akamaihd.net/files/media_bible/68/bi12_26_Eze_SN_15.mp3"},{"Chapter":"Chapter 16","Url":"https://download-a.akamaihd.net/files/media_bible/e9/bi12_26_Eze_SN_16.mp3"},{"Chapter":"Chapter 17","Url":"https://download-a.akamaihd.net/files/media_bible/ef/bi12_26_Eze_SN_17.mp3"},{"Chapter":"Chapter 18","Url":"https://download-a.akamaihd.net/files/media_bible/85/bi12_26_Eze_SN_18.mp3"},{"Chapter":"Chapter 19","Url":"https://download-a.akamaihd.net/files/media_bible/a8/bi12_26_Eze_SN_19.mp3"},{"Chapter":"Chapter 20","Url":"https://download-a.akamaihd.net/files/media_bible/c0/bi12_26_Eze_SN_20.mp3"},{"Chapter":"Chapter 21","Url":"https://download-a.akamaihd.net/files/media_bible/4c/bi12_26_Eze_SN_21.mp3"},{"Chapter":"Chapter 22","Url":"https://download-a.akamaihd.net/files/media_bible/0c/bi12_26_Eze_SN_22.mp3"},{"Chapter":"Chapter 23","Url":"https://download-a.akamaihd.net/files/media_bible/1f/bi12_26_Eze_SN_23.mp3"},{"Chapter":"Chapter 24","Url":"https://download-a.akamaihd.net/files/media_bible/29/bi12_26_Eze_SN_24.mp3"},{"Chapter":"Chapter 25","Url":"https://download-a.akamaihd.net/files/media_bible/d9/bi12_26_Eze_SN_25.mp3"},{"Chapter":"Chapter 26","Url":"https://download-a.akamaihd.net/files/media_bible/a0/bi12_26_Eze_SN_26.mp3"},{"Chapter":"Chapter 27","Url":"https://download-a.akamaihd.net/files/media_bible/02/bi12_26_Eze_SN_27.mp3"},{"Chapter":"Chapter 28","Url":"https://download-a.akamaihd.net/files/media_bible/96/bi12_26_Eze_SN_28.mp3"},{"Chapter":"Chapter 29","Url":"https://download-a.akamaihd.net/files/media_bible/e7/bi12_26_Eze_SN_29.mp3"},{"Chapter":"Chapter 30","Url":"https://download-a.akamaihd.net/files/media_bible/75/bi12_26_Eze_SN_30.mp3"},{"Chapter":"Chapter 31","Url":"https://download-a.akamaihd.net/files/media_bible/b9/bi12_26_Eze_SN_31.mp3"},{"Chapter":"Chapter 32","Url":"https://download-a.akamaihd.net/files/media_bible/d8/bi12_26_Eze_SN_32.mp3"},{"Chapter":"Chapter 33","Url":"https://download-a.akamaihd.net/files/media_bible/44/bi12_26_Eze_SN_33.mp3"},{"Chapter":"Chapter 34","Url":"https://download-a.akamaihd.net/files/media_bible/71/bi12_26_Eze_SN_34.mp3"},{"Chapter":"Chapter 35","Url":"https://download-a.akamaihd.net/files/media_bible/ed/bi12_26_Eze_SN_35.mp3"},{"Chapter":"Chapter 36","Url":"https://download-a.akamaihd.net/files/media_bible/07/bi12_26_Eze_SN_36.mp3"},{"Chapter":"Chapter 37","Url":"https://download-a.akamaihd.net/files/media_bible/ab/bi12_26_Eze_SN_37.mp3"},{"Chapter":"Chapter 38","Url":"https://download-a.akamaihd.net/files/media_bible/4a/bi12_26_Eze_SN_38.mp3"},{"Chapter":"Chapter 39","Url":"https://download-a.akamaihd.net/files/media_bible/41/bi12_26_Eze_SN_39.mp3"},{"Chapter":"Chapter 40","Url":"https://download-a.akamaihd.net/files/media_bible/79/bi12_26_Eze_SN_40.mp3"},{"Chapter":"Chapter 41","Url":"https://download-a.akamaihd.net/files/media_bible/fe/bi12_26_Eze_SN_41.mp3"},{"Chapter":"Chapter 42","Url":"https://download-a.akamaihd.net/files/media_bible/0b/bi12_26_Eze_SN_42.mp3"},{"Chapter":"Chapter 43","Url":"https://download-a.akamaihd.net/files/media_bible/46/bi12_26_Eze_SN_43.mp3"},{"Chapter":"Chapter 44","Url":"https://download-a.akamaihd.net/files/media_bible/9f/bi12_26_Eze_SN_44.mp3"},{"Chapter":"Chapter 45","Url":"https://download-a.akamaihd.net/files/media_bible/75/bi12_26_Eze_SN_45.mp3"},{"Chapter":"Chapter 46","Url":"https://download-a.akamaihd.net/files/media_bible/cb/bi12_26_Eze_SN_46.mp3"},{"Chapter":"Chapter 47","Url":"https://download-a.akamaihd.net/files/media_bible/30/bi12_26_Eze_SN_47.mp3"},{"Chapter":"Chapter 48","Url":"https://download-a.akamaihd.net/files/media_bible/96/bi12_26_Eze_SN_48.mp3"}]},{"BookNumber":27,"Name":"Daniel","TotalChapters":12,"Chapters":[{"Chapter":"Chapter 1","Url":"https://download-a.akamaihd.net/files/media_bible/b1/bi12_27_Da_SN_01.mp3"},{"Chapter":"Chapter 2","Url":"https://download-a.akamaihd.net/files/media_bible/f2/bi12_27_Da_SN_02.mp3"},{"Chapter":"Chapter 3","Url":"https://download-a.akamaihd.net/files/media_bible/13/bi12_27_Da_SN_03.mp3"},{"Chapter":"Chapter 4","Url":"https://download-a.akamaihd.net/files/media_bible/c3/bi12_27_Da_SN_04.mp3"},{"Chapter":"Chapter 5","Url":"https://download-a.akamaihd.net/files/media_bible/5e/bi12_27_Da_SN_05.mp3"},{"Chapter":"Chapter 6","Url":"https://download-a.akamaihd.net/files/media_bible/61/bi12_27_Da_SN_06.mp3"},{"Chapter":"Chapter 7","Url":"https://download-a.akamaihd.net/files/media_bible/d4/bi12_27_Da_SN_07.mp3"},{"Chapter":"Chapter 8","Url":"https://download-a.akamaihd.net/files/media_bible/7d/bi12_27_Da_SN_08.mp3"},{"Chapter":"Chapter 9","Url":"https://download-a.akamaihd.net/files/media_bible/48/bi12_27_Da_SN_09.mp3"},{"Chapter":"Chapter 10","Url":"https://download-a.akamaihd.net/files/media_bible/e0/bi12_27_Da_SN_10.mp3"},{"Chapter":"Chapter 11","Url":"https://download-a.akamaihd.net/files/media_bible/b9/bi12_27_Da_SN_11.mp3"},{"Chapter":"Chapter 12","Url":"https://download-a.akamaihd.net/files/media_bible/ab/bi12_27_Da_SN_12.mp3"}]},{"BookNumber":28,"Name":"Hosea","TotalChapters":14,"Chapters":[{"Chapter":"Chapter 1","Url":"https://download-a.akamaihd.net/files/media_bible/c8/bi12_28_Ho_SN_01.mp3"},{"Chapter":"Chapter 2","Url":"https://download-a.akamaihd.net/files/media_bible/de/bi12_28_Ho_SN_02.mp3"},{"Chapter":"Chapter 3","Url":"https://download-a.akamaihd.net/files/media_bible/b7/bi12_28_Ho_SN_03.mp3"},{"Chapter":"Chapter 4","Url":"https://download-a.akamaihd.net/files/media_bible/b6/bi12_28_Ho_SN_04.mp3"},{"Chapter":"Chapter 5","Url":"https://download-a.akamaihd.net/files/media_bible/c2/bi12_28_Ho_SN_05.mp3"},{"Chapter":"Chapter 6","Url":"https://download-a.akamaihd.net/files/media_bible/b4/bi12_28_Ho_SN_06.mp3"},{"Chapter":"Chapter 7","Url":"https://download-a.akamaihd.net/files/media_bible/38/bi12_28_Ho_SN_07.mp3"},{"Chapter":"Chapter 8","Url":"https://download-a.akamaihd.net/files/media_bible/c7/bi12_28_Ho_SN_08.mp3"},{"Chapter":"Chapter 9","Url":"https://download-a.akamaihd.net/files/media_bible/56/bi12_28_Ho_SN_09.mp3"},{"Chapter":"Chapter 10","Url":"https://download-a.akamaihd.net/files/media_bible/d0/bi12_28_Ho_SN_10.mp3"},{"Chapter":"Chapter 11","Url":"https://download-a.akamaihd.net/files/media_bible/bd/bi12_28_Ho_SN_11.mp3"},{"Chapter":"Chapter 12","Url":"https://download-a.akamaihd.net/files/media_bible/f9/bi12_28_Ho_SN_12.mp3"},{"Chapter":"Chapter 13","Url":"https://download-a.akamaihd.net/files/media_bible/e5/bi12_28_Ho_SN_13.mp3"},{"Chapter":"Chapter 14","Url":"https://download-a.akamaihd.net/files/media_bible/bf/bi12_28_Ho_SN_14.mp3"}]},{"BookNumber":29,"Name":"Joel","TotalChapters":3,"Chapters":[{"Chapter":"Chapter 1","Url":"https://download-a.akamaihd.net/files/media_bible/ea/bi12_29_Joe_SN_01.mp3"},{"Chapter":"Chapter 2","Url":"https://download-a.akamaihd.net/files/media_bible/59/bi12_29_Joe_SN_02.mp3"},{"Chapter":"Chapter 3","Url":"https://download-a.akamaihd.net/files/media_bible/9b/bi12_29_Joe_SN_03.mp3"}]},{"BookNumber":30,"Name":"Amos","TotalChapters":9,"Chapters":[{"Chapter":"Chapter 1","Url":"https://download-a.akamaihd.net/files/media_bible/99/bi12_30_Am_SN_01.mp3"},{"Chapter":"Chapter 2","Url":"https://download-a.akamaihd.net/files/media_bible/79/bi12_30_Am_SN_02.mp3"},{"Chapter":"Chapter 3","Url":"https://download-a.akamaihd.net/files/media_bible/a3/bi12_30_Am_SN_03.mp3"},{"Chapter":"Chapter 4","Url":"https://download-a.akamaihd.net/files/media_bible/33/bi12_30_Am_SN_04.mp3"},{"Chapter":"Chapter 5","Url":"https://download-a.akamaihd.net/files/media_bible/bd/bi12_30_Am_SN_05.mp3"},{"Chapter":"Chapter 6","Url":"https://download-a.akamaihd.net/files/media_bible/73/bi12_30_Am_SN_06.mp3"},{"Chapter":"Chapter 7","Url":"https://download-a.akamaihd.net/files/media_bible/82/bi12_30_Am_SN_07.mp3"},{"Chapter":"Chapter 8","Url":"https://download-a.akamaihd.net/files/media_bible/ec/bi12_30_Am_SN_08.mp3"},{"Chapter":"Chapter 9","Url":"https://download-a.akamaihd.net/files/media_bible/82/bi12_30_Am_SN_09.mp3"}]},{"BookNumber":31,"Name":"Obadiah","TotalChapters":1,"Chapters":[{"Chapter":"Chapter 1","Url":"https://download-a.akamaihd.net/files/media_bible/c8/bi12_31_Ob_SN_01.mp3"}]},{"BookNumber":32,"Name":"Jonah","TotalChapters":4,"Chapters":[{"Chapter":"Chapter 1","Url":"https://download-a.akamaihd.net/files/media_bible/bb/bi12_32_Jon_SN_01.mp3"},{"Chapter":"Chapter 2","Url":"https://download-a.akamaihd.net/files/media_bible/44/bi12_32_Jon_SN_02.mp3"},{"Chapter":"Chapter 3","Url":"https://download-a.akamaihd.net/files/media_bible/cb/bi12_32_Jon_SN_03.mp3"},{"Chapter":"Chapter 4","Url":"https://download-a.akamaihd.net/files/media_bible/72/bi12_32_Jon_SN_04.mp3"}]},{"BookNumber":33,"Name":"Micah","TotalChapters":7,"Chapters":[{"Chapter":"Chapter 1","Url":"https://download-a.akamaihd.net/files/media_bible/2d/bi12_33_Mic_SN_01.mp3"},{"Chapter":"Chapter 2","Url":"https://download-a.akamaihd.net/files/media_bible/80/bi12_33_Mic_SN_02.mp3"},{"Chapter":"Chapter 3","Url":"https://download-a.akamaihd.net/files/media_bible/7d/bi12_33_Mic_SN_03.mp3"},{"Chapter":"Chapter 4","Url":"https://download-a.akamaihd.net/files/media_bible/9b/bi12_33_Mic_SN_04.mp3"},{"Chapter":"Chapter 5","Url":"https://download-a.akamaihd.net/files/media_bible/80/bi12_33_Mic_SN_05.mp3"},{"Chapter":"Chapter 6","Url":"https://download-a.akamaihd.net/files/media_bible/71/bi12_33_Mic_SN_06.mp3"},{"Chapter":"Chapter 7","Url":"https://download-a.akamaihd.net/files/media_bible/03/bi12_33_Mic_SN_07.mp3"}]},{"BookNumber":34,"Name":"Nahum","TotalChapters":3,"Chapters":[{"Chapter":"Chapter 1","Url":"https://download-a.akamaihd.net/files/media_bible/eb/bi12_34_Na_SN_01.mp3"},{"Chapter":"Chapter 2","Url":"https://download-a.akamaihd.net/files/media_bible/e8/bi12_34_Na_SN_02.mp3"},{"Chapter":"Chapter 3","Url":"https://download-a.akamaihd.net/files/media_bible/9c/bi12_34_Na_SN_03.mp3"}]},{"BookNumber":35,"Name":"Habakkuk","TotalChapters":3,"Chapters":[{"Chapter":"Chapter 1","Url":"https://download-a.akamaihd.net/files/media_bible/72/bi12_35_Hab_SN_01.mp3"},{"Chapter":"Chapter 2","Url":"https://download-a.akamaihd.net/files/media_bible/fa/bi12_35_Hab_SN_02.mp3"},{"Chapter":"Chapter 3","Url":"https://download-a.akamaihd.net/files/media_bible/14/bi12_35_Hab_SN_03.mp3"}]},{"BookNumber":36,"Name":"Zephaniah","TotalChapters":3,"Chapters":[{"Chapter":"Chapter 1","Url":"https://download-a.akamaihd.net/files/media_bible/17/bi12_36_Zep_SN_01.mp3"},{"Chapter":"Chapter 2","Url":"https://download-a.akamaihd.net/files/media_bible/2d/bi12_36_Zep_SN_02.mp3"},{"Chapter":"Chapter 3","Url":"https://download-a.akamaihd.net/files/media_bible/38/bi12_36_Zep_SN_03.mp3"}]},{"BookNumber":37,"Name":"Haggai","TotalChapters":2,"Chapters":[{"Chapter":"Chapter 1","Url":"https://download-a.akamaihd.net/files/media_bible/6b/bi12_37_Hag_SN_01.mp3"},{"Chapter":"Chapter 2","Url":"https://download-a.akamaihd.net/files/media_bible/b1/bi12_37_Hag_SN_02.mp3"}]},{"BookNumber":38,"Name":"Zechariah","TotalChapters":14,"Chapters":[{"Chapter":"Chapter 1","Url":"https://download-a.akamaihd.net/files/media_bible/7a/bi12_38_Zec_SN_01.mp3"},{"Chapter":"Chapter 2","Url":"https://download-a.akamaihd.net/files/media_bible/59/bi12_38_Zec_SN_02.mp3"},{"Chapter":"Chapter 3","Url":"https://download-a.akamaihd.net/files/media_bible/83/bi12_38_Zec_SN_03.mp3"},{"Chapter":"Chapter 4","Url":"https://download-a.akamaihd.net/files/media_bible/12/bi12_38_Zec_SN_04.mp3"},{"Chapter":"Chapter 5","Url":"https://download-a.akamaihd.net/files/media_bible/f7/bi12_38_Zec_SN_05.mp3"},{"Chapter":"Chapter 6","Url":"https://download-a.akamaihd.net/files/media_bible/3a/bi12_38_Zec_SN_06.mp3"},{"Chapter":"Chapter 7","Url":"https://download-a.akamaihd.net/files/media_bible/0f/bi12_38_Zec_SN_07.mp3"},{"Chapter":"Chapter 8","Url":"https://download-a.akamaihd.net/files/media_bible/a1/bi12_38_Zec_SN_08.mp3"},{"Chapter":"Chapter 9","Url":"https://download-a.akamaihd.net/files/media_bible/ee/bi12_38_Zec_SN_09.mp3"},{"Chapter":"Chapter 10","Url":"https://download-a.akamaihd.net/files/media_bible/00/bi12_38_Zec_SN_10.mp3"},{"Chapter":"Chapter 11","Url":"https://download-a.akamaihd.net/files/media_bible/07/bi12_38_Zec_SN_11.mp3"},{"Chapter":"Chapter 12","Url":"https://download-a.akamaihd.net/files/media_bible/0a/bi12_38_Zec_SN_12.mp3"},{"Chapter":"Chapter 13","Url":"https://download-a.akamaihd.net/files/media_bible/03/bi12_38_Zec_SN_13.mp3"},{"Chapter":"Chapter 14","Url":"https://download-a.akamaihd.net/files/media_bible/0c/bi12_38_Zec_SN_14.mp3"}]},{"BookNumber":39,"Name":"Malachi","TotalChapters":4,"Chapters":[{"Chapter":"Chapter 1","Url":"https://download-a.akamaihd.net/files/media_bible/83/bi12_39_Mal_SN_01.mp3"},{"Chapter":"Chapter 2","Url":"https://download-a.akamaihd.net/files/media_bible/b3/bi12_39_Mal_SN_02.mp3"},{"Chapter":"Chapter 3","Url":"https://download-a.akamaihd.net/files/media_bible/b9/bi12_39_Mal_SN_03.mp3"},{"Chapter":"Chapter 4","Url":"https://download-a.akamaihd.net/files/media_bible/46/bi12_39_Mal_SN_04.mp3"}]},{"BookNumber":40,"Name":"Matthew","TotalChapters":28,"Chapters":[{"Chapter":"Chapter 1","Url":"https://download-a.akamaihd.net/files/media_bible/57/bi12_40_Mt_SN_01.mp3"},{"Chapter":"Chapter 2","Url":"https://download-a.akamaihd.net/files/media_bible/37/bi12_40_Mt_SN_02.mp3"},{"Chapter":"Chapter 3","Url":"https://download-a.akamaihd.net/files/media_bible/0f/bi12_40_Mt_SN_03.mp3"},{"Chapter":"Chapter 4","Url":"https://download-a.akamaihd.net/files/media_bible/e5/bi12_40_Mt_SN_04.mp3"},{"Chapter":"Chapter 5","Url":"https://download-a.akamaihd.net/files/media_bible/49/bi12_40_Mt_SN_05.mp3"},{"Chapter":"Chapter 6","Url":"https://download-a.akamaihd.net/files/media_bible/4d/bi12_40_Mt_SN_06.mp3"},{"Chapter":"Chapter 7","Url":"https://download-a.akamaihd.net/files/media_bible/e7/bi12_40_Mt_SN_07.mp3"},{"Chapter":"Chapter 8","Url":"https://download-a.akamaihd.net/files/media_bible/ac/bi12_40_Mt_SN_08.mp3"},{"Chapter":"Chapter 9","Url":"https://download-a.akamaihd.net/files/media_bible/c7/bi12_40_Mt_SN_09.mp3"},{"Chapter":"Chapter 10","Url":"https://download-a.akamaihd.net/files/media_bible/8b/bi12_40_Mt_SN_10.mp3"},{"Chapter":"Chapter 11","Url":"https://download-a.akamaihd.net/files/media_bible/fa/bi12_40_Mt_SN_11.mp3"},{"Chapter":"Chapter 12","Url":"https://download-a.akamaihd.net/files/media_bible/b5/bi12_40_Mt_SN_12.mp3"},{"Chapter":"Chapter 13","Url":"https://download-a.akamaihd.net/files/media_bible/08/bi12_40_Mt_SN_13.mp3"},{"Chapter":"Chapter 14","Url":"https://download-a.akamaihd.net/files/media_bible/af/bi12_40_Mt_SN_14.mp3"},{"Chapter":"Chapter 15","Url":"https://download-a.akamaihd.net/files/media_bible/c3/bi12_40_Mt_SN_15.mp3"},{"Chapter":"Chapter 16","Url":"https://download-a.akamaihd.net/files/media_bible/3a/bi12_40_Mt_SN_16.mp3"},{"Chapter":"Chapter 17","Url":"https://download-a.akamaihd.net/files/media_bible/46/bi12_40_Mt_SN_17.mp3"},{"Chapter":"Chapter 18","Url":"https://download-a.akamaihd.net/files/media_bible/7c/bi12_40_Mt_SN_18.mp3"},{"Chapter":"Chapter 19","Url":"https://download-a.akamaihd.net/files/media_bible/d3/bi12_40_Mt_SN_19.mp3"},{"Chapter":"Chapter 20","Url":"https://download-a.akamaihd.net/files/media_bible/47/bi12_40_Mt_SN_20.mp3"},{"Chapter":"Chapter 21","Url":"https://download-a.akamaihd.net/files/media_bible/bb/bi12_40_Mt_SN_21.mp3"},{"Chapter":"Chapter 22","Url":"https://download-a.akamaihd.net/files/media_bible/dd/bi12_40_Mt_SN_22.mp3"},{"Chapter":"Chapter 23","Url":"https://download-a.akamaihd.net/files/media_bible/0e/bi12_40_Mt_SN_23.mp3"},{"Chapter":"Chapter 24","Url":"https://download-a.akamaihd.net/files/media_bible/90/bi12_40_Mt_SN_24.mp3"},{"Chapter":"Chapter 25","Url":"https://download-a.akamaihd.net/files/media_bible/be/bi12_40_Mt_SN_25.mp3"},{"Chapter":"Chapter 26","Url":"https://download-a.akamaihd.net/files/media_bible/ee/bi12_40_Mt_SN_26.mp3"},{"Chapter":"Chapter 27","Url":"https://download-a.akamaihd.net/files/media_bible/ed/bi12_40_Mt_SN_27.mp3"},{"Chapter":"Chapter 28","Url":"https://download-a.akamaihd.net/files/media_bible/e0/bi12_40_Mt_SN_28.mp3"}]},{"BookNumber":41,"Name":"Mark","TotalChapters":16,"Chapters":[{"Chapter":"Chapter 1","Url":"https://download-a.akamaihd.net/files/media_bible/ee/bi12_41_Mr_SN_01.mp3"},{"Chapter":"Chapter 2","Url":"https://download-a.akamaihd.net/files/media_bible/95/bi12_41_Mr_SN_02.mp3"},{"Chapter":"Chapter 3","Url":"https://download-a.akamaihd.net/files/media_bible/ea/bi12_41_Mr_SN_03.mp3"},{"Chapter":"Chapter 4","Url":"https://download-a.akamaihd.net/files/media_bible/33/bi12_41_Mr_SN_04.mp3"},{"Chapter":"Chapter 5","Url":"https://download-a.akamaihd.net/files/media_bible/8d/bi12_41_Mr_SN_05.mp3"},{"Chapter":"Chapter 6","Url":"https://download-a.akamaihd.net/files/media_bible/9e/bi12_41_Mr_SN_06.mp3"},{"Chapter":"Chapter 7","Url":"https://download-a.akamaihd.net/files/media_bible/18/bi12_41_Mr_SN_07.mp3"},{"Chapter":"Chapter 8","Url":"https://download-a.akamaihd.net/files/media_bible/ea/bi12_41_Mr_SN_08.mp3"},{"Chapter":"Chapter 9","Url":"https://download-a.akamaihd.net/files/media_bible/12/bi12_41_Mr_SN_09.mp3"},{"Chapter":"Chapter 10","Url":"https://download-a.akamaihd.net/files/media_bible/18/bi12_41_Mr_SN_10.mp3"},{"Chapter":"Chapter 11","Url":"https://download-a.akamaihd.net/files/media_bible/e0/bi12_41_Mr_SN_11.mp3"},{"Chapter":"Chapter 12","Url":"https://download-a.akamaihd.net/files/media_bible/7b/bi12_41_Mr_SN_12.mp3"},{"Chapter":"Chapter 13","Url":"https://download-a.akamaihd.net/files/media_bible/10/bi12_41_Mr_SN_13.mp3"},{"Chapter":"Chapter 14","Url":"https://download-a.akamaihd.net/files/media_bible/e9/bi12_41_Mr_SN_14.mp3"},{"Chapter":"Chapter 15","Url":"https://download-a.akamaihd.net/files/media_bible/83/bi12_41_Mr_SN_15.mp3"},{"Chapter":"Chapter 16","Url":"https://download-a.akamaihd.net/files/media_bible/35/bi12_41_Mr_SN_16.mp3"}]},{"BookNumber":42,"Name":"Luke","TotalChapters":24,"Chapters":[{"Chapter":"Chapter 1","Url":"https://download-a.akamaihd.net/files/media_bible/2c/bi12_42_Lu_SN_01.mp3"},{"Chapter":"Chapter 2","Url":"https://download-a.akamaihd.net/files/media_bible/5b/bi12_42_Lu_SN_02.mp3"},{"Chapter":"Chapter 3","Url":"https://download-a.akamaihd.net/files/media_bible/1b/bi12_42_Lu_SN_03.mp3"},{"Chapter":"Chapter 4","Url":"https://download-a.akamaihd.net/files/media_bible/69/bi12_42_Lu_SN_04.mp3"},{"Chapter":"Chapter 5","Url":"https://download-a.akamaihd.net/files/media_bible/8d/bi12_42_Lu_SN_05.mp3"},{"Chapter":"Chapter 6","Url":"https://download-a.akamaihd.net/files/media_bible/b8/bi12_42_Lu_SN_06.mp3"},{"Chapter":"Chapter 7","Url":"https://download-a.akamaihd.net/files/media_bible/47/bi12_42_Lu_SN_07.mp3"},{"Chapter":"Chapter 8","Url":"https://download-a.akamaihd.net/files/media_bible/eb/bi12_42_Lu_SN_08.mp3"},{"Chapter":"Chapter 9","Url":"https://download-a.akamaihd.net/files/media_bible/50/bi12_42_Lu_SN_09.mp3"},{"Chapter":"Chapter 10","Url":"https://download-a.akamaihd.net/files/media_bible/cd/bi12_42_Lu_SN_10.mp3"},{"Chapter":"Chapter 11","Url":"https://download-a.akamaihd.net/files/media_bible/8d/bi12_42_Lu_SN_11.mp3"},{"Chapter":"Chapter 12","Url":"https://download-a.akamaihd.net/files/media_bible/39/bi12_42_Lu_SN_12.mp3"},{"Chapter":"Chapter 13","Url":"https://download-a.akamaihd.net/files/media_bible/8b/bi12_42_Lu_SN_13.mp3"},{"Chapter":"Chapter 14","Url":"https://download-a.akamaihd.net/files/media_bible/ed/bi12_42_Lu_SN_14.mp3"},{"Chapter":"Chapter 15","Url":"https://download-a.akamaihd.net/files/media_bible/1f/bi12_42_Lu_SN_15.mp3"},{"Chapter":"Chapter 16","Url":"https://download-a.akamaihd.net/files/media_bible/d6/bi12_42_Lu_SN_16.mp3"},{"Chapter":"Chapter 17","Url":"https://download-a.akamaihd.net/files/media_bible/f5/bi12_42_Lu_SN_17.mp3"},{"Chapter":"Chapter 18","Url":"https://download-a.akamaihd.net/files/media_bible/5d/bi12_42_Lu_SN_18.mp3"},{"Chapter":"Chapter 19","Url":"https://download-a.akamaihd.net/files/media_bible/40/bi12_42_Lu_SN_19.mp3"},{"Chapter":"Chapter 20","Url":"https://download-a.akamaihd.net/files/media_bible/12/bi12_42_Lu_SN_20.mp3"},{"Chapter":"Chapter 21","Url":"https://download-a.akamaihd.net/files/media_bible/95/bi12_42_Lu_SN_21.mp3"},{"Chapter":"Chapter 22","Url":"https://download-a.akamaihd.net/files/media_bible/d0/bi12_42_Lu_SN_22.mp3"},{"Chapter":"Chapter 23","Url":"https://download-a.akamaihd.net/files/media_bible/17/bi12_42_Lu_SN_23.mp3"},{"Chapter":"Chapter 24","Url":"https://download-a.akamaihd.net/files/media_bible/53/bi12_42_Lu_SN_24.mp3"}]},{"BookNumber":43,"Name":"John","TotalChapters":21,"Chapters":[{"Chapter":"Chapter 1","Url":"https://download-a.akamaihd.net/files/media_bible/61/bi12_43_Joh_SN_01.mp3"},{"Chapter":"Chapter 2","Url":"https://download-a.akamaihd.net/files/media_bible/e9/bi12_43_Joh_SN_02.mp3"},{"Chapter":"Chapter 3","Url":"https://download-a.akamaihd.net/files/media_bible/bd/bi12_43_Joh_SN_03.mp3"},{"Chapter":"Chapter 4","Url":"https://download-a.akamaihd.net/files/media_bible/c0/bi12_43_Joh_SN_04.mp3"},{"Chapter":"Chapter 5","Url":"https://download-a.akamaihd.net/files/media_bible/53/bi12_43_Joh_SN_05.mp3"},{"Chapter":"Chapter 6","Url":"https://download-a.akamaihd.net/files/media_bible/12/bi12_43_Joh_SN_06.mp3"},{"Chapter":"Chapter 7","Url":"https://download-a.akamaihd.net/files/media_bible/22/bi12_43_Joh_SN_07.mp3"},{"Chapter":"Chapter 8","Url":"https://download-a.akamaihd.net/files/media_bible/3a/bi12_43_Joh_SN_08.mp3"},{"Chapter":"Chapter 9","Url":"https://download-a.akamaihd.net/files/media_bible/6c/bi12_43_Joh_SN_09.mp3"},{"Chapter":"Chapter 10","Url":"https://download-a.akamaihd.net/files/media_bible/71/bi12_43_Joh_SN_10.mp3"},{"Chapter":"Chapter 11","Url":"https://download-a.akamaihd.net/files/media_bible/9d/bi12_43_Joh_SN_11.mp3"},{"Chapter":"Chapter 12","Url":"https://download-a.akamaihd.net/files/media_bible/0d/bi12_43_Joh_SN_12.mp3"},{"Chapter":"Chapter 13","Url":"https://download-a.akamaihd.net/files/media_bible/f2/bi12_43_Joh_SN_13.mp3"},{"Chapter":"Chapter 14","Url":"https://download-a.akamaihd.net/files/media_bible/17/bi12_43_Joh_SN_14.mp3"},{"Chapter":"Chapter 15","Url":"https://download-a.akamaihd.net/files/media_bible/76/bi12_43_Joh_SN_15.mp3"},{"Chapter":"Chapter 16","Url":"https://download-a.akamaihd.net/files/media_bible/97/bi12_43_Joh_SN_16.mp3"},{"Chapter":"Chapter 17","Url":"https://download-a.akamaihd.net/files/media_bible/a2/bi12_43_Joh_SN_17.mp3"},{"Chapter":"Chapter 18","Url":"https://download-a.akamaihd.net/files/media_bible/b5/bi12_43_Joh_SN_18.mp3"},{"Chapter":"Chapter 19","Url":"https://download-a.akamaihd.net/files/media_bible/72/bi12_43_Joh_SN_19.mp3"},{"Chapter":"Chapter 20","Url":"https://download-a.akamaihd.net/files/media_bible/04/bi12_43_Joh_SN_20.mp3"},{"Chapter":"Chapter 21","Url":"https://download-a.akamaihd.net/files/media_bible/d3/bi12_43_Joh_SN_21.mp3"}]},{"BookNumber":52,"Name":"1 Thessalonians","TotalChapters":5,"Chapters":[{"Chapter":"Chapter 1","Url":"https://download-a.akamaihd.net/files/media_bible/d7/bi12_52_1Th_SN_01.mp3"},{"Chapter":"Chapter 2","Url":"https://download-a.akamaihd.net/files/media_bible/7d/bi12_52_1Th_SN_02.mp3"},{"Chapter":"Chapter 3","Url":"https://download-a.akamaihd.net/files/media_bible/fa/bi12_52_1Th_SN_03.mp3"},{"Chapter":"Chapter 4","Url":"https://download-a.akamaihd.net/files/media_bible/0c/bi12_52_1Th_SN_04.mp3"},{"Chapter":"Chapter 5","Url":"https://download-a.akamaihd.net/files/media_bible/9e/bi12_52_1Th_SN_05.mp3"}]},{"BookNumber":53,"Name":"2 Thessalonians","TotalChapters":3,"Chapters":[{"Chapter":"Chapter 1","Url":"https://download-a.akamaihd.net/files/media_bible/51/bi12_53_2Th_SN_01.mp3"},{"Chapter":"Chapter 2","Url":"https://download-a.akamaihd.net/files/media_bible/2b/bi12_53_2Th_SN_02.mp3"},{"Chapter":"Chapter 3","Url":"https://download-a.akamaihd.net/files/media_bible/30/bi12_53_2Th_SN_03.mp3"}]}]