{"Title":"Sing to Jehovah—Vocal Renditions, Disc 3","Tracks":[{"Title":"046-W Jehowa jest Królem!","Url":"https://download-a.akamaihd.net/files/media_music/63/iasnv3_P_01.mp3"},{"Title":"103-W &quot;Od domu do domu&quot;","Url":"https://download-a.akamaihd.net/files/media_music/24/iasnv3_P_02.mp3"},{"Title":"077-W Chętnie przebaczajmy","Url":"https://download-a.akamaihd.net/files/media_music/c2/iasnv3_P_03.mp3"},{"Title":"062-W Do kogo należymy?","Url":"https://download-a.akamaihd.net/files/media_music/cb/iasnv3_P_04.mp3"},{"Title":"014-W Bóg czyni wszystko nowe","Url":"https://download-a.akamaihd.net/files/media_music/9a/iasnv3_P_05.mp3"},{"Title":"114-W Księga Boża skarbem","Url":"https://download-a.akamaihd.net/files/media_music/90/iasnv3_P_06.mp3"},{"Title":"120-W Wprowadzajmy Boże słowa w czyn","Url":"https://download-a.akamaihd.net/files/media_music/87/iasnv3_P_07.mp3"},{"Title":"096-W 'Wyszukujmy, kto jest godzien'","Url":"https://download-a.akamaihd.net/files/media_music/e5/iasnv3_P_08.mp3"},{"Title":"054-W Musimy mieć wiarę","Url":"https://download-a.akamaihd.net/files/media_music/e8/iasnv3_P_09.mp3"},{"Title":"083-W Panuj nad sobą","Url":"https://download-a.akamaihd.net/files/media_music/ec/iasnv3_P_10.mp3"},{"Title":"126-W Trud pełen miłości","Url":"https://download-a.akamaihd.net/files/media_music/c9/iasnv3_P_11.mp3"},{"Title":"125-W Lojalni wobec zasad teokratycznych","Url":"https://download-a.akamaihd.net/files/media_music/a7/iasnv3_P_12.mp3"},{"Title":"040-W Stale szukajmy najpierw Królestwa","Url":"https://download-a.akamaihd.net/files/media_music/e4/iasnv3_P_13.mp3"},{"Title":"019-W Boża obietnica raju","Url":"https://download-a.akamaihd.net/files/media_music/7c/iasnv3_P_14.mp3"},{"Title":"056-W Ojcze, usłysz mój głos!","Url":"https://download-a.akamaihd.net/files/media_music/30/iasnv3_P_15.mp3"},{"Title":"127-W Miejsce wielbienia Jehowy","Url":"https://download-a.akamaihd.net/files/media_music/9d/iasnv3_P_16.mp3"},{"Title":"106-W Zabiegajmy o przyjaźń Jehowy","Url":"https://download-a.akamaihd.net/files/media_music/bf/iasnv3_P_17.mp3"},{"Title":"133-W Szukajmy wybawienia u Boga","Url":"https://download-a.akamaihd.net/files/media_music/e8/iasnv3_P_18.mp3"}]}