[{"BookNumber":24,"Name":"Jeremiah","TotalChapters":4,"Chapters":[{"Chapter":"Chapter 49","Url":"https://download-a.akamaihd.net/files/media_bible/f2/nwt_24_Jer_O_49.mp3"},{"Chapter":"Chapter 50","Url":"https://download-a.akamaihd.net/files/media_bible/94/nwt_24_Jer_O_50.mp3"},{"Chapter":"Chapter 51","Url":"https://download-a.akamaihd.net/files/media_bible/4a/nwt_24_Jer_O_51.mp3"},{"Chapter":"Chapter 52","Url":"https://download-a.akamaihd.net/files/media_bible/67/nwt_24_Jer_O_52.mp3"}]},{"BookNumber":25,"Name":"Lamentations","TotalChapters":5,"Chapters":[{"Chapter":"Chapter 1","Url":"https://download-a.akamaihd.net/files/media_bible/c0/nwt_25_La_O_01.mp3"},{"Chapter":"Chapter 2","Url":"https://download-a.akamaihd.net/files/media_bible/a5/nwt_25_La_O_02.mp3"},{"Chapter":"Chapter 3","Url":"https://download-a.akamaihd.net/files/media_bible/74/nwt_25_La_O_03.mp3"},{"Chapter":"Chapter 4","Url":"https://download-a.akamaihd.net/files/media_bible/0c/nwt_25_La_O_04.mp3"},{"Chapter":"Chapter 5","Url":"https://download-a.akamaihd.net/files/media_bible/b9/nwt_25_La_O_05.mp3"}]},{"BookNumber":26,"Name":"Ezekiel","TotalChapters":48,"Chapters":[{"Chapter":"Chapter 1","Url":"https://download-a.akamaihd.net/files/media_bible/1d/nwt_26_Eze_O_01.mp3"},{"Chapter":"Chapter 2","Url":"https://download-a.akamaihd.net/files/media_bible/54/nwt_26_Eze_O_02.mp3"},{"Chapter":"Chapter 3","Url":"https://download-a.akamaihd.net/files/media_bible/1c/nwt_26_Eze_O_03.mp3"},{"Chapter":"Chapter 4","Url":"https://download-a.akamaihd.net/files/media_bible/46/nwt_26_Eze_O_04.mp3"},{"Chapter":"Chapter 5","Url":"https://download-a.akamaihd.net/files/media_bible/bb/nwt_26_Eze_O_05.mp3"},{"Chapter":"Chapter 6","Url":"https://download-a.akamaihd.net/files/media_bible/42/nwt_26_Eze_O_06.mp3"},{"Chapter":"Chapter 7","Url":"https://download-a.akamaihd.net/files/media_bible/e1/nwt_26_Eze_O_07.mp3"},{"Chapter":"Chapter 8","Url":"https://download-a.akamaihd.net/files/media_bible/e6/nwt_26_Eze_O_08.mp3"},{"Chapter":"Chapter 9","Url":"https://download-a.akamaihd.net/files/media_bible/d8/nwt_26_Eze_O_09.mp3"},{"Chapter":"Chapter 10","Url":"https://download-a.akamaihd.net/files/media_bible/68/nwt_26_Eze_O_10.mp3"},{"Chapter":"Chapter 11","Url":"https://download-a.akamaihd.net/files/media_bible/f7/nwt_26_Eze_O_11.mp3"},{"Chapter":"Chapter 12","Url":"https://download-a.akamaihd.net/files/media_bible/39/nwt_26_Eze_O_12.mp3"},{"Chapter":"Chapter 13","Url":"https://download-a.akamaihd.net/files/media_bible/8d/nwt_26_Eze_O_13.mp3"},{"Chapter":"Chapter 14","Url":"https://download-a.akamaihd.net/files/media_bible/67/nwt_26_Eze_O_14.mp3"},{"Chapter":"Chapter 15","Url":"https://download-a.akamaihd.net/files/media_bible/d7/nwt_26_Eze_O_15.mp3"},{"Chapter":"Chapter 16","Url":"https://download-a.akamaihd.net/files/media_bible/12/nwt_26_Eze_O_16.mp3"},{"Chapter":"Chapter 17","Url":"https://download-a.akamaihd.net/files/media_bible/4c/nwt_26_Eze_O_17.mp3"},{"Chapter":"Chapter 18","Url":"https://download-a.akamaihd.net/files/media_bible/34/nwt_26_Eze_O_18.mp3"},{"Chapter":"Chapter 19","Url":"https://download-a.akamaihd.net/files/media_bible/20/nwt_26_Eze_O_19.mp3"},{"Chapter":"Chapter 20","Url":"https://download-a.akamaihd.net/files/media_bible/96/nwt_26_Eze_O_20.mp3"},{"Chapter":"Chapter 21","Url":"https://download-a.akamaihd.net/files/media_bible/9a/nwt_26_Eze_O_21.mp3"},{"Chapter":"Chapter 22","Url":"https://download-a.akamaihd.net/files/media_bible/bf/nwt_26_Eze_O_22.mp3"},{"Chapter":"Chapter 23","Url":"https://download-a.akamaihd.net/files/media_bible/d3/nwt_26_Eze_O_23.mp3"},{"Chapter":"Chapter 24","Url":"https://download-a.akamaihd.net/files/media_bible/47/nwt_26_Eze_O_24.mp3"},{"Chapter":"Chapter 25","Url":"https://download-a.akamaihd.net/files/media_bible/97/nwt_26_Eze_O_25.mp3"},{"Chapter":"Chapter 26","Url":"https://download-a.akamaihd.net/files/media_bible/85/nwt_26_Eze_O_26.mp3"},{"Chapter":"Chapter 27","Url":"https://download-a.akamaihd.net/files/media_bible/d1/nwt_26_Eze_O_27.mp3"},{"Chapter":"Chapter 28","Url":"https://download-a.akamaihd.net/files/media_bible/d5/nwt_26_Eze_O_28.mp3"},{"Chapter":"Chapter 29","Url":"https://download-a.akamaihd.net/files/media_bible/46/nwt_26_Eze_O_29.mp3"},{"Chapter":"Chapter 30","Url":"https://download-a.akamaihd.net/files/media_bible/c5/nwt_26_Eze_O_30.mp3"},{"Chapter":"Chapter 31","Url":"https://download-a.akamaihd.net/files/media_bible/51/nwt_26_Eze_O_31.mp3"},{"Chapter":"Chapter 32","Url":"https://download-a.akamaihd.net/files/media_bible/7c/nwt_26_Eze_O_32.mp3"},{"Chapter":"Chapter 33","Url":"https://download-a.akamaihd.net/files/media_bible/9d/nwt_26_Eze_O_33.mp3"},{"Chapter":"Chapter 34","Url":"https://download-a.akamaihd.net/files/media_bible/27/nwt_26_Eze_O_34.mp3"},{"Chapter":"Chapter 35","Url":"https://download-a.akamaihd.net/files/media_bible/16/nwt_26_Eze_O_35.mp3"},{"Chapter":"Chapter 36","Url":"https://download-a.akamaihd.net/files/media_bible/08/nwt_26_Eze_O_36.mp3"},{"Chapter":"Chapter 37","Url":"https://download-a.akamaihd.net/files/media_bible/66/nwt_26_Eze_O_37.mp3"},{"Chapter":"Chapter 38","Url":"https://download-a.akamaihd.net/files/media_bible/5d/nwt_26_Eze_O_38.mp3"},{"Chapter":"Chapter 39","Url":"https://download-a.akamaihd.net/files/media_bible/45/nwt_26_Eze_O_39.mp3"},{"Chapter":"Chapter 40","Url":"https://download-a.akamaihd.net/files/media_bible/c5/nwt_26_Eze_O_40.mp3"},{"Chapter":"Chapter 41","Url":"https://download-a.akamaihd.net/files/media_bible/7c/nwt_26_Eze_O_41.mp3"},{"Chapter":"Chapter 42","Url":"https://download-a.akamaihd.net/files/media_bible/dd/nwt_26_Eze_O_42.mp3"},{"Chapter":"Chapter 43","Url":"https://download-a.akamaihd.net/files/media_bible/8c/nwt_26_Eze_O_43.mp3"},{"Chapter":"Chapter 44","Url":"https://download-a.akamaihd.net/files/media_bible/a3/nwt_26_Eze_O_44.mp3"},{"Chapter":"Chapter 45","Url":"https://download-a.akamaihd.net/files/media_bible/d7/nwt_26_Eze_O_45.mp3"},{"Chapter":"Chapter 46","Url":"https://download-a.akamaihd.net/files/media_bible/75/nwt_26_Eze_O_46.mp3"},{"Chapter":"Chapter 47","Url":"https://download-a.akamaihd.net/files/media_bible/7d/nwt_26_Eze_O_47.mp3"},{"Chapter":"Chapter 48","Url":"https://download-a.akamaihd.net/files/media_bible/ce/nwt_26_Eze_O_48.mp3"}]},{"BookNumber":27,"Name":"Daniel","TotalChapters":12,"Chapters":[{"Chapter":"Chapter 1","Url":"https://download-a.akamaihd.net/files/media_bible/65/nwt_27_Da_O_01.mp3"},{"Chapter":"Chapter 2","Url":"https://download-a.akamaihd.net/files/media_bible/1a/nwt_27_Da_O_02.mp3"},{"Chapter":"Chapter 3","Url":"https://download-a.akamaihd.net/files/media_bible/75/nwt_27_Da_O_03.mp3"},{"Chapter":"Chapter 4","Url":"https://download-a.akamaihd.net/files/media_bible/dc/nwt_27_Da_O_04.mp3"},{"Chapter":"Chapter 5","Url":"https://download-a.akamaihd.net/files/media_bible/06/nwt_27_Da_O_05.mp3"},{"Chapter":"Chapter 6","Url":"https://download-a.akamaihd.net/files/media_bible/8a/nwt_27_Da_O_06.mp3"},{"Chapter":"Chapter 7","Url":"https://download-a.akamaihd.net/files/media_bible/44/nwt_27_Da_O_07.mp3"},{"Chapter":"Chapter 8","Url":"https://download-a.akamaihd.net/files/media_bible/51/nwt_27_Da_O_08.mp3"},{"Chapter":"Chapter 9","Url":"https://download-a.akamaihd.net/files/media_bible/57/nwt_27_Da_O_09.mp3"},{"Chapter":"Chapter 10","Url":"https://download-a.akamaihd.net/files/media_bible/c9/nwt_27_Da_O_10.mp3"},{"Chapter":"Chapter 11","Url":"https://download-a.akamaihd.net/files/media_bible/11/nwt_27_Da_O_11.mp3"},{"Chapter":"Chapter 12","Url":"https://download-a.akamaihd.net/files/media_bible/36/nwt_27_Da_O_12.mp3"}]},{"BookNumber":28,"Name":"Hosea","TotalChapters":14,"Chapters":[{"Chapter":"Chapter 1","Url":"https://download-a.akamaihd.net/files/media_bible/12/nwt_28_Ho_O_01.mp3"},{"Chapter":"Chapter 2","Url":"https://download-a.akamaihd.net/files/media_bible/19/nwt_28_Ho_O_02.mp3"},{"Chapter":"Chapter 3","Url":"https://download-a.akamaihd.net/files/media_bible/d7/nwt_28_Ho_O_03.mp3"},{"Chapter":"Chapter 4","Url":"https://download-a.akamaihd.net/files/media_bible/6c/nwt_28_Ho_O_04.mp3"},{"Chapter":"Chapter 5","Url":"https://download-a.akamaihd.net/files/media_bible/0d/nwt_28_Ho_O_05.mp3"},{"Chapter":"Chapter 6","Url":"https://download-a.akamaihd.net/files/media_bible/ce/nwt_28_Ho_O_06.mp3"},{"Chapter":"Chapter 7","Url":"https://download-a.akamaihd.net/files/media_bible/ca/nwt_28_Ho_O_07.mp3"},{"Chapter":"Chapter 8","Url":"https://download-a.akamaihd.net/files/media_bible/01/nwt_28_Ho_O_08.mp3"},{"Chapter":"Chapter 9","Url":"https://download-a.akamaihd.net/files/media_bible/3a/nwt_28_Ho_O_09.mp3"},{"Chapter":"Chapter 10","Url":"https://download-a.akamaihd.net/files/media_bible/7d/nwt_28_Ho_O_10.mp3"},{"Chapter":"Chapter 11","Url":"https://download-a.akamaihd.net/files/media_bible/00/nwt_28_Ho_O_11.mp3"},{"Chapter":"Chapter 12","Url":"https://download-a.akamaihd.net/files/media_bible/11/nwt_28_Ho_O_12.mp3"},{"Chapter":"Chapter 13","Url":"https://download-a.akamaihd.net/files/media_bible/4f/nwt_28_Ho_O_13.mp3"},{"Chapter":"Chapter 14","Url":"https://download-a.akamaihd.net/files/media_bible/0b/nwt_28_Ho_O_14.mp3"}]},{"BookNumber":29,"Name":"Joel","TotalChapters":3,"Chapters":[{"Chapter":"Chapter 1","Url":"https://download-a.akamaihd.net/files/media_bible/c5/nwt_29_Joe_O_01.mp3"},{"Chapter":"Chapter 2","Url":"https://download-a.akamaihd.net/files/media_bible/b4/nwt_29_Joe_O_02.mp3"},{"Chapter":"Chapter 3","Url":"https://download-a.akamaihd.net/files/media_bible/90/nwt_29_Joe_O_03.mp3"}]},{"BookNumber":30,"Name":"Amos","TotalChapters":9,"Chapters":[{"Chapter":"Chapter 1","Url":"https://download-a.akamaihd.net/files/media_bible/84/nwt_30_Am_O_01.mp3"},{"Chapter":"Chapter 2","Url":"https://download-a.akamaihd.net/files/media_bible/83/nwt_30_Am_O_02.mp3"},{"Chapter":"Chapter 3","Url":"https://download-a.akamaihd.net/files/media_bible/fa/nwt_30_Am_O_03.mp3"},{"Chapter":"Chapter 4","Url":"https://download-a.akamaihd.net/files/media_bible/ba/nwt_30_Am_O_04.mp3"},{"Chapter":"Chapter 5","Url":"https://download-a.akamaihd.net/files/media_bible/c0/nwt_30_Am_O_05.mp3"},{"Chapter":"Chapter 6","Url":"https://download-a.akamaihd.net/files/media_bible/56/nwt_30_Am_O_06.mp3"},{"Chapter":"Chapter 7","Url":"https://download-a.akamaihd.net/files/media_bible/d8/nwt_30_Am_O_07.mp3"},{"Chapter":"Chapter 8","Url":"https://download-a.akamaihd.net/files/media_bible/51/nwt_30_Am_O_08.mp3"},{"Chapter":"Chapter 9","Url":"https://download-a.akamaihd.net/files/media_bible/23/nwt_30_Am_O_09.mp3"}]},{"BookNumber":31,"Name":"Obadiah","TotalChapters":1,"Chapters":[{"Chapter":"Chapter 1","Url":"https://download-a.akamaihd.net/files/media_bible/dd/nwt_31_Ob_O_01.mp3"}]},{"BookNumber":32,"Name":"Jonah","TotalChapters":4,"Chapters":[{"Chapter":"Chapter 1","Url":"https://download-a.akamaihd.net/files/media_bible/43/nwt_32_Jon_O_01.mp3"},{"Chapter":"Chapter 2","Url":"https://download-a.akamaihd.net/files/media_bible/7a/nwt_32_Jon_O_02.mp3"},{"Chapter":"Chapter 3","Url":"https://download-a.akamaihd.net/files/media_bible/d7/nwt_32_Jon_O_03.mp3"},{"Chapter":"Chapter 4","Url":"https://download-a.akamaihd.net/files/media_bible/5b/nwt_32_Jon_O_04.mp3"}]},{"BookNumber":33,"Name":"Micah","TotalChapters":7,"Chapters":[{"Chapter":"Chapter 1","Url":"https://download-a.akamaihd.net/files/media_bible/18/nwt_33_Mic_O_01.mp3"},{"Chapter":"Chapter 2","Url":"https://download-a.akamaihd.net/files/media_bible/f4/nwt_33_Mic_O_02.mp3"},{"Chapter":"Chapter 3","Url":"https://download-a.akamaihd.net/files/media_bible/8f/nwt_33_Mic_O_03.mp3"},{"Chapter":"Chapter 4","Url":"https://download-a.akamaihd.net/files/media_bible/fd/nwt_33_Mic_O_04.mp3"},{"Chapter":"Chapter 5","Url":"https://download-a.akamaihd.net/files/media_bible/2a/nwt_33_Mic_O_05.mp3"},{"Chapter":"Chapter 6","Url":"https://download-a.akamaihd.net/files/media_bible/b8/nwt_33_Mic_O_06.mp3"},{"Chapter":"Chapter 7","Url":"https://download-a.akamaihd.net/files/media_bible/e0/nwt_33_Mic_O_07.mp3"}]},{"BookNumber":34,"Name":"Nahum","TotalChapters":3,"Chapters":[{"Chapter":"Chapter 1","Url":"https://download-a.akamaihd.net/files/media_bible/db/nwt_34_Na_O_01.mp3"},{"Chapter":"Chapter 2","Url":"https://download-a.akamaihd.net/files/media_bible/2b/nwt_34_Na_O_02.mp3"},{"Chapter":"Chapter 3","Url":"https://download-a.akamaihd.net/files/media_bible/52/nwt_34_Na_O_03.mp3"}]},{"BookNumber":35,"Name":"Habakkuk","TotalChapters":3,"Chapters":[{"Chapter":"Chapter 1","Url":"https://download-a.akamaihd.net/files/media_bible/95/nwt_35_Hab_O_01.mp3"},{"Chapter":"Chapter 2","Url":"https://download-a.akamaihd.net/files/media_bible/89/nwt_35_Hab_O_02.mp3"},{"Chapter":"Chapter 3","Url":"https://download-a.akamaihd.net/files/media_bible/25/nwt_35_Hab_O_03.mp3"}]},{"BookNumber":36,"Name":"Zephaniah","TotalChapters":3,"Chapters":[{"Chapter":"Chapter 1","Url":"https://download-a.akamaihd.net/files/media_bible/57/nwt_36_Zep_O_01.mp3"},{"Chapter":"Chapter 2","Url":"https://download-a.akamaihd.net/files/media_bible/60/nwt_36_Zep_O_02.mp3"},{"Chapter":"Chapter 3","Url":"https://download-a.akamaihd.net/files/media_bible/63/nwt_36_Zep_O_03.mp3"}]},{"BookNumber":37,"Name":"Haggai","TotalChapters":2,"Chapters":[{"Chapter":"Chapter 1","Url":"https://download-a.akamaihd.net/files/media_bible/b9/nwt_37_Hag_O_01.mp3"},{"Chapter":"Chapter 2","Url":"https://download-a.akamaihd.net/files/media_bible/ab/nwt_37_Hag_O_02.mp3"}]},{"BookNumber":38,"Name":"Zechariah","TotalChapters":14,"Chapters":[{"Chapter":"Chapter 1","Url":"https://download-a.akamaihd.net/files/media_bible/f4/nwt_38_Zec_O_01.mp3"},{"Chapter":"Chapter 2","Url":"https://download-a.akamaihd.net/files/media_bible/eb/nwt_38_Zec_O_02.mp3"},{"Chapter":"Chapter 3","Url":"https://download-a.akamaihd.net/files/media_bible/a2/nwt_38_Zec_O_03.mp3"},{"Chapter":"Chapter 4","Url":"https://download-a.akamaihd.net/files/media_bible/a3/nwt_38_Zec_O_04.mp3"},{"Chapter":"Chapter 5","Url":"https://download-a.akamaihd.net/files/media_bible/68/nwt_38_Zec_O_05.mp3"},{"Chapter":"Chapter 6","Url":"https://download-a.akamaihd.net/files/media_bible/94/nwt_38_Zec_O_06.mp3"},{"Chapter":"Chapter 7","Url":"https://download-a.akamaihd.net/files/media_bible/9c/nwt_38_Zec_O_07.mp3"},{"Chapter":"Chapter 8","Url":"https://download-a.akamaihd.net/files/media_bible/e6/nwt_38_Zec_O_08.mp3"},{"Chapter":"Chapter 9","Url":"https://download-a.akamaihd.net/files/media_bible/8a/nwt_38_Zec_O_09.mp3"},{"Chapter":"Chapter 10","Url":"https://download-a.akamaihd.net/files/media_bible/e5/nwt_38_Zec_O_10.mp3"},{"Chapter":"Chapter 11","Url":"https://download-a.akamaihd.net/files/media_bible/03/nwt_38_Zec_O_11.mp3"},{"Chapter":"Chapter 12","Url":"https://download-a.akamaihd.net/files/media_bible/e4/nwt_38_Zec_O_12.mp3"},{"Chapter":"Chapter 13","Url":"https://download-a.akamaihd.net/files/media_bible/96/nwt_38_Zec_O_13.mp3"},{"Chapter":"Chapter 14","Url":"https://download-a.akamaihd.net/files/media_bible/b7/nwt_38_Zec_O_14.mp3"}]},{"BookNumber":39,"Name":"Malachi","TotalChapters":4,"Chapters":[{"Chapter":"Chapter 1","Url":"https://download-a.akamaihd.net/files/media_bible/60/nwt_39_Mal_O_01.mp3"},{"Chapter":"Chapter 2","Url":"https://download-a.akamaihd.net/files/media_bible/d4/nwt_39_Mal_O_02.mp3"},{"Chapter":"Chapter 3","Url":"https://download-a.akamaihd.net/files/media_bible/9f/nwt_39_Mal_O_03.mp3"},{"Chapter":"Chapter 4","Url":"https://download-a.akamaihd.net/files/media_bible/82/nwt_39_Mal_O_04.mp3"}]},{"BookNumber":40,"Name":"Matthew","TotalChapters":28,"Chapters":[{"Chapter":"Chapter 1","Url":"https://download-a.akamaihd.net/files/media_bible/30/nwt_40_Mt_O_01.mp3"},{"Chapter":"Chapter 2","Url":"https://download-a.akamaihd.net/files/media_bible/2c/nwt_40_Mt_O_02.mp3"},{"Chapter":"Chapter 3","Url":"https://download-a.akamaihd.net/files/media_bible/8b/nwt_40_Mt_O_03.mp3"},{"Chapter":"Chapter 4","Url":"https://download-a.akamaihd.net/files/media_bible/f7/nwt_40_Mt_O_04.mp3"},{"Chapter":"Chapter 5","Url":"https://download-a.akamaihd.net/files/media_bible/57/nwt_40_Mt_O_05.mp3"},{"Chapter":"Chapter 6","Url":"https://download-a.akamaihd.net/files/media_bible/5b/nwt_40_Mt_O_06.mp3"},{"Chapter":"Chapter 7","Url":"https://download-a.akamaihd.net/files/media_bible/58/nwt_40_Mt_O_07.mp3"},{"Chapter":"Chapter 8","Url":"https://download-a.akamaihd.net/files/media_bible/dc/nwt_40_Mt_O_08.mp3"},{"Chapter":"Chapter 9","Url":"https://download-a.akamaihd.net/files/media_bible/8f/nwt_40_Mt_O_09.mp3"},{"Chapter":"Chapter 10","Url":"https://download-a.akamaihd.net/files/media_bible/30/nwt_40_Mt_O_10.mp3"},{"Chapter":"Chapter 11","Url":"https://download-a.akamaihd.net/files/media_bible/11/nwt_40_Mt_O_11.mp3"},{"Chapter":"Chapter 12","Url":"https://download-a.akamaihd.net/files/media_bible/55/nwt_40_Mt_O_12.mp3"},{"Chapter":"Chapter 13","Url":"https://download-a.akamaihd.net/files/media_bible/24/nwt_40_Mt_O_13.mp3"},{"Chapter":"Chapter 14","Url":"https://download-a.akamaihd.net/files/media_bible/01/nwt_40_Mt_O_14.mp3"},{"Chapter":"Chapter 15","Url":"https://download-a.akamaihd.net/files/media_bible/cd/nwt_40_Mt_O_15.mp3"},{"Chapter":"Chapter 16","Url":"https://download-a.akamaihd.net/files/media_bible/68/nwt_40_Mt_O_16.mp3"},{"Chapter":"Chapter 17","Url":"https://download-a.akamaihd.net/files/media_bible/30/nwt_40_Mt_O_17.mp3"},{"Chapter":"Chapter 18","Url":"https://download-a.akamaihd.net/files/media_bible/9f/nwt_40_Mt_O_18.mp3"},{"Chapter":"Chapter 19","Url":"https://download-a.akamaihd.net/files/media_bible/0a/nwt_40_Mt_O_19.mp3"},{"Chapter":"Chapter 20","Url":"https://download-a.akamaihd.net/files/media_bible/fd/nwt_40_Mt_O_20.mp3"},{"Chapter":"Chapter 21","Url":"https://download-a.akamaihd.net/files/media_bible/e7/nwt_40_Mt_O_21.mp3"},{"Chapter":"Chapter 22","Url":"https://download-a.akamaihd.net/files/media_bible/f5/nwt_40_Mt_O_22.mp3"},{"Chapter":"Chapter 23","Url":"https://download-a.akamaihd.net/files/media_bible/ef/nwt_40_Mt_O_23.mp3"},{"Chapter":"Chapter 24","Url":"https://download-a.akamaihd.net/files/media_bible/90/nwt_40_Mt_O_24.mp3"},{"Chapter":"Chapter 25","Url":"https://download-a.akamaihd.net/files/media_bible/d6/nwt_40_Mt_O_25.mp3"},{"Chapter":"Chapter 26","Url":"https://download-a.akamaihd.net/files/media_bible/be/nwt_40_Mt_O_26.mp3"},{"Chapter":"Chapter 27","Url":"https://download-a.akamaihd.net/files/media_bible/72/nwt_40_Mt_O_27.mp3"},{"Chapter":"Chapter 28","Url":"https://download-a.akamaihd.net/files/media_bible/e5/nwt_40_Mt_O_28.mp3"}]},{"BookNumber":41,"Name":"Mark","TotalChapters":16,"Chapters":[{"Chapter":"Chapter 1","Url":"https://download-a.akamaihd.net/files/media_bible/0e/nwt_41_Mr_O_01.mp3"},{"Chapter":"Chapter 2","Url":"https://download-a.akamaihd.net/files/media_bible/31/nwt_41_Mr_O_02.mp3"},{"Chapter":"Chapter 3","Url":"https://download-a.akamaihd.net/files/media_bible/f5/nwt_41_Mr_O_03.mp3"},{"Chapter":"Chapter 4","Url":"https://download-a.akamaihd.net/files/media_bible/c8/nwt_41_Mr_O_04.mp3"},{"Chapter":"Chapter 5","Url":"https://download-a.akamaihd.net/files/media_bible/77/nwt_41_Mr_O_05.mp3"},{"Chapter":"Chapter 6","Url":"https://download-a.akamaihd.net/files/media_bible/91/nwt_41_Mr_O_06.mp3"},{"Chapter":"Chapter 7","Url":"https://download-a.akamaihd.net/files/media_bible/33/nwt_41_Mr_O_07.mp3"},{"Chapter":"Chapter 8","Url":"https://download-a.akamaihd.net/files/media_bible/39/nwt_41_Mr_O_08.mp3"},{"Chapter":"Chapter 9","Url":"https://download-a.akamaihd.net/files/media_bible/85/nwt_41_Mr_O_09.mp3"},{"Chapter":"Chapter 10","Url":"https://download-a.akamaihd.net/files/media_bible/3c/nwt_41_Mr_O_10.mp3"},{"Chapter":"Chapter 11","Url":"https://download-a.akamaihd.net/files/media_bible/cb/nwt_41_Mr_O_11.mp3"},{"Chapter":"Chapter 12","Url":"https://download-a.akamaihd.net/files/media_bible/5d/nwt_41_Mr_O_12.mp3"},{"Chapter":"Chapter 13","Url":"https://download-a.akamaihd.net/files/media_bible/f6/nwt_41_Mr_O_13.mp3"},{"Chapter":"Chapter 14","Url":"https://download-a.akamaihd.net/files/media_bible/cf/nwt_41_Mr_O_14.mp3"},{"Chapter":"Chapter 15","Url":"https://download-a.akamaihd.net/files/media_bible/86/nwt_41_Mr_O_15.mp3"},{"Chapter":"Chapter 16","Url":"https://download-a.akamaihd.net/files/media_bible/9b/nwt_41_Mr_O_16.mp3"}]},{"BookNumber":42,"Name":"Luke","TotalChapters":24,"Chapters":[{"Chapter":"Chapter 1","Url":"https://download-a.akamaihd.net/files/media_bible/57/nwt_42_Lu_O_01.mp3"},{"Chapter":"Chapter 2","Url":"https://download-a.akamaihd.net/files/media_bible/9e/nwt_42_Lu_O_02.mp3"},{"Chapter":"Chapter 3","Url":"https://download-a.akamaihd.net/files/media_bible/dc/nwt_42_Lu_O_03.mp3"},{"Chapter":"Chapter 4","Url":"https://download-a.akamaihd.net/files/media_bible/71/nwt_42_Lu_O_04.mp3"},{"Chapter":"Chapter 5","Url":"https://download-a.akamaihd.net/files/media_bible/ea/nwt_42_Lu_O_05.mp3"},{"Chapter":"Chapter 6","Url":"https://download-a.akamaihd.net/files/media_bible/c6/nwt_42_Lu_O_06.mp3"},{"Chapter":"Chapter 7","Url":"https://download-a.akamaihd.net/files/media_bible/3f/nwt_42_Lu_O_07.mp3"},{"Chapter":"Chapter 8","Url":"https://download-a.akamaihd.net/files/media_bible/13/nwt_42_Lu_O_08.mp3"},{"Chapter":"Chapter 9","Url":"https://download-a.akamaihd.net/files/media_bible/52/nwt_42_Lu_O_09.mp3"},{"Chapter":"Chapter 10","Url":"https://download-a.akamaihd.net/files/media_bible/ad/nwt_42_Lu_O_10.mp3"},{"Chapter":"Chapter 11","Url":"https://download-a.akamaihd.net/files/media_bible/24/nwt_42_Lu_O_11.mp3"},{"Chapter":"Chapter 12","Url":"https://download-a.akamaihd.net/files/media_bible/81/nwt_42_Lu_O_12.mp3"},{"Chapter":"Chapter 13","Url":"https://download-a.akamaihd.net/files/media_bible/a7/nwt_42_Lu_O_13.mp3"},{"Chapter":"Chapter 14","Url":"https://download-a.akamaihd.net/files/media_bible/3d/nwt_42_Lu_O_14.mp3"},{"Chapter":"Chapter 15","Url":"https://download-a.akamaihd.net/files/media_bible/9b/nwt_42_Lu_O_15.mp3"},{"Chapter":"Chapter 16","Url":"https://download-a.akamaihd.net/files/media_bible/ae/nwt_42_Lu_O_16.mp3"},{"Chapter":"Chapter 17","Url":"https://download-a.akamaihd.net/files/media_bible/ec/nwt_42_Lu_O_17.mp3"},{"Chapter":"Chapter 18","Url":"https://download-a.akamaihd.net/files/media_bible/8d/nwt_42_Lu_O_18.mp3"},{"Chapter":"Chapter 19","Url":"https://download-a.akamaihd.net/files/media_bible/72/nwt_42_Lu_O_19.mp3"},{"Chapter":"Chapter 20","Url":"https://download-a.akamaihd.net/files/media_bible/18/nwt_42_Lu_O_20.mp3"},{"Chapter":"Chapter 21","Url":"https://download-a.akamaihd.net/files/media_bible/bb/nwt_42_Lu_O_21.mp3"},{"Chapter":"Chapter 22","Url":"https://download-a.akamaihd.net/files/media_bible/68/nwt_42_Lu_O_22.mp3"},{"Chapter":"Chapter 23","Url":"https://download-a.akamaihd.net/files/media_bible/b6/nwt_42_Lu_O_23.mp3"},{"Chapter":"Chapter 24","Url":"https://download-a.akamaihd.net/files/media_bible/bb/nwt_42_Lu_O_24.mp3"}]},{"BookNumber":43,"Name":"John","TotalChapters":21,"Chapters":[{"Chapter":"Chapter 1","Url":"https://download-a.akamaihd.net/files/media_bible/a7/nwt_43_Joh_O_01.mp3"},{"Chapter":"Chapter 2","Url":"https://download-a.akamaihd.net/files/media_bible/9f/nwt_43_Joh_O_02.mp3"},{"Chapter":"Chapter 3","Url":"https://download-a.akamaihd.net/files/media_bible/9d/nwt_43_Joh_O_03.mp3"},{"Chapter":"Chapter 4","Url":"https://download-a.akamaihd.net/files/media_bible/83/nwt_43_Joh_O_04.mp3"},{"Chapter":"Chapter 5","Url":"https://download-a.akamaihd.net/files/media_bible/5d/nwt_43_Joh_O_05.mp3"},{"Chapter":"Chapter 6","Url":"https://download-a.akamaihd.net/files/media_bible/3b/nwt_43_Joh_O_06.mp3"},{"Chapter":"Chapter 7","Url":"https://download-a.akamaihd.net/files/media_bible/a3/nwt_43_Joh_O_07.mp3"},{"Chapter":"Chapter 8","Url":"https://download-a.akamaihd.net/files/media_bible/3c/nwt_43_Joh_O_08.mp3"},{"Chapter":"Chapter 9","Url":"https://download-a.akamaihd.net/files/media_bible/2d/nwt_43_Joh_O_09.mp3"},{"Chapter":"Chapter 10","Url":"https://download-a.akamaihd.net/files/media_bible/39/nwt_43_Joh_O_10.mp3"},{"Chapter":"Chapter 11","Url":"https://download-a.akamaihd.net/files/media_bible/2e/nwt_43_Joh_O_11.mp3"},{"Chapter":"Chapter 12","Url":"https://download-a.akamaihd.net/files/media_bible/98/nwt_43_Joh_O_12.mp3"},{"Chapter":"Chapter 13","Url":"https://download-a.akamaihd.net/files/media_bible/87/nwt_43_Joh_O_13.mp3"},{"Chapter":"Chapter 14","Url":"https://download-a.akamaihd.net/files/media_bible/05/nwt_43_Joh_O_14.mp3"},{"Chapter":"Chapter 15","Url":"https://download-a.akamaihd.net/files/media_bible/87/nwt_43_Joh_O_15.mp3"},{"Chapter":"Chapter 16","Url":"https://download-a.akamaihd.net/files/media_bible/51/nwt_43_Joh_O_16.mp3"},{"Chapter":"Chapter 17","Url":"https://download-a.akamaihd.net/files/media_bible/87/nwt_43_Joh_O_17.mp3"},{"Chapter":"Chapter 18","Url":"https://download-a.akamaihd.net/files/media_bible/82/nwt_43_Joh_O_18.mp3"},{"Chapter":"Chapter 19","Url":"https://download-a.akamaihd.net/files/media_bible/96/nwt_43_Joh_O_19.mp3"},{"Chapter":"Chapter 20","Url":"https://download-a.akamaihd.net/files/media_bible/83/nwt_43_Joh_O_20.mp3"},{"Chapter":"Chapter 21","Url":"https://download-a.akamaihd.net/files/media_bible/6a/nwt_43_Joh_O_21.mp3"}]},{"BookNumber":44,"Name":"Acts","TotalChapters":28,"Chapters":[{"Chapter":"Chapter 1","Url":"https://download-a.akamaihd.net/files/media_bible/00/nwt_44_Ac_O_01.mp3"},{"Chapter":"Chapter 2","Url":"https://download-a.akamaihd.net/files/media_bible/94/nwt_44_Ac_O_02.mp3"},{"Chapter":"Chapter 3","Url":"https://download-a.akamaihd.net/files/media_bible/cb/nwt_44_Ac_O_03.mp3"},{"Chapter":"Chapter 4","Url":"https://download-a.akamaihd.net/files/media_bible/23/nwt_44_Ac_O_04.mp3"},{"Chapter":"Chapter 5","Url":"https://download-a.akamaihd.net/files/media_bible/ce/nwt_44_Ac_O_05.mp3"},{"Chapter":"Chapter 6","Url":"https://download-a.akamaihd.net/files/media_bible/7b/nwt_44_Ac_O_06.mp3"},{"Chapter":"Chapter 7","Url":"https://download-a.akamaihd.net/files/media_bible/f8/nwt_44_Ac_O_07.mp3"},{"Chapter":"Chapter 8","Url":"https://download-a.akamaihd.net/files/media_bible/ab/nwt_44_Ac_O_08.mp3"},{"Chapter":"Chapter 9","Url":"https://download-a.akamaihd.net/files/media_bible/f0/nwt_44_Ac_O_09.mp3"},{"Chapter":"Chapter 10","Url":"https://download-a.akamaihd.net/files/media_bible/61/nwt_44_Ac_O_10.mp3"},{"Chapter":"Chapter 11","Url":"https://download-a.akamaihd.net/files/media_bible/a8/nwt_44_Ac_O_11.mp3"},{"Chapter":"Chapter 12","Url":"https://download-a.akamaihd.net/files/media_bible/c2/nwt_44_Ac_O_12.mp3"},{"Chapter":"Chapter 13","Url":"https://download-a.akamaihd.net/files/media_bible/a1/nwt_44_Ac_O_13.mp3"},{"Chapter":"Chapter 14","Url":"https://download-a.akamaihd.net/files/media_bible/37/nwt_44_Ac_O_14.mp3"},{"Chapter":"Chapter 15","Url":"https://download-a.akamaihd.net/files/media_bible/d6/nwt_44_Ac_O_15.mp3"},{"Chapter":"Chapter 16","Url":"https://download-a.akamaihd.net/files/media_bible/74/nwt_44_Ac_O_16.mp3"},{"Chapter":"Chapter 17","Url":"https://download-a.akamaihd.net/files/media_bible/26/nwt_44_Ac_O_17.mp3"},{"Chapter":"Chapter 18","Url":"https://download-a.akamaihd.net/files/media_bible/f1/nwt_44_Ac_O_18.mp3"},{"Chapter":"Chapter 19","Url":"https://download-a.akamaihd.net/files/media_bible/87/nwt_44_Ac_O_19.mp3"},{"Chapter":"Chapter 20","Url":"https://download-a.akamaihd.net/files/media_bible/a0/nwt_44_Ac_O_20.mp3"},{"Chapter":"Chapter 21","Url":"https://download-a.akamaihd.net/files/media_bible/fb/nwt_44_Ac_O_21.mp3"},{"Chapter":"Chapter 22","Url":"https://download-a.akamaihd.net/files/media_bible/5f/nwt_44_Ac_O_22.mp3"},{"Chapter":"Chapter 23","Url":"https://download-a.akamaihd.net/files/media_bible/c7/nwt_44_Ac_O_23.mp3"},{"Chapter":"Chapter 24","Url":"https://download-a.akamaihd.net/files/media_bible/e3/nwt_44_Ac_O_24.mp3"},{"Chapter":"Chapter 25","Url":"https://download-a.akamaihd.net/files/media_bible/1d/nwt_44_Ac_O_25.mp3"},{"Chapter":"Chapter 26","Url":"https://download-a.akamaihd.net/files/media_bible/2e/nwt_44_Ac_O_26.mp3"},{"Chapter":"Chapter 27","Url":"https://download-a.akamaihd.net/files/media_bible/d1/nwt_44_Ac_O_27.mp3"},{"Chapter":"Chapter 28","Url":"https://download-a.akamaihd.net/files/media_bible/a2/nwt_44_Ac_O_28.mp3"}]},{"BookNumber":45,"Name":"Romans","TotalChapters":16,"Chapters":[{"Chapter":"Chapter 1","Url":"https://download-a.akamaihd.net/files/media_bible/0f/nwt_45_Ro_O_01.mp3"},{"Chapter":"Chapter 2","Url":"https://download-a.akamaihd.net/files/media_bible/c6/nwt_45_Ro_O_02.mp3"},{"Chapter":"Chapter 3","Url":"https://download-a.akamaihd.net/files/media_bible/5f/nwt_45_Ro_O_03.mp3"},{"Chapter":"Chapter 4","Url":"https://download-a.akamaihd.net/files/media_bible/0a/nwt_45_Ro_O_04.mp3"},{"Chapter":"Chapter 5","Url":"https://download-a.akamaihd.net/files/media_bible/6d/nwt_45_Ro_O_05.mp3"},{"Chapter":"Chapter 6","Url":"https://download-a.akamaihd.net/files/media_bible/22/nwt_45_Ro_O_06.mp3"},{"Chapter":"Chapter 7","Url":"https://download-a.akamaihd.net/files/media_bible/06/nwt_45_Ro_O_07.mp3"},{"Chapter":"Chapter 8","Url":"https://download-a.akamaihd.net/files/media_bible/d1/nwt_45_Ro_O_08.mp3"},{"Chapter":"Chapter 9","Url":"https://download-a.akamaihd.net/files/media_bible/dc/nwt_45_Ro_O_09.mp3"},{"Chapter":"Chapter 10","Url":"https://download-a.akamaihd.net/files/media_bible/76/nwt_45_Ro_O_10.mp3"},{"Chapter":"Chapter 11","Url":"https://download-a.akamaihd.net/files/media_bible/ff/nwt_45_Ro_O_11.mp3"},{"Chapter":"Chapter 12","Url":"https://download-a.akamaihd.net/files/media_bible/95/nwt_45_Ro_O_12.mp3"},{"Chapter":"Chapter 13","Url":"https://download-a.akamaihd.net/files/media_bible/0f/nwt_45_Ro_O_13.mp3"},{"Chapter":"Chapter 14","Url":"https://download-a.akamaihd.net/files/media_bible/f4/nwt_45_Ro_O_14.mp3"},{"Chapter":"Chapter 15","Url":"https://download-a.akamaihd.net/files/media_bible/9c/nwt_45_Ro_O_15.mp3"},{"Chapter":"Chapter 16","Url":"https://download-a.akamaihd.net/files/media_bible/97/nwt_45_Ro_O_16.mp3"}]},{"BookNumber":59,"Name":"James","TotalChapters":5,"Chapters":[{"Chapter":"Chapter 1","Url":"https://download-a.akamaihd.net/files/media_bible/a3/nwt_59_Jas_O_01.mp3"},{"Chapter":"Chapter 2","Url":"https://download-a.akamaihd.net/files/media_bible/be/nwt_59_Jas_O_02.mp3"},{"Chapter":"Chapter 3","Url":"https://download-a.akamaihd.net/files/media_bible/3b/nwt_59_Jas_O_03.mp3"},{"Chapter":"Chapter 4","Url":"https://download-a.akamaihd.net/files/media_bible/6a/nwt_59_Jas_O_04.mp3"},{"Chapter":"Chapter 5","Url":"https://download-a.akamaihd.net/files/media_bible/c0/nwt_59_Jas_O_05.mp3"}]},{"BookNumber":65,"Name":"Jude","TotalChapters":1,"Chapters":[{"Chapter":"Chapter 1","Url":"https://download-a.akamaihd.net/files/media_bible/9c/nwt_65_Jude_O_01.mp3"}]}]