{"Title":"Sing to Jehovah—Vocal Renditions, Disc 2","Tracks":[{"Title":"074-V Jehova nam daje radost","Url":"https://download-a.akamaihd.net/files/media_music/51/iasnv2_C_001.mp3"},{"Title":"095-V “Kušajte i vidite da je dobar Jehova”","Url":"https://download-a.akamaihd.net/files/media_music/9b/iasnv2_C_002.mp3"},{"Title":"069-V Nauči nas putevima svojim!","Url":"https://download-a.akamaihd.net/files/media_music/dd/iasnv2_C_003.mp3"},{"Title":"130-V Život — čudesan Božji dar","Url":"https://download-a.akamaihd.net/files/media_music/4d/iasnv2_C_004.mp3"},{"Title":"060-V Bog će nas ojačati","Url":"https://download-a.akamaihd.net/files/media_music/df/iasnv2_C_005.mp3"},{"Title":"107-V Dođite na Jehovinu goru!","Url":"https://download-a.akamaihd.net/files/media_music/bf/iasnv2_C_006.mp3"},{"Title":"088-V Djeca su dragocjen dar od Boga","Url":"https://download-a.akamaihd.net/files/media_music/0a/iasnv2_C_007.mp3"},{"Title":"081-V “Daj nam više vjere!”","Url":"https://download-a.akamaihd.net/files/media_music/43/iasnv2_C_008.mp3"},{"Title":"058-V Predanje Bogu u molitvi","Url":"https://download-a.akamaihd.net/files/media_music/0d/iasnv2_C_009.mp3"},{"Title":"108-V Hvalite Jehovu i njegovog Kralja!","Url":"https://download-a.akamaihd.net/files/media_music/fa/iasnv2_C_010.mp3"},{"Title":"116-V Svjetlost sve jače svijetli","Url":"https://download-a.akamaihd.net/files/media_music/83/iasnv2_C_011.mp3"},{"Title":"123-V Pastiri — dar od Boga","Url":"https://download-a.akamaihd.net/files/media_music/aa/iasnv2_C_012.mp3"},{"Title":"124-V Budimo gostoljubivi","Url":"https://download-a.akamaihd.net/files/media_music/4e/iasnv2_C_013.mp3"},{"Title":"061-V Kakav bih trebao biti?","Url":"https://download-a.akamaihd.net/files/media_music/b7/iasnv2_C_014.mp3"},{"Title":"064-V Nek te istina vodi u svemu!","Url":"https://download-a.akamaihd.net/files/media_music/9a/iasnv2_C_015.mp3"},{"Title":"008-V Gospodinova večera","Url":"https://download-a.akamaihd.net/files/media_music/6c/iasnv2_C_016.mp3"},{"Title":"068-V Molitva za pomoć u nevolji","Url":"https://download-a.akamaihd.net/files/media_music/ac/iasnv2_C_017.mp3"},{"Title":"057-V Razmišljanje srca mojega","Url":"https://download-a.akamaihd.net/files/media_music/2c/iasnv2_C_018.mp3"},{"Title":"085-V Jehova nagrađuje svoje sluge","Url":"https://download-a.akamaihd.net/files/media_music/6e/iasnv2_C_019.mp3"}]}