{"Title":"Sing to Jehovah—Vocal Renditions, Disc 4","Tracks":[{"Title":"102-V 齊唱王國之歌！","Url":"https://download-a.akamaihd.net/files/media_music/3e/iasnv4_CHC_01.mp3"},{"Title":"007-V 基督徒的獻身","Url":"https://download-a.akamaihd.net/files/media_music/92/iasnv4_CHC_02.mp3"},{"Title":"066-V 全心全意事奉耶和華","Url":"https://download-a.akamaihd.net/files/media_music/4f/iasnv4_CHC_03.mp3"},{"Title":"003-V “上帝就是愛”","Url":"https://download-a.akamaihd.net/files/media_music/1b/iasnv4_CHC_04.mp3"},{"Title":"119-V 來吧！你必享安舒","Url":"https://download-a.akamaihd.net/files/media_music/25/iasnv4_CHC_05.mp3"},{"Title":"027-V 擁護耶和華","Url":"https://download-a.akamaihd.net/files/media_music/e6/iasnv4_CHC_06.mp3"},{"Title":"132-V 勝利之歌","Url":"https://download-a.akamaihd.net/files/media_music/28/iasnv4_CHC_07.mp3"},{"Title":"012-V 上帝應許的永生","Url":"https://download-a.akamaihd.net/files/media_music/58/iasnv4_CHC_08.mp3"},{"Title":"004-V 在上帝面前建立美名","Url":"https://download-a.akamaihd.net/files/media_music/7a/iasnv4_CHC_09.mp3"},{"Title":"059-V 我們獻了身給上帝！","Url":"https://download-a.akamaihd.net/files/media_music/49/iasnv4_CHC_10.mp3"},{"Title":"022-V “耶和華是我的牧者”","Url":"https://download-a.akamaihd.net/files/media_music/b7/iasnv4_CHC_11.mp3"},{"Title":"073-V 從心裏熱切地相愛","Url":"https://download-a.akamaihd.net/files/media_music/db/iasnv4_CHC_12.mp3"},{"Title":"097-V 王國傳道員, 勇往向前！","Url":"https://download-a.akamaihd.net/files/media_music/eb/iasnv4_CHC_13.mp3"},{"Title":"029-V 行事忠義","Url":"https://download-a.akamaihd.net/files/media_music/80/iasnv4_CHC_14.mp3"},{"Title":"070-V “看清哪些事更為重要”","Url":"https://download-a.akamaihd.net/files/media_music/23/iasnv4_CHC_15.mp3"},{"Title":"006-V 上帝僕人的禱告","Url":"https://download-a.akamaihd.net/files/media_music/de/iasnv4_CHC_16.mp3"},{"Title":"086-V 忠信的婦女基督徒姊妹","Url":"https://download-a.akamaihd.net/files/media_music/7e/iasnv4_CHC_17.mp3"},{"Title":"131-V 耶和華是救人脱險的上帝","Url":"https://download-a.akamaihd.net/files/media_music/fa/iasnv4_CHC_18.mp3"}]}