{"Title":"Sing to Jehovah—Vocal Renditions, Disc 4","Tracks":[{"Title":"007-S Kristen indvielse","Url":"https://download-a.akamaihd.net/files/media_music/52/iasnv4_D_02.mp3"},{"Title":"003-S „Gud er kærlighed“","Url":"https://download-a.akamaihd.net/files/media_music/39/iasnv4_D_04.mp3"},{"Title":"119-S Kom og bliv opmuntret!","Url":"https://download-a.akamaihd.net/files/media_music/e4/iasnv4_D_05.mp3"},{"Title":"132-S En sejrssang","Url":"https://download-a.akamaihd.net/files/media_music/77/iasnv4_D_07.mp3"}]}