[{"Key":"AL","Value":"Albanian"},{"Key":"B","Value":"Czech"},{"Key":"D","Value":"Danish"},{"Key":"O","Value":"Dutch"},{"Key":"E","Value":"English"},{"Key":"ST","Value":"Estonian"},{"Key":"EG","Value":"Gun"},{"Key":"IN","Value":"Indonesian"},{"Key":"I","Value":"Italian"},{"Key":"KO","Value":"Korean"},{"Key":"N","Value":"Norwegian"},{"Key":"T","Value":"Portuguese"},{"Key":"QUN","Value":"Quechua (Ancash)"},{"Key":"QUA","Value":"Quechua (Ayacucho)"},{"Key":"SW","Value":"Swahili"},{"Key":"Z","Value":"Swedish"},{"Key":"TAT","Value":"Tatar"},{"Key":"K","Value":"Ukrainian"},{"Key":"REA","Value":"Armenian"},{"Key":"AP","Value":"Aymara"},{"Key":"CHS","Value":"Chinese Mandarin (Simplified)"},{"Key":"CH","Value":"Chinese Mandarin (Traditional)"},{"Key":"FI","Value":"Finnish"},{"Key":"F","Value":"French"},{"Key":"X","Value":"German"},{"Key":"G","Value":"Greek"},{"Key":"H","Value":"Hungarian"},{"Key":"J","Value":"Japanese"},{"Key":"MG","Value":"Malagasy"},{"Key":"MAY","Value":"Maya"},{"Key":"P","Value":"Polish"},{"Key":"TPO","Value":"Portuguese (Portugal)"},{"Key":"QU","Value":"Quechua (Cuzco)"},{"Key":"U","Value":"Russian"},{"Key":"SN","Value":"Sinhala"},{"Key":"S","Value":"Spanish"},{"Key":"TG","Value":"Tagalog"}]