[{"BookNumber":19,"Name":"Psalm 1","TotalChapters":150,"Chapters":[{"Chapter":"Chapter 1","Url":"https://download-a.akamaihd.net/files/media_bible/75/19_Ps_B_001.mp3"},{"Chapter":"Chapter 2","Url":"https://download-a.akamaihd.net/files/media_bible/af/19_Ps_B_002.mp3"},{"Chapter":"Chapter 3","Url":"https://download-a.akamaihd.net/files/media_bible/2b/19_Ps_B_003.mp3"},{"Chapter":"Chapter 4","Url":"https://download-a.akamaihd.net/files/media_bible/38/19_Ps_B_004.mp3"},{"Chapter":"Chapter 5","Url":"https://download-a.akamaihd.net/files/media_bible/16/19_Ps_B_005.mp3"},{"Chapter":"Chapter 6","Url":"https://download-a.akamaihd.net/files/media_bible/38/19_Ps_B_006.mp3"},{"Chapter":"Chapter 7","Url":"https://download-a.akamaihd.net/files/media_bible/d1/19_Ps_B_007.mp3"},{"Chapter":"Chapter 8","Url":"https://download-a.akamaihd.net/files/media_bible/54/19_Ps_B_008.mp3"},{"Chapter":"Chapter 9","Url":"https://download-a.akamaihd.net/files/media_bible/ee/19_Ps_B_009.mp3"},{"Chapter":"Chapter 10","Url":"https://download-a.akamaihd.net/files/media_bible/02/19_Ps_B_010.mp3"},{"Chapter":"Chapter 11","Url":"https://download-a.akamaihd.net/files/media_bible/b4/19_Ps_B_011.mp3"},{"Chapter":"Chapter 12","Url":"https://download-a.akamaihd.net/files/media_bible/86/19_Ps_B_012.mp3"},{"Chapter":"Chapter 13","Url":"https://download-a.akamaihd.net/files/media_bible/26/19_Ps_B_013.mp3"},{"Chapter":"Chapter 14","Url":"https://download-a.akamaihd.net/files/media_bible/03/19_Ps_B_014.mp3"},{"Chapter":"Chapter 15","Url":"https://download-a.akamaihd.net/files/media_bible/ce/19_Ps_B_015.mp3"},{"Chapter":"Chapter 16","Url":"https://download-a.akamaihd.net/files/media_bible/25/19_Ps_B_016.mp3"},{"Chapter":"Chapter 17","Url":"https://download-a.akamaihd.net/files/media_bible/48/19_Ps_B_017.mp3"},{"Chapter":"Chapter 18","Url":"https://download-a.akamaihd.net/files/media_bible/25/19_Ps_B_018.mp3"},{"Chapter":"Chapter 19","Url":"https://download-a.akamaihd.net/files/media_bible/ea/19_Ps_B_019.mp3"},{"Chapter":"Chapter 20","Url":"https://download-a.akamaihd.net/files/media_bible/59/19_Ps_B_020.mp3"},{"Chapter":"Chapter 21","Url":"https://download-a.akamaihd.net/files/media_bible/12/19_Ps_B_021.mp3"},{"Chapter":"Chapter 22","Url":"https://download-a.akamaihd.net/files/media_bible/8e/19_Ps_B_022.mp3"},{"Chapter":"Chapter 23","Url":"https://download-a.akamaihd.net/files/media_bible/42/19_Ps_B_023.mp3"},{"Chapter":"Chapter 24","Url":"https://download-a.akamaihd.net/files/media_bible/34/19_Ps_B_024.mp3"},{"Chapter":"Chapter 25","Url":"https://download-a.akamaihd.net/files/media_bible/7a/19_Ps_B_025.mp3"},{"Chapter":"Chapter 26","Url":"https://download-a.akamaihd.net/files/media_bible/1a/19_Ps_B_026.mp3"},{"Chapter":"Chapter 27","Url":"https://download-a.akamaihd.net/files/media_bible/d6/19_Ps_B_027.mp3"},{"Chapter":"Chapter 28","Url":"https://download-a.akamaihd.net/files/media_bible/28/19_Ps_B_028.mp3"},{"Chapter":"Chapter 29","Url":"https://download-a.akamaihd.net/files/media_bible/96/19_Ps_B_029.mp3"},{"Chapter":"Chapter 30","Url":"https://download-a.akamaihd.net/files/media_bible/6f/19_Ps_B_030.mp3"},{"Chapter":"Chapter 31","Url":"https://download-a.akamaihd.net/files/media_bible/9a/19_Ps_B_031.mp3"},{"Chapter":"Chapter 32","Url":"https://download-a.akamaihd.net/files/media_bible/b9/19_Ps_B_032.mp3"},{"Chapter":"Chapter 33","Url":"https://download-a.akamaihd.net/files/media_bible/42/19_Ps_B_033.mp3"},{"Chapter":"Chapter 34","Url":"https://download-a.akamaihd.net/files/media_bible/17/19_Ps_B_034.mp3"},{"Chapter":"Chapter 35","Url":"https://download-a.akamaihd.net/files/media_bible/33/19_Ps_B_035.mp3"},{"Chapter":"Chapter 36","Url":"https://download-a.akamaihd.net/files/media_bible/25/19_Ps_B_036.mp3"},{"Chapter":"Chapter 37","Url":"https://download-a.akamaihd.net/files/media_bible/9e/19_Ps_B_037.mp3"},{"Chapter":"Chapter 38","Url":"https://download-a.akamaihd.net/files/media_bible/bc/19_Ps_B_038.mp3"},{"Chapter":"Chapter 39","Url":"https://download-a.akamaihd.net/files/media_bible/51/19_Ps_B_039.mp3"},{"Chapter":"Chapter 40","Url":"https://download-a.akamaihd.net/files/media_bible/6b/19_Ps_B_040.mp3"},{"Chapter":"Chapter 41","Url":"https://download-a.akamaihd.net/files/media_bible/5d/19_Ps_B_041.mp3"},{"Chapter":"Chapter 42","Url":"https://download-a.akamaihd.net/files/media_bible/f4/19_Ps_B_042.mp3"},{"Chapter":"Chapter 43","Url":"https://download-a.akamaihd.net/files/media_bible/46/19_Ps_B_043.mp3"},{"Chapter":"Chapter 44","Url":"https://download-a.akamaihd.net/files/media_bible/a1/19_Ps_B_044.mp3"},{"Chapter":"Chapter 45","Url":"https://download-a.akamaihd.net/files/media_bible/1c/19_Ps_B_045.mp3"},{"Chapter":"Chapter 46","Url":"https://download-a.akamaihd.net/files/media_bible/26/19_Ps_B_046.mp3"},{"Chapter":"Chapter 47","Url":"https://download-a.akamaihd.net/files/media_bible/29/19_Ps_B_047.mp3"},{"Chapter":"Chapter 48","Url":"https://download-a.akamaihd.net/files/media_bible/7f/19_Ps_B_048.mp3"},{"Chapter":"Chapter 49","Url":"https://download-a.akamaihd.net/files/media_bible/b3/19_Ps_B_049.mp3"},{"Chapter":"Chapter 50","Url":"https://download-a.akamaihd.net/files/media_bible/70/19_Ps_B_050.mp3"},{"Chapter":"Chapter 51","Url":"https://download-a.akamaihd.net/files/media_bible/43/19_Ps_B_051.mp3"},{"Chapter":"Chapter 52","Url":"https://download-a.akamaihd.net/files/media_bible/de/19_Ps_B_052.mp3"},{"Chapter":"Chapter 53","Url":"https://download-a.akamaihd.net/files/media_bible/fb/19_Ps_B_053.mp3"},{"Chapter":"Chapter 54","Url":"https://download-a.akamaihd.net/files/media_bible/d1/19_Ps_B_054.mp3"},{"Chapter":"Chapter 55","Url":"https://download-a.akamaihd.net/files/media_bible/8a/19_Ps_B_055.mp3"},{"Chapter":"Chapter 56","Url":"https://download-a.akamaihd.net/files/media_bible/cc/19_Ps_B_056.mp3"},{"Chapter":"Chapter 57","Url":"https://download-a.akamaihd.net/files/media_bible/a6/19_Ps_B_057.mp3"},{"Chapter":"Chapter 58","Url":"https://download-a.akamaihd.net/files/media_bible/e3/19_Ps_B_058.mp3"},{"Chapter":"Chapter 59","Url":"https://download-a.akamaihd.net/files/media_bible/f7/19_Ps_B_059.mp3"},{"Chapter":"Chapter 60","Url":"https://download-a.akamaihd.net/files/media_bible/c5/19_Ps_B_060.mp3"},{"Chapter":"Chapter 61","Url":"https://download-a.akamaihd.net/files/media_bible/fc/19_Ps_B_061.mp3"},{"Chapter":"Chapter 62","Url":"https://download-a.akamaihd.net/files/media_bible/8b/19_Ps_B_062.mp3"},{"Chapter":"Chapter 63","Url":"https://download-a.akamaihd.net/files/media_bible/94/19_Ps_B_063.mp3"},{"Chapter":"Chapter 64","Url":"https://download-a.akamaihd.net/files/media_bible/4b/19_Ps_B_064.mp3"},{"Chapter":"Chapter 65","Url":"https://download-a.akamaihd.net/files/media_bible/b6/19_Ps_B_065.mp3"},{"Chapter":"Chapter 66","Url":"https://download-a.akamaihd.net/files/media_bible/27/19_Ps_B_066.mp3"},{"Chapter":"Chapter 67","Url":"https://download-a.akamaihd.net/files/media_bible/5a/19_Ps_B_067.mp3"},{"Chapter":"Chapter 68","Url":"https://download-a.akamaihd.net/files/media_bible/62/19_Ps_B_068.mp3"},{"Chapter":"Chapter 69","Url":"https://download-a.akamaihd.net/files/media_bible/0e/19_Ps_B_069.mp3"},{"Chapter":"Chapter 70","Url":"https://download-a.akamaihd.net/files/media_bible/ea/19_Ps_B_070.mp3"},{"Chapter":"Chapter 71","Url":"https://download-a.akamaihd.net/files/media_bible/20/19_Ps_B_071.mp3"},{"Chapter":"Chapter 72","Url":"https://download-a.akamaihd.net/files/media_bible/2f/19_Ps_B_072.mp3"},{"Chapter":"Chapter 73","Url":"https://download-a.akamaihd.net/files/media_bible/ce/19_Ps_B_073.mp3"},{"Chapter":"Chapter 74","Url":"https://download-a.akamaihd.net/files/media_bible/26/19_Ps_B_074.mp3"},{"Chapter":"Chapter 75","Url":"https://download-a.akamaihd.net/files/media_bible/2b/19_Ps_B_075.mp3"},{"Chapter":"Chapter 76","Url":"https://download-a.akamaihd.net/files/media_bible/f2/19_Ps_B_076.mp3"},{"Chapter":"Chapter 77","Url":"https://download-a.akamaihd.net/files/media_bible/0d/19_Ps_B_077.mp3"},{"Chapter":"Chapter 78","Url":"https://download-a.akamaihd.net/files/media_bible/b6/19_Ps_B_078.mp3"},{"Chapter":"Chapter 79","Url":"https://download-a.akamaihd.net/files/media_bible/26/19_Ps_B_079.mp3"},{"Chapter":"Chapter 80","Url":"https://download-a.akamaihd.net/files/media_bible/91/19_Ps_B_080.mp3"},{"Chapter":"Chapter 81","Url":"https://download-a.akamaihd.net/files/media_bible/78/19_Ps_B_081.mp3"},{"Chapter":"Chapter 82","Url":"https://download-a.akamaihd.net/files/media_bible/92/19_Ps_B_082.mp3"},{"Chapter":"Chapter 83","Url":"https://download-a.akamaihd.net/files/media_bible/53/19_Ps_B_083.mp3"},{"Chapter":"Chapter 84","Url":"https://download-a.akamaihd.net/files/media_bible/94/19_Ps_B_084.mp3"},{"Chapter":"Chapter 85","Url":"https://download-a.akamaihd.net/files/media_bible/c6/19_Ps_B_085.mp3"},{"Chapter":"Chapter 86","Url":"https://download-a.akamaihd.net/files/media_bible/92/19_Ps_B_086.mp3"},{"Chapter":"Chapter 87","Url":"https://download-a.akamaihd.net/files/media_bible/6c/19_Ps_B_087.mp3"},{"Chapter":"Chapter 88","Url":"https://download-a.akamaihd.net/files/media_bible/d4/19_Ps_B_088.mp3"},{"Chapter":"Chapter 89","Url":"https://download-a.akamaihd.net/files/media_bible/31/19_Ps_B_089.mp3"},{"Chapter":"Chapter 90","Url":"https://download-a.akamaihd.net/files/media_bible/e9/19_Ps_B_090.mp3"},{"Chapter":"Chapter 91","Url":"https://download-a.akamaihd.net/files/media_bible/3c/19_Ps_B_091.mp3"},{"Chapter":"Chapter 92","Url":"https://download-a.akamaihd.net/files/media_bible/84/19_Ps_B_092.mp3"},{"Chapter":"Chapter 93","Url":"https://download-a.akamaihd.net/files/media_bible/b2/19_Ps_B_093.mp3"},{"Chapter":"Chapter 94","Url":"https://download-a.akamaihd.net/files/media_bible/02/19_Ps_B_094.mp3"},{"Chapter":"Chapter 95","Url":"https://download-a.akamaihd.net/files/media_bible/69/19_Ps_B_095.mp3"},{"Chapter":"Chapter 96","Url":"https://download-a.akamaihd.net/files/media_bible/d0/19_Ps_B_096.mp3"},{"Chapter":"Chapter 97","Url":"https://download-a.akamaihd.net/files/media_bible/c5/19_Ps_B_097.mp3"},{"Chapter":"Chapter 98","Url":"https://download-a.akamaihd.net/files/media_bible/0b/19_Ps_B_098.mp3"},{"Chapter":"Chapter 99","Url":"https://download-a.akamaihd.net/files/media_bible/43/19_Ps_B_099.mp3"},{"Chapter":"Chapter 100","Url":"https://download-a.akamaihd.net/files/media_bible/9c/19_Ps_B_100.mp3"},{"Chapter":"Chapter 101","Url":"https://download-a.akamaihd.net/files/media_bible/67/19_Ps_B_101.mp3"},{"Chapter":"Chapter 102","Url":"https://download-a.akamaihd.net/files/media_bible/e8/19_Ps_B_102.mp3"},{"Chapter":"Chapter 103","Url":"https://download-a.akamaihd.net/files/media_bible/7b/19_Ps_B_103.mp3"},{"Chapter":"Chapter 104","Url":"https://download-a.akamaihd.net/files/media_bible/24/19_Ps_B_104.mp3"},{"Chapter":"Chapter 105","Url":"https://download-a.akamaihd.net/files/media_bible/5a/19_Ps_B_105.mp3"},{"Chapter":"Chapter 106","Url":"https://download-a.akamaihd.net/files/media_bible/18/19_Ps_B_106.mp3"},{"Chapter":"Chapter 107","Url":"https://download-a.akamaihd.net/files/media_bible/da/19_Ps_B_107.mp3"},{"Chapter":"Chapter 108","Url":"https://download-a.akamaihd.net/files/media_bible/72/19_Ps_B_108.mp3"},{"Chapter":"Chapter 109","Url":"https://download-a.akamaihd.net/files/media_bible/16/19_Ps_B_109.mp3"},{"Chapter":"Chapter 110","Url":"https://download-a.akamaihd.net/files/media_bible/05/19_Ps_B_110.mp3"},{"Chapter":"Chapter 111","Url":"https://download-a.akamaihd.net/files/media_bible/d7/19_Ps_B_111.mp3"},{"Chapter":"Chapter 112","Url":"https://download-a.akamaihd.net/files/media_bible/27/19_Ps_B_112.mp3"},{"Chapter":"Chapter 113","Url":"https://download-a.akamaihd.net/files/media_bible/13/19_Ps_B_113.mp3"},{"Chapter":"Chapter 114","Url":"https://download-a.akamaihd.net/files/media_bible/f9/19_Ps_B_114.mp3"},{"Chapter":"Chapter 115","Url":"https://download-a.akamaihd.net/files/media_bible/5d/19_Ps_B_115.mp3"},{"Chapter":"Chapter 116","Url":"https://download-a.akamaihd.net/files/media_bible/6c/19_Ps_B_116.mp3"},{"Chapter":"Chapter 117","Url":"https://download-a.akamaihd.net/files/media_bible/d6/19_Ps_B_117.mp3"},{"Chapter":"Chapter 118","Url":"https://download-a.akamaihd.net/files/media_bible/91/19_Ps_B_118.mp3"},{"Chapter":"Chapter 119","Url":"https://download-a.akamaihd.net/files/media_bible/42/19_Ps_B_119.mp3"},{"Chapter":"Chapter 120","Url":"https://download-a.akamaihd.net/files/media_bible/12/19_Ps_B_120.mp3"},{"Chapter":"Chapter 121","Url":"https://download-a.akamaihd.net/files/media_bible/01/19_Ps_B_121.mp3"},{"Chapter":"Chapter 122","Url":"https://download-a.akamaihd.net/files/media_bible/f9/19_Ps_B_122.mp3"},{"Chapter":"Chapter 123","Url":"https://download-a.akamaihd.net/files/media_bible/d2/19_Ps_B_123.mp3"},{"Chapter":"Chapter 124","Url":"https://download-a.akamaihd.net/files/media_bible/27/19_Ps_B_124.mp3"},{"Chapter":"Chapter 125","Url":"https://download-a.akamaihd.net/files/media_bible/fa/19_Ps_B_125.mp3"},{"Chapter":"Chapter 126","Url":"https://download-a.akamaihd.net/files/media_bible/ed/19_Ps_B_126.mp3"},{"Chapter":"Chapter 127","Url":"https://download-a.akamaihd.net/files/media_bible/38/19_Ps_B_127.mp3"},{"Chapter":"Chapter 128","Url":"https://download-a.akamaihd.net/files/media_bible/14/19_Ps_B_128.mp3"},{"Chapter":"Chapter 129","Url":"https://download-a.akamaihd.net/files/media_bible/e1/19_Ps_B_129.mp3"},{"Chapter":"Chapter 130","Url":"https://download-a.akamaihd.net/files/media_bible/cd/19_Ps_B_130.mp3"},{"Chapter":"Chapter 131","Url":"https://download-a.akamaihd.net/files/media_bible/b2/19_Ps_B_131.mp3"},{"Chapter":"Chapter 132","Url":"https://download-a.akamaihd.net/files/media_bible/bc/19_Ps_B_132.mp3"},{"Chapter":"Chapter 133","Url":"https://download-a.akamaihd.net/files/media_bible/ba/19_Ps_B_133.mp3"},{"Chapter":"Chapter 134","Url":"https://download-a.akamaihd.net/files/media_bible/c6/19_Ps_B_134.mp3"},{"Chapter":"Chapter 135","Url":"https://download-a.akamaihd.net/files/media_bible/62/19_Ps_B_135.mp3"},{"Chapter":"Chapter 136","Url":"https://download-a.akamaihd.net/files/media_bible/2a/19_Ps_B_136.mp3"},{"Chapter":"Chapter 137","Url":"https://download-a.akamaihd.net/files/media_bible/8b/19_Ps_B_137.mp3"},{"Chapter":"Chapter 138","Url":"https://download-a.akamaihd.net/files/media_bible/22/19_Ps_B_138.mp3"},{"Chapter":"Chapter 139","Url":"https://download-a.akamaihd.net/files/media_bible/62/19_Ps_B_139.mp3"},{"Chapter":"Chapter 140","Url":"https://download-a.akamaihd.net/files/media_bible/cf/19_Ps_B_140.mp3"},{"Chapter":"Chapter 141","Url":"https://download-a.akamaihd.net/files/media_bible/b0/19_Ps_B_141.mp3"},{"Chapter":"Chapter 142","Url":"https://download-a.akamaihd.net/files/media_bible/bb/19_Ps_B_142.mp3"},{"Chapter":"Chapter 143","Url":"https://download-a.akamaihd.net/files/media_bible/af/19_Ps_B_143.mp3"},{"Chapter":"Chapter 144","Url":"https://download-a.akamaihd.net/files/media_bible/d9/19_Ps_B_144.mp3"},{"Chapter":"Chapter 145","Url":"https://download-a.akamaihd.net/files/media_bible/75/19_Ps_B_145.mp3"},{"Chapter":"Chapter 146","Url":"https://download-a.akamaihd.net/files/media_bible/2d/19_Ps_B_146.mp3"},{"Chapter":"Chapter 147","Url":"https://download-a.akamaihd.net/files/media_bible/ff/19_Ps_B_147.mp3"},{"Chapter":"Chapter 148","Url":"https://download-a.akamaihd.net/files/media_bible/70/19_Ps_B_148.mp3"},{"Chapter":"Chapter 149","Url":"https://download-a.akamaihd.net/files/media_bible/91/19_Ps_B_149.mp3"},{"Chapter":"Chapter 150","Url":"https://download-a.akamaihd.net/files/media_bible/cb/19_Ps_B_150.mp3"}]},{"BookNumber":38,"Name":"Zechariah","TotalChapters":14,"Chapters":[{"Chapter":"Chapter 1","Url":"https://download-a.akamaihd.net/files/media_bible/d5/38_Zec_B_01.mp3"},{"Chapter":"Chapter 2","Url":"https://download-a.akamaihd.net/files/media_bible/06/38_Zec_B_02.mp3"},{"Chapter":"Chapter 3","Url":"https://download-a.akamaihd.net/files/media_bible/be/38_Zec_B_03.mp3"},{"Chapter":"Chapter 4","Url":"https://download-a.akamaihd.net/files/media_bible/9c/38_Zec_B_04.mp3"},{"Chapter":"Chapter 5","Url":"https://download-a.akamaihd.net/files/media_bible/0b/38_Zec_B_05.mp3"},{"Chapter":"Chapter 6","Url":"https://download-a.akamaihd.net/files/media_bible/6c/38_Zec_B_06.mp3"},{"Chapter":"Chapter 7","Url":"https://download-a.akamaihd.net/files/media_bible/6f/38_Zec_B_07.mp3"},{"Chapter":"Chapter 8","Url":"https://download-a.akamaihd.net/files/media_bible/2e/38_Zec_B_08.mp3"},{"Chapter":"Chapter 9","Url":"https://download-a.akamaihd.net/files/media_bible/1e/38_Zec_B_09.mp3"},{"Chapter":"Chapter 10","Url":"https://download-a.akamaihd.net/files/media_bible/f1/38_Zec_B_10.mp3"},{"Chapter":"Chapter 11","Url":"https://download-a.akamaihd.net/files/media_bible/0b/38_Zec_B_11.mp3"},{"Chapter":"Chapter 12","Url":"https://download-a.akamaihd.net/files/media_bible/b6/38_Zec_B_12.mp3"},{"Chapter":"Chapter 13","Url":"https://download-a.akamaihd.net/files/media_bible/36/38_Zec_B_13.mp3"},{"Chapter":"Chapter 14","Url":"https://download-a.akamaihd.net/files/media_bible/cb/38_Zec_B_14.mp3"}]},{"BookNumber":39,"Name":"Malachi","TotalChapters":4,"Chapters":[{"Chapter":"Chapter 1","Url":"https://download-a.akamaihd.net/files/media_bible/e7/39_Mal_B_01.mp3"},{"Chapter":"Chapter 2","Url":"https://download-a.akamaihd.net/files/media_bible/11/39_Mal_B_02.mp3"},{"Chapter":"Chapter 3","Url":"https://download-a.akamaihd.net/files/media_bible/23/39_Mal_B_03.mp3"},{"Chapter":"Chapter 4","Url":"https://download-a.akamaihd.net/files/media_bible/bc/39_Mal_B_04.mp3"}]},{"BookNumber":50,"Name":"Philippians","TotalChapters":4,"Chapters":[{"Chapter":"Chapter 1","Url":"https://download-a.akamaihd.net/files/media_bible/be/50_Php_B_01.mp3"},{"Chapter":"Chapter 2","Url":"https://download-a.akamaihd.net/files/media_bible/c3/50_Php_B_02.mp3"},{"Chapter":"Chapter 3","Url":"https://download-a.akamaihd.net/files/media_bible/ca/50_Php_B_03.mp3"},{"Chapter":"Chapter 4","Url":"https://download-a.akamaihd.net/files/media_bible/71/50_Php_B_04.mp3"}]}]