{"Title":"Sing to Jehovah—Vocal Renditions, Disc 6","Tracks":[{"Title":"030-W Jehowa zaczął panować","Url":"https://download-a.akamaihd.net/files/media_music/3c/iasnv6_P_01.mp3"},{"Title":"121-W Zachęcajmy się nawzajem","Url":"https://download-a.akamaihd.net/files/media_music/b7/iasnv6_P_02.mp3"},{"Title":"033-W ‛Nie bójcie się ich’!","Url":"https://download-a.akamaihd.net/files/media_music/5c/iasnv6_P_03.mp3"},{"Title":"025-W Naśladujmy miłość Chrystusa","Url":"https://download-a.akamaihd.net/files/media_music/89/iasnv6_P_04.mp3"},{"Title":"042-W Pomagajmy słabym","Url":"https://download-a.akamaihd.net/files/media_music/fb/iasnv6_P_05.mp3"},{"Title":"032-W Bądź niezłomny, niewzruszony!","Url":"https://download-a.akamaihd.net/files/media_music/1a/iasnv6_P_06.mp3"},{"Title":"071-W Duch święty — dar od Boga","Url":"https://download-a.akamaihd.net/files/media_music/fb/iasnv6_P_07.mp3"},{"Title":"093-W „Niech wasze światło świeci”","Url":"https://download-a.akamaihd.net/files/media_music/b3/iasnv6_P_08.mp3"},{"Title":"105-W Niebiosa oznajmiają chwałę Boga","Url":"https://download-a.akamaihd.net/files/media_music/05/iasnv6_P_09.mp3"},{"Title":"072-W Pielęgnujmy zbożną miłość","Url":"https://download-a.akamaihd.net/files/media_music/0a/iasnv6_P_10.mp3"},{"Title":"026-W Chodź z Bogiem!","Url":"https://download-a.akamaihd.net/files/media_music/37/iasnv6_P_11.mp3"},{"Title":"129-W Trzymajmy się mocno naszej nadziei","Url":"https://download-a.akamaihd.net/files/media_music/21/iasnv6_P_12.mp3"},{"Title":"038-W Zrzuć swe brzemię na Jehowę","Url":"https://download-a.akamaihd.net/files/media_music/77/iasnv6_P_13.mp3"},{"Title":"135-W Trwajmy aż do końca","Url":"https://download-a.akamaihd.net/files/media_music/4d/iasnv6_P_14.mp3"},{"Title":"044-W Radosny udział w żniwie","Url":"https://download-a.akamaihd.net/files/media_music/a5/iasnv6_P_15.mp3"},{"Title":"080-W Pielęgnujmy dobroć","Url":"https://download-a.akamaihd.net/files/media_music/d7/iasnv6_P_16.mp3"},{"Title":"037-W Pismo Święte — natchnione przez Boga","Url":"https://download-a.akamaihd.net/files/media_music/75/iasnv6_P_17.mp3"},{"Title":"049-W Jehowa naszym schronieniem","Url":"https://download-a.akamaihd.net/files/media_music/60/iasnv6_P_18.mp3"},{"Title":"020-W Błogosław naszym zebraniom","Url":"https://download-a.akamaihd.net/files/media_music/01/iasnv6_P_19.mp3"},{"Title":"034-W Żyjmy zgodnie z naszym imieniem","Url":"https://download-a.akamaihd.net/files/media_music/94/iasnv6_P_20.mp3"},{"Title":"001-W Przymioty Jehowy","Url":"https://download-a.akamaihd.net/files/media_music/9a/iasnv6_P_21.mp3"}]}