{"Title":"Sing to Jehovah—Vocal Renditions, Disc 3","Tracks":[{"Title":"046-V Jehovah is onze Koning!","Url":"https://download-a.akamaihd.net/files/media_music/da/iasnv3_O_001.mp3"},{"Title":"103-V Van huis tot huis","Url":"https://download-a.akamaihd.net/files/media_music/d1/iasnv3_O_002.mp3"},{"Title":"077-V Wees vergevensgezind","Url":"https://download-a.akamaihd.net/files/media_music/30/iasnv3_O_003.mp3"},{"Title":"062-V Aan wie behoren wij toe?","Url":"https://download-a.akamaihd.net/files/media_music/18/iasnv3_O_004.mp3"},{"Title":"014-V God maakt alles nieuw","Url":"https://download-a.akamaihd.net/files/media_music/2c/iasnv3_O_005.mp3"},{"Title":"114-V Gods eigen Boek is een ware schat","Url":"https://download-a.akamaihd.net/files/media_music/50/iasnv3_O_006.mp3"},{"Title":"120-V Luister en doe wat God zegt","Url":"https://download-a.akamaihd.net/files/media_music/e0/iasnv3_O_007.mp3"},{"Title":"096-V Zoek degenen die het waard zijn","Url":"https://download-a.akamaihd.net/files/media_music/87/iasnv3_O_008.mp3"},{"Title":"054-V Heb een krachtig geloof","Url":"https://download-a.akamaihd.net/files/media_music/28/iasnv3_O_009.mp3"},{"Title":"083-V De noodzaak van zelfbeheersing","Url":"https://download-a.akamaihd.net/files/media_music/bc/iasnv3_O_010.mp3"},{"Title":"126-V Ons liefdewerk","Url":"https://download-a.akamaihd.net/files/media_music/c8/iasnv3_O_011.mp3"},{"Title":"125-V Onderwerp je loyaal aan theocratisch gezag","Url":"https://download-a.akamaihd.net/files/media_music/f7/iasnv3_O_012.mp3"},{"Title":"040-V Blijf eerst het Koninkrijk zoeken","Url":"https://download-a.akamaihd.net/files/media_music/eb/iasnv3_O_013.mp3"},{"Title":"019-V Gods paradijsbelofte","Url":"https://download-a.akamaihd.net/files/media_music/18/iasnv3_O_014.mp3"},{"Title":"056-V Hoor mijn gebed","Url":"https://download-a.akamaihd.net/files/media_music/72/iasnv3_O_015.mp3"},{"Title":"127-V Een plaats voor uw naam","Url":"https://download-a.akamaihd.net/files/media_music/d3/iasnv3_O_016.mp3"},{"Title":"106-V Vriendschap met Jehovah","Url":"https://download-a.akamaihd.net/files/media_music/e8/iasnv3_O_017.mp3"},{"Title":"133-V Zoek God voor bevrijding","Url":"https://download-a.akamaihd.net/files/media_music/eb/iasnv3_O_018.mp3"}]}