{"Title":"Sing to Jehovah—Vocal Renditions, Disc 1","Tracks":[{"Title":"065-M “Nzila ki Yona Ye”","Url":"https://download-a.akamaihd.net/files/media_music/34/iasnv1_SK_001.mp3"},{"Title":"063-M Ku Sepahala Nako Kaufela","Url":"https://download-a.akamaihd.net/files/media_music/ef/iasnv1_SK_002.mp3"},{"Title":"111-M U ka Biza","Url":"https://download-a.akamaihd.net/files/media_music/a3/iasnv1_SK_003.mp3"},{"Title":"110-M Misebezi ya Mulimu ye Komokisa","Url":"https://download-a.akamaihd.net/files/media_music/a4/iasnv1_SK_004.mp3"},{"Title":"075-M Mabaka ha lu li ba ba Tabile","Url":"https://download-a.akamaihd.net/files/media_music/0d/iasnv1_SK_005.mp3"},{"Title":"087-M Cwale lu Nama I Liñwi","Url":"https://download-a.akamaihd.net/files/media_music/0e/iasnv1_SK_006.mp3"},{"Title":"036-M “Sa Kopanyize Mulimu”","Url":"https://download-a.akamaihd.net/files/media_music/b9/iasnv1_SK_007.mp3"},{"Title":"045-M Mu Zwelepili!","Url":"https://download-a.akamaihd.net/files/media_music/18/iasnv1_SK_008.mp3"},{"Title":"098-M Ku Cala Peu ya Mubuso","Url":"https://download-a.akamaihd.net/files/media_music/69/iasnv1_SK_009.mp3"},{"Title":"084-M “Na Lata”","Url":"https://download-a.akamaihd.net/files/media_music/cc/iasnv1_SK_010.mp3"},{"Title":"092-M ‘Mu Kutaze Linzwi’","Url":"https://download-a.akamaihd.net/files/media_music/0a/iasnv1_SK_011.mp3"},{"Title":"109-M Ha mu Lumbe Mweli wa Jehova!","Url":"https://download-a.akamaihd.net/files/media_music/e8/iasnv1_SK_012.mp3"},{"Title":"089-M Kupo ye Nde ya Jehova: “Mwanaka U Talife”","Url":"https://download-a.akamaihd.net/files/media_music/df/iasnv1_SK_013.mp3"},{"Title":"101-M Ku Zibahaza Niti ka za Mubuso","Url":"https://download-a.akamaihd.net/files/media_music/35/iasnv1_SK_014.mp3"},{"Title":"091-M Ndate, Mulimu wa ka, ni Mulikanaa Ka","Url":"https://download-a.akamaihd.net/files/media_music/3d/iasnv1_SK_015.mp3"},{"Title":"090-M Ku Kutekeha Kwa ba Milili ye li Pululu","Url":"https://download-a.akamaihd.net/files/media_music/bc/iasnv1_SK_016.mp3"},{"Title":"134-M Mu Ipone Kuli mu Mwa Lifasi le Linca","Url":"https://download-a.akamaihd.net/files/media_music/f3/iasnv1_SK_017.mp3"}]}